ticker,request_InsCode,request_ISIN,current_raw_instrumentID,current_raw_cIsin,request_ISIN_equals_instrumentID,request_ISIN_equals_cIsin,historical_probe_count,candidate_historical_InsCode,evidence_status,histories_concatenated,ins_code_zero_used_as_predecessor
بالبر,62952165421099192,IRO1KALZ0001,IRO1KALZ0001,IRO1KALZ0002,true,false,4,,UNRESOLVED,False,False
بترانس,46752599569017089,IRO1TRNS0001,IRO1TRNS0001,IRO1TRNS0001,true,true,4,,UNRESOLVED,False,False
بموتو,22086876724551482,IRO1MOTJ0001,IRO1MOTJ0001,IRO1MOTJ0006,true,false,4,,UNRESOLVED,False,False
بکاب,70219663893822560,IRO1JOSH0001,IRO1JOSH0001,IRO1JOSH0004,true,false,4,,UNRESOLVED,False,False
بکام,22382156782768756,IRO1KGND0001,IRO1KGND0001,IRO1KGND0000,true,false,4,,UNRESOLVED,False,False
تپمپی,43062880954780884,IRO1PIRN0001,IRO1PIRN0001,IRO1PIRN0007,true,false,4,,UNRESOLVED,False,False
تکمبا,30719054967088301,IRO1COMB0001,IRO1COMB0001,IRO1COMB0003,true,false,4,,UNRESOLVED,False,False
ثشرق,6043384171800349,IRO1PMSZ0001,IRO1PMSZ0001,IRO1PMSZ0006,true,false,2,,UNRESOLVED,False,False
ثنوسا,32845891587040106,IRO1NSTH0001,IRO1NSTH0001,IRO1NSTH0003,true,false,4,,UNRESOLVED,False,False
جم,32357363984168442,IRO1PJMZ0001,IRO1PJMZ0001,IRO1PJMZ0007,true,false,2,,UNRESOLVED,False,False
حپترو,16369313804633525,IRO1HJPT0001,IRO1HJPT0001,IRO1HJPT0002,true,false,4,,UNRESOLVED,False,False
حکشتی,60610861509165508,IRO1KSHJ0001,IRO1KSHJ0001,IRO1KSHJ0008,true,false,4,,UNRESOLVED,False,False
خاذین,42075223783409640,IRO1AZIN0001,IRO1AZIN0001,IRO1AZIN0004,true,false,4,,UNRESOLVED,False,False
خبهمن,26824673819862694,IRO1BHMN0001,IRO1BHMN0001,IRO1BHMN0009,true,false,4,,UNRESOLVED,False,False
ختوقا,70289374539527245,IRO1GHAT0001,IRO1GHAT0001,IRO1GHAT0002,true,false,4,,UNRESOLVED,False,False
خرینگ,45895339414786358,IRO1RINM0001,IRO1RINM0001,IRO1RINM0000,true,false,4,,UNRESOLVED,False,False
خمحور,7457232989848872,IRO1TMKH0001,IRO1TMKH0001,IRO1TMKH0002,true,false,4,,UNRESOLVED,False,False
خمهر,17330546482145553,IRO1MHKM0001,IRO1MHKM0001,IRO1MHKM0009,true,false,4,,UNRESOLVED,False,False
خنصیر,17834623106317041,IRO1MNSR0001,IRO1MNSR0001,IRO1MNSR0008,true,false,4,,UNRESOLVED,False,False
خوساز,31879190587976736,IRO1MESI0001,IRO1MESI0001,IRO1MESI0000,true,false,4,,UNRESOLVED,False,False
خچرخش,33783140337377394,IRO1CHAR0001,IRO1CHAR0001,IRO1CHAR0008,true,false,4,,UNRESOLVED,False,False
خکمک,19257295292088310,IRO1INDM0001,IRO1INDM0001,IRO1INDM0006,true,false,4,,UNRESOLVED,False,False
ددام,66450490505950110,IRO1DAML0001,IRO1DAML0001,IRO1DAML0006,true,false,4,,UNRESOLVED,False,False
دروز,40262275031537922,IRO1ROZD0001,IRO1ROZD0001,IRO1ROZD0009,true,false,4,,UNRESOLVED,False,False
دسبحا,43622578471330344,IRO1DSOB0001,IRO1DSOB0001,IRO1DSOB0006,true,false,4,,UNRESOLVED,False,False
دسینا,11432067920374603,IRO1DSIN0001,IRO1DSIN0001,IRO1DSIN0000,true,false,4,,UNRESOLVED,False,False
دشیمی,33603212156438463,IRO1DDPK0001,IRO1DDPK0001,IRO1DDPK0001,true,true,4,,UNRESOLVED,False,False
دیران,69090868458637360,IRO1IRDR0001,IRO1IRDR0001,IRO1IRDR0007,true,false,4,,UNRESOLVED,False,False
رانفور,40505767672724777,IRO1INFO0001,IRO1INFO0001,IRO1INFO0002,true,false,4,,UNRESOLVED,False,False
رمپنا,67126881188552864,IRO1MAPN0001,IRO1MAPN0001,IRO1MAPN0000,true,false,4,,UNRESOLVED,False,False
زمگسا,5054819322815158,IRO1MAGS0001,IRO1MAGS0001,IRO1MAGS0006,true,false,4,,UNRESOLVED,False,False
زپارس,33420285433308219,IRO1ZPRS0001,IRO1ZPRS0001,IRO1ZPRS0001,true,true,0,,UNRESOLVED,False,False
ساراب,4563413583000719,IRO1SDAB0001,IRO1SDAB0001,IRO1SDAB0002,true,false,4,,UNRESOLVED,False,False
ساربیل,34890845654517313,IRO1SADB0001,IRO1SADB0001,IRO1SADB0002,true,false,4,,UNRESOLVED,False,False
ساروم,15949743338644220,IRO1SURO0001,IRO1SURO0001,IRO1SURO0007,true,false,4,,UNRESOLVED,False,False
سبجنو,66295665969375744,IRO1SBOJ0001,IRO1SBOJ0001,IRO1SBOJ0000,true,false,4,,UNRESOLVED,False,False
سبهان,32525655729432562,IRO1SBHN0001,IRO1SBHN0001,IRO1SBHN0003,true,false,4,,UNRESOLVED,False,False
ستران,30829203706095076,IRO1STEH0001,IRO1STEH0001,IRO1STEH0004,true,false,4,,UNRESOLVED,False,False
سخاش,4470657233334072,IRO1SKHS0001,IRO1SKHS0001,IRO1SKHS0007,true,false,4,,UNRESOLVED,False,False
سخزر,67327029014085707,IRO1SKAZ0001,IRO1SKAZ0001,IRO1SKAZ0005,true,false,4,,UNRESOLVED,False,False
سخوز,41974758296041288,IRO1KHOC0001,IRO1KHOC0001,IRO1KHOC0009,true,false,2,,UNRESOLVED,False,False
سدشت,27000326841257664,IRO1SDST0001,IRO1SDST0001,IRO1SDST0002,true,false,4,,UNRESOLVED,False,False
سدور,27218386411183410,IRO1SDOR0001,IRO1SDOR0001,IRO1SDOR0008,true,false,4,,UNRESOLVED,False,False
سرود,11964419322927535,IRO1SROD0001,IRO1SROD0001,IRO1SROD0008,true,false,4,,UNRESOLVED,False,False
سصفها,10568944722570445,IRO1SEFH0001,IRO1SEFH0001,IRO1SEFH0000,true,false,4,,UNRESOLVED,False,False
سغرب,52220424531578944,IRO1SGRB0001,IRO1SGRB0001,IRO1SGRB0000,true,false,4,,UNRESOLVED,False,False
سقاین,60654872678917533,IRO1SGEN0001,IRO1SGEN0001,IRO1SGEN0001,true,true,4,,UNRESOLVED,False,False
سمازن,33808206014018431,IRO1SMAZ0001,IRO1SMAZ0001,IRO1SMAZ0003,true,false,4,,UNRESOLVED,False,False
سنیر,14231831499205396,IRO1SSNR0001,IRO1SSNR0001,IRO1SSNR0002,true,false,4,,UNRESOLVED,False,False
سهگمت,41284516796232939,IRO1SHGN0001,IRO1SHGN0001,IRO1SHGN0008,true,false,4,,UNRESOLVED,False,False
سکرد,65321970913593427,IRO1SKOR0001,IRO1SKOR0001,IRO1SKOR0009,true,false,4,,UNRESOLVED,False,False
سیلام,14617104402836487,IRO1SEIL0001,IRO1SEIL0001,IRO1SEIL0001,true,true,4,,UNRESOLVED,False,False
شاراک,7711282667602555,IRO1PARK0001,IRO1PARK0001,IRO1PARK0008,true,false,4,,UNRESOLVED,False,False
شبریز,48753732042176709,IRO1PNTB0001,IRO1PNTB0001,IRO1PNTB0002,true,false,3,,UNRESOLVED,False,False
شبندر,35366681030756042,IRO1PNBA0001,IRO1PNBA0001,IRO1PNBA0003,true,false,3,,UNRESOLVED,False,False
شدوص,40611478183231802,IRO1DODE0001,IRO1DODE0001,IRO1DODE0000,true,false,4,,UNRESOLVED,False,False
شفارس,43781018754867729,IRO1SHFS0001,IRO1SHFS0001,IRO1SHFS0004,true,false,4,,UNRESOLVED,False,False
شلعاب,39116664428676213,IRO1LEAB0001,IRO1LEAB0001,IRO1LEAB0008,true,false,4,,UNRESOLVED,False,False
شپارس,61102694810476197,IRO1BMPS0001,IRO1BMPS0001,IRO1BMPS0004,true,false,4,,UNRESOLVED,False,False
شپنا,7745894403636165,IRO1PNES0001,IRO1PNES0001,IRO1PNES0000,true,false,4,,UNRESOLVED,False,False
شکربن,27308217070238237,IRO1CRBN0001,IRO1CRBN0001,IRO1CRBN0009,true,false,4,,UNRESOLVED,False,False
غبهنوش,17059960254855208,IRO1BENN0001,IRO1BENN0001,IRO1BENN0001,true,true,4,,UNRESOLVED,False,False
غدام,2254054929817435,IRO1KDPS0001,IRO1KDPS0001,IRO1KDPS0004,true,false,4,,UNRESOLVED,False,False
غسالم,28672095850798501,IRO1SLMN0001,IRO1SLMN0001,IRO1SLMN0004,true,false,4,,UNRESOLVED,False,False
غشان,31791737198597563,IRO1SPKH0001,IRO1SPKH0001,IRO1SPKH0000,true,false,4,,UNRESOLVED,False,False
غشهد,20487994977117557,IRO1SHAD0001,IRO1SHAD0001,IRO1SHAD0006,true,false,4,,UNRESOLVED,False,False
غنوش,48619517949257749,IRO1NOSH0001,IRO1NOSH0001,IRO1NOSH0008,true,false,4,,UNRESOLVED,False,False
غگل,22299894048845903,IRO1GCOZ0001,IRO1GCOZ0001,IRO1GCOZ0003,true,false,4,,UNRESOLVED,False,False
فاذر,38547060135156069,IRO1AZAB0001,IRO1AZAB0001,IRO1AZAB0006,true,false,4,,UNRESOLVED,False,False
فایرا,65004959184388996,IRO1ALIR0001,IRO1ALIR0001,IRO1ALIR0006,true,false,4,,UNRESOLVED,False,False
فباهنر,66772024744156373,IRO1BAHN0001,IRO1BAHN0001,IRO1BAHN0003,true,false,4,,UNRESOLVED,False,False
فجام,30765727085936322,IRO1JAMD0001,IRO1JAMD0001,IRO1JAMD0000,true,false,4,,UNRESOLVED,False,False
فجر,41302553376174581,IRO1FAJR0001,IRO1FAJR0001,IRO1FAJR0003,true,false,4,,UNRESOLVED,False,False
فخوز,28864540805361867,IRO1FKHZ0001,IRO1FKHZ0001,IRO1FKHZ0003,true,false,4,,UNRESOLVED,False,False
فرآور,408934423224097,IRO1FRVR0001,IRO1FRVR0001,IRO1FRVR0008,true,false,4,,UNRESOLVED,False,False
فسرب,54277068923045214,IRO1SORB0001,IRO1SORB0001,IRO1SORB0000,true,false,4,,UNRESOLVED,False,False
فسپا,8977441217024425,IRO1SEPA0001,IRO1SEPA0001,IRO1SEPA0005,true,false,4,,UNRESOLVED,False,False
فمراد,18004480270695404,IRO1ALMR0001,IRO1ALMR0001,IRO1ALMR0000,true,false,4,,UNRESOLVED,False,False
فملی,35425587644337450,IRO1MSMI0001,IRO1MSMI0001,IRO1MSMI0000,true,false,4,,UNRESOLVED,False,False
فنورد,56324206651661881,IRO1NGFO0001,IRO1NGFO0001,IRO1NGFO0004,true,false,4,,UNRESOLVED,False,False
فولاژ,40808043719554948,IRO1FAIR0001,IRO1FAIR0001,IRO1FAIR0004,true,false,3,,UNRESOLVED,False,False
فپنتا,68488673556087148,IRO1SPTA0001,IRO1SPTA0001,IRO1SPTA0008,true,false,4,,UNRESOLVED,False,False
لابسا,63363116407864462,IRO1ASAL0001,IRO1ASAL0001,IRO1ASAL0003,true,false,4,,UNRESOLVED,False,False
لبوتان,30650426998863332,IRO1BOTA0001,IRO1BOTA0001,IRO1BOTA0008,true,false,4,,UNRESOLVED,False,False
لخزر,65414507129586385,IRO1KHAZ0001,IRO1KHAZ0001,IRO1KHAZ0008,true,false,4,,UNRESOLVED,False,False
لسرما,55897939403232751,IRO1SRMA0001,IRO1SRMA0001,IRO1SRMA0003,true,false,4,,UNRESOLVED,False,False
های وب,43362635835198978,IRO1HWEB0001,IRO1HWEB0001,IRO1HWEB0008,true,false,1,,UNRESOLVED,False,False
همراه,68635710163497089,IRO1HMRZ0001,IRO1HMRZ0001,IRO1HMRZ0007,true,false,3,,UNRESOLVED,False,False
پارس,6110133418282108,IRO1PARS0001,IRO1PARS0001,IRO1PARS0000,true,false,0,,UNRESOLVED,False,False
پدرخش,24079409192818584,IRO1DRKH0001,IRO1DRKH0001,IRO1DRKH0005,true,false,4,,UNRESOLVED,False,False
پسهند,10120557300120078,IRO1SHND0001,IRO1SHND0001,IRO1SHND0001,true,true,4,,UNRESOLVED,False,False
پلاسک,57722642338781674,IRO1PLKK0001,IRO1PLKK0001,IRO1PLKK0002,true,false,4,,UNRESOLVED,False,False
چافست,23936607891892333,IRO1OFST0001,IRO1OFST0001,IRO1OFST0004,true,false,4,,UNRESOLVED,False,False
چکارن,53113471126689455,IRO1KRTI0001,IRO1KRTI0001,IRO1KRTI0006,true,false,4,,UNRESOLVED,False,False
کاوه,60350996279289099,IRO1KVEH0001,IRO1KVEH0001,IRO1KVEH0008,true,false,2,,UNRESOLVED,False,False
کبافق,43256212620530446,IRO1BAFG0001,IRO1BAFG0001,IRO1BAFG0004,true,false,4,,UNRESOLVED,False,False
کرازی,57086055330734195,IRO1TSRZ0001,IRO1TSRZ0001,IRO1TSRZ0007,true,false,4,,UNRESOLVED,False,False
کفرا,23837844039713715,IRO1NASI0001,IRO1NASI0001,IRO1NASI0003,true,false,4,,UNRESOLVED,False,False
کفپارس,19471788163911687,IRO1NSPS0001,IRO1NSPS0001,IRO1NSPS0004,true,false,4,,UNRESOLVED,False,False
کهمدا,67206358287598044,IRO1SHMD0001,IRO1SHMD0001,IRO1SHMD0002,true,false,4,,UNRESOLVED,False,False
کویر,43545527030854340,IRO1KVIR0001,IRO1KVIR0001,IRO1KVIR0002,true,false,0,,UNRESOLVED,False,False
کگاز,62346804681275278,IRO1SGAZ0001,IRO1SGAZ0001,IRO1SGAZ0001,true,true,4,,UNRESOLVED,False,False
کگل,35700344742885862,IRO1GOLG0001,IRO1GOLG0001,IRO1GOLG0005,true,false,4,,UNRESOLVED,False,False
