ticker,target_year,pair_cutoff_date,t_star,qTotCap,volume_qTotTran5J,trade_count_zTotTran,raw_close,adjusted_status,previous_raw_observation_date,previous_positive_trade_date,previous_adjusted_price_date,calendar_day_gap_to_previous_valid_adjusted_price,root_cause
حکشتی,1393,2013-10-22,2013-10-21,0.0,0.0,0.0,1746.0,ADJUSTED_CLOSE_UNRESOLVED,2013-10-20,2013-10-08,2013-10-08,13,E_ZERO_TRADE_OR_NONTRADING_OBSERVATION_USED_AS_ENDPOINT
دروز,1393,2014-07-20,2014-07-16,0.0,0.0,0.0,6001.0,ADJUSTED_CLOSE_UNRESOLVED,2014-07-15,2014-06-11,2014-06-11,35,E_ZERO_TRADE_OR_NONTRADING_OBSERVATION_USED_AS_ENDPOINT
سخزر,1393,2014-07-20,2014-07-16,0.0,0.0,0.0,5539.0,ADJUSTED_CLOSE_UNRESOLVED,2014-07-15,2014-07-15,2014-07-15,1,E_ZERO_TRADE_OR_NONTRADING_OBSERVATION_USED_AS_ENDPOINT
سدشت,1393,2014-01-20,2014-01-18,0.0,0.0,0.0,3384.0,ADJUSTED_CLOSE_UNRESOLVED,2014-01-15,2014-01-04,2014-01-04,14,E_ZERO_TRADE_OR_NONTRADING_OBSERVATION_USED_AS_ENDPOINT
سمازن,1393,2014-07-20,2014-07-16,0.0,0.0,0.0,20313.0,ADJUSTED_CLOSE_UNRESOLVED,2014-07-15,2014-07-07,2014-07-07,9,E_ZERO_TRADE_OR_NONTRADING_OBSERVATION_USED_AS_ENDPOINT
سکرد,1393,2014-01-20,2014-01-18,0.0,0.0,0.0,9096.0,ADJUSTED_CLOSE_UNRESOLVED,2014-01-15,2014-01-06,2014-01-06,12,E_ZERO_TRADE_OR_NONTRADING_OBSERVATION_USED_AS_ENDPOINT
سیلام,1393,2014-05-20,2014-05-19,0.0,0.0,0.0,8507.0,ADJUSTED_CLOSE_UNRESOLVED,2014-05-18,2014-05-18,2014-05-18,1,E_ZERO_TRADE_OR_NONTRADING_OBSERVATION_USED_AS_ENDPOINT
غبهنوش,1393,2014-07-20,2014-07-16,0.0,0.0,0.0,10497.0,ADJUSTED_CLOSE_UNRESOLVED,2014-07-15,2014-07-15,2014-07-15,1,E_ZERO_TRADE_OR_NONTRADING_OBSERVATION_USED_AS_ENDPOINT
غدام,1393,2014-04-19,2014-04-16,0.0,0.0,0.0,13553.0,ADJUSTED_CLOSE_UNRESOLVED,2014-04-15,2014-04-14,2014-04-14,2,E_ZERO_TRADE_OR_NONTRADING_OBSERVATION_USED_AS_ENDPOINT
غسالم,1393,2014-07-20,2014-07-16,0.0,0.0,0.0,2983.0,ADJUSTED_CLOSE_UNRESOLVED,2014-07-15,2014-07-14,2014-07-14,2,E_ZERO_TRADE_OR_NONTRADING_OBSERVATION_USED_AS_ENDPOINT
غشهد,1393,2014-07-20,2014-07-16,0.0,0.0,0.0,2337.0,ADJUSTED_CLOSE_UNRESOLVED,2014-07-15,2014-07-12,2014-07-12,4,E_ZERO_TRADE_OR_NONTRADING_OBSERVATION_USED_AS_ENDPOINT
غنوش,1393,2014-07-20,2014-07-16,0.0,0.0,0.0,3764.0,ADJUSTED_CLOSE_UNRESOLVED,2014-07-15,2014-07-07,2014-07-07,9,E_ZERO_TRADE_OR_NONTRADING_OBSERVATION_USED_AS_ENDPOINT
غگل,1393,2014-01-20,2014-01-18,0.0,0.0,0.0,37442.0,ADJUSTED_CLOSE_UNRESOLVED,2014-01-15,2014-01-12,2014-01-12,6,E_ZERO_TRADE_OR_NONTRADING_OBSERVATION_USED_AS_ENDPOINT
کبافق,1393,2014-07-20,2014-07-16,0.0,0.0,0.0,20544.0,ADJUSTED_CLOSE_UNRESOLVED,2014-07-15,2014-07-15,2014-07-15,1,E_ZERO_TRADE_OR_NONTRADING_OBSERVATION_USED_AS_ENDPOINT
کفرا,1393,2014-07-20,2014-07-16,0.0,0.0,0.0,16685.0,ADJUSTED_CLOSE_UNRESOLVED,2014-07-15,2014-07-15,2014-07-15,1,E_ZERO_TRADE_OR_NONTRADING_OBSERVATION_USED_AS_ENDPOINT
کفپارس,1393,2014-04-19,2014-04-16,0.0,0.0,0.0,3558.0,ADJUSTED_CLOSE_UNRESOLVED,2014-04-15,2014-04-15,2014-04-15,1,E_ZERO_TRADE_OR_NONTRADING_OBSERVATION_USED_AS_ENDPOINT
کگاز,1393,2014-07-20,2014-07-16,0.0,0.0,0.0,4746.0,ADJUSTED_CLOSE_UNRESOLVED,2014-07-15,2014-07-14,2014-07-14,2,E_ZERO_TRADE_OR_NONTRADING_OBSERVATION_USED_AS_ENDPOINT
بالبر,1394,2015-01-20,2015-01-19,0.0,0.0,0.0,3082.0,ADJUSTED_CLOSE_UNRESOLVED,2015-01-18,2015-01-14,2015-01-14,5,E_ZERO_TRADE_OR_NONTRADING_OBSERVATION_USED_AS_ENDPOINT
بترانس,1394,2015-07-20,2015-07-19,0.0,0.0,0.0,8138.0,ADJUSTED_CLOSE_UNRESOLVED,2015-07-15,2015-07-15,2015-07-15,4,E_ZERO_TRADE_OR_NONTRADING_OBSERVATION_USED_AS_ENDPOINT
بکاب,1394,2015-01-20,2015-01-19,0.0,0.0,0.0,8490.0,ADJUSTED_CLOSE_UNRESOLVED,2015-01-18,2015-01-18,2015-01-18,1,E_ZERO_TRADE_OR_NONTRADING_OBSERVATION_USED_AS_ENDPOINT
بکام,1394,2015-07-20,2015-07-19,0.0,0.0,0.0,1682.0,ADJUSTED_CLOSE_UNRESOLVED,2015-07-15,2015-07-11,2015-07-11,8,E_ZERO_TRADE_OR_NONTRADING_OBSERVATION_USED_AS_ENDPOINT
تپمپی,1394,2014-10-22,2014-10-21,0.0,0.0,0.0,3869.0,ADJUSTED_CLOSE_UNRESOLVED,2014-10-20,2014-10-18,2014-10-18,3,E_ZERO_TRADE_OR_NONTRADING_OBSERVATION_USED_AS_ENDPOINT
تکمبا,1394,2015-07-20,2015-07-19,0.0,0.0,0.0,998.0,ADJUSTED_CLOSE_UNRESOLVED,2015-07-15,2015-07-15,2015-07-15,4,E_ZERO_TRADE_OR_NONTRADING_OBSERVATION_USED_AS_ENDPOINT
حپترو,1394,2015-07-20,2015-07-19,0.0,0.0,0.0,2892.0,ADJUSTED_CLOSE_UNRESOLVED,2015-07-15,2015-07-12,2015-07-12,7,E_ZERO_TRADE_OR_NONTRADING_OBSERVATION_USED_AS_ENDPOINT
حکشتی,1394,2014-10-22,2014-10-21,0.0,0.0,0.0,3588.0,ADJUSTED_CLOSE_UNRESOLVED,2014-10-20,2014-10-20,2014-10-20,1,E_ZERO_TRADE_OR_NONTRADING_OBSERVATION_USED_AS_ENDPOINT
خاذین,1394,2015-07-20,2015-07-19,0.0,0.0,0.0,3896.0,ADJUSTED_CLOSE_UNRESOLVED,2015-07-15,2015-06-30,2015-06-30,19,E_ZERO_TRADE_OR_NONTRADING_OBSERVATION_USED_AS_ENDPOINT
خبهمن,1394,2015-07-20,2015-07-19,0.0,0.0,0.0,2329.0,ADJUSTED_CLOSE_UNRESOLVED,2015-07-15,2015-07-15,2015-07-15,4,E_ZERO_TRADE_OR_NONTRADING_OBSERVATION_USED_AS_ENDPOINT
ختوقا,1394,2015-07-20,2015-07-19,0.0,0.0,0.0,3241.0,ADJUSTED_CLOSE_UNRESOLVED,2015-07-15,2015-07-15,2015-07-15,4,E_ZERO_TRADE_OR_NONTRADING_OBSERVATION_USED_AS_ENDPOINT
خرینگ,1394,2015-07-20,2015-07-19,0.0,0.0,0.0,2306.0,ADJUSTED_CLOSE_UNRESOLVED,2015-07-15,2015-07-15,2015-07-15,4,E_ZERO_TRADE_OR_NONTRADING_OBSERVATION_USED_AS_ENDPOINT
خمحور,1394,2015-07-20,2015-07-19,0.0,0.0,0.0,1733.0,ADJUSTED_CLOSE_UNRESOLVED,2015-07-15,2015-07-13,2015-07-13,6,E_ZERO_TRADE_OR_NONTRADING_OBSERVATION_USED_AS_ENDPOINT
خمهر,1394,2015-07-20,2015-07-19,0.0,0.0,0.0,1786.0,ADJUSTED_CLOSE_UNRESOLVED,2015-07-15,2015-07-15,2015-07-15,4,E_ZERO_TRADE_OR_NONTRADING_OBSERVATION_USED_AS_ENDPOINT
خنصیر,1394,2015-07-20,2015-07-19,0.0,0.0,0.0,3837.0,ADJUSTED_CLOSE_UNRESOLVED,2015-07-15,2015-07-15,2015-07-15,4,E_ZERO_TRADE_OR_NONTRADING_OBSERVATION_USED_AS_ENDPOINT
خوساز,1394,2015-07-20,2015-07-19,0.0,0.0,0.0,2636.0,ADJUSTED_CLOSE_UNRESOLVED,2015-07-15,2015-07-15,2015-07-15,4,E_ZERO_TRADE_OR_NONTRADING_OBSERVATION_USED_AS_ENDPOINT
خچرخش,1394,2015-07-20,2015-07-19,0.0,0.0,0.0,1798.0,ADJUSTED_CLOSE_UNRESOLVED,2015-07-15,2015-07-13,2015-07-13,6,E_ZERO_TRADE_OR_NONTRADING_OBSERVATION_USED_AS_ENDPOINT
خکمک,1394,2015-07-20,2015-07-19,0.0,0.0,0.0,1077.0,ADJUSTED_CLOSE_UNRESOLVED,2015-07-15,2015-07-15,2015-07-15,4,E_ZERO_TRADE_OR_NONTRADING_OBSERVATION_USED_AS_ENDPOINT
ددام,1394,2015-07-20,2015-07-19,0.0,0.0,0.0,7251.0,ADJUSTED_CLOSE_UNRESOLVED,2015-07-15,2015-07-15,2015-07-15,4,E_ZERO_TRADE_OR_NONTRADING_OBSERVATION_USED_AS_ENDPOINT
دروز,1394,2015-07-20,2015-07-19,0.0,0.0,0.0,5341.0,ADJUSTED_CLOSE_UNRESOLVED,2015-07-15,2015-07-15,2015-07-15,4,E_ZERO_TRADE_OR_NONTRADING_OBSERVATION_USED_AS_ENDPOINT
دسبحا,1394,2015-07-20,2015-07-19,0.0,0.0,0.0,7131.0,ADJUSTED_CLOSE_UNRESOLVED,2015-07-15,2015-07-15,2015-07-15,4,E_ZERO_TRADE_OR_NONTRADING_OBSERVATION_USED_AS_ENDPOINT
دسینا,1394,2015-07-20,2015-07-19,0.0,0.0,0.0,13909.0,ADJUSTED_CLOSE_UNRESOLVED,2015-07-15,2015-07-15,2015-07-15,4,E_ZERO_TRADE_OR_NONTRADING_OBSERVATION_USED_AS_ENDPOINT
دشیمی,1394,2015-07-20,2015-07-19,0.0,0.0,0.0,6305.0,ADJUSTED_CLOSE_UNRESOLVED,2015-07-15,2015-07-15,2015-07-15,4,E_ZERO_TRADE_OR_NONTRADING_OBSERVATION_USED_AS_ENDPOINT
دیران,1394,2015-07-20,2015-07-19,0.0,0.0,0.0,5559.0,ADJUSTED_CLOSE_UNRESOLVED,2015-07-15,2015-07-15,2015-07-15,4,E_ZERO_TRADE_OR_NONTRADING_OBSERVATION_USED_AS_ENDPOINT
رانفور,1394,2015-07-20,2015-07-19,0.0,0.0,0.0,12217.0,ADJUSTED_CLOSE_UNRESOLVED,2015-07-15,2015-07-15,2015-07-15,4,E_ZERO_TRADE_OR_NONTRADING_OBSERVATION_USED_AS_ENDPOINT
زمگسا,1394,2015-07-20,2015-07-19,0.0,0.0,0.0,27074.0,ADJUSTED_CLOSE_UNRESOLVED,2015-07-15,2015-07-15,2015-07-15,4,E_ZERO_TRADE_OR_NONTRADING_OBSERVATION_USED_AS_ENDPOINT
ساراب,1394,2015-07-20,2015-07-19,0.0,0.0,0.0,1384.0,ADJUSTED_CLOSE_UNRESOLVED,2015-07-15,2015-07-15,2015-07-15,4,E_ZERO_TRADE_OR_NONTRADING_OBSERVATION_USED_AS_ENDPOINT
ساربیل,1394,2015-04-19,2015-04-18,0.0,0.0,0.0,18244.0,ADJUSTED_CLOSE_UNRESOLVED,2015-04-15,2015-04-15,2015-04-15,3,E_ZERO_TRADE_OR_NONTRADING_OBSERVATION_USED_AS_ENDPOINT
ساروم,1394,2015-07-20,2015-07-19,0.0,0.0,0.0,4706.0,ADJUSTED_CLOSE_UNRESOLVED,2015-07-15,2015-07-15,2015-07-15,4,E_ZERO_TRADE_OR_NONTRADING_OBSERVATION_USED_AS_ENDPOINT
سبجنو,1394,2015-07-20,2015-07-19,0.0,0.0,0.0,3866.0,ADJUSTED_CLOSE_UNRESOLVED,2015-07-15,2015-07-15,2015-07-15,4,E_ZERO_TRADE_OR_NONTRADING_OBSERVATION_USED_AS_ENDPOINT
سبهان,1394,2015-07-20,2015-07-19,0.0,0.0,0.0,24832.0,ADJUSTED_CLOSE_UNRESOLVED,2015-07-15,2015-07-15,2015-07-15,4,E_ZERO_TRADE_OR_NONTRADING_OBSERVATION_USED_AS_ENDPOINT
ستران,1394,2015-07-20,2015-07-19,0.0,0.0,0.0,2099.0,ADJUSTED_CLOSE_UNRESOLVED,2015-07-15,2015-07-07,2015-07-07,12,E_ZERO_TRADE_OR_NONTRADING_OBSERVATION_USED_AS_ENDPOINT
سخاش,1394,2015-07-20,2015-07-19,0.0,0.0,0.0,6539.0,ADJUSTED_CLOSE_UNRESOLVED,2015-07-15,2015-07-14,2015-07-14,5,E_ZERO_TRADE_OR_NONTRADING_OBSERVATION_USED_AS_ENDPOINT
سخزر,1394,2015-07-20,2015-07-19,0.0,0.0,0.0,4301.0,ADJUSTED_CLOSE_UNRESOLVED,2015-07-15,2015-07-15,2015-07-15,4,E_ZERO_TRADE_OR_NONTRADING_OBSERVATION_USED_AS_ENDPOINT
سدشت,1394,2015-01-20,2015-01-19,0.0,0.0,0.0,2458.0,ADJUSTED_CLOSE_UNRESOLVED,2015-01-18,2015-01-14,2015-01-14,5,E_ZERO_TRADE_OR_NONTRADING_OBSERVATION_USED_AS_ENDPOINT
سدور,1394,2015-07-20,2015-07-19,0.0,0.0,0.0,8855.0,ADJUSTED_CLOSE_UNRESOLVED,2015-07-15,2015-07-15,2015-07-15,4,E_ZERO_TRADE_OR_NONTRADING_OBSERVATION_USED_AS_ENDPOINT
سرود,1394,2015-07-20,2015-07-19,0.0,0.0,0.0,3003.0,ADJUSTED_CLOSE_UNRESOLVED,2015-07-15,2015-07-15,2015-07-15,4,E_ZERO_TRADE_OR_NONTRADING_OBSERVATION_USED_AS_ENDPOINT
سصفها,1394,2015-07-20,2015-07-19,0.0,0.0,0.0,15222.0,ADJUSTED_CLOSE_UNRESOLVED,2015-07-15,2015-07-13,2015-07-13,6,E_ZERO_TRADE_OR_NONTRADING_OBSERVATION_USED_AS_ENDPOINT
سغرب,1394,2015-07-20,2015-07-19,0.0,0.0,0.0,3884.0,ADJUSTED_CLOSE_UNRESOLVED,2015-07-15,2015-07-15,2015-07-15,4,E_ZERO_TRADE_OR_NONTRADING_OBSERVATION_USED_AS_ENDPOINT
سقاین,1394,2015-07-20,2015-07-19,0.0,0.0,0.0,24941.0,ADJUSTED_CLOSE_UNRESOLVED,2015-07-15,2015-07-15,2015-07-15,4,E_ZERO_TRADE_OR_NONTRADING_OBSERVATION_USED_AS_ENDPOINT
سمازن,1394,2015-07-20,2015-07-19,0.0,0.0,0.0,14416.0,ADJUSTED_CLOSE_UNRESOLVED,2015-07-15,2015-07-13,2015-07-13,6,E_ZERO_TRADE_OR_NONTRADING_OBSERVATION_USED_AS_ENDPOINT
سنیر,1394,2015-07-20,2015-07-19,0.0,0.0,0.0,17672.0,ADJUSTED_CLOSE_UNRESOLVED,2015-07-15,2015-07-14,2015-07-14,5,E_ZERO_TRADE_OR_NONTRADING_OBSERVATION_USED_AS_ENDPOINT
سهگمت,1394,2015-05-20,2015-05-19,0.0,0.0,0.0,3403.0,ADJUSTED_CLOSE_UNRESOLVED,2015-05-18,2015-05-18,2015-05-18,1,E_ZERO_TRADE_OR_NONTRADING_OBSERVATION_USED_AS_ENDPOINT
سیلام,1394,2015-05-20,2015-05-19,0.0,0.0,0.0,6988.0,ADJUSTED_CLOSE_UNRESOLVED,2015-05-18,2015-05-13,2015-05-13,6,E_ZERO_TRADE_OR_NONTRADING_OBSERVATION_USED_AS_ENDPOINT
شاراک,1394,2015-07-20,2015-07-19,0.0,0.0,0.0,5614.0,ADJUSTED_CLOSE_UNRESOLVED,2015-07-15,2015-07-15,2015-07-15,4,E_ZERO_TRADE_OR_NONTRADING_OBSERVATION_USED_AS_ENDPOINT
شبریز,1394,2015-07-20,2015-07-19,0.0,0.0,0.0,9373.0,ADJUSTED_CLOSE_UNRESOLVED,2015-07-15,2015-07-15,2015-07-15,4,E_ZERO_TRADE_OR_NONTRADING_OBSERVATION_USED_AS_ENDPOINT
شبندر,1394,2015-07-20,2015-07-19,0.0,0.0,0.0,5817.0,ADJUSTED_CLOSE_UNRESOLVED,2015-07-15,2015-07-15,2015-07-15,4,E_ZERO_TRADE_OR_NONTRADING_OBSERVATION_USED_AS_ENDPOINT
شدوص,1394,2015-07-20,2015-07-19,0.0,0.0,0.0,2498.0,ADJUSTED_CLOSE_UNRESOLVED,2015-07-15,2015-07-15,2015-07-15,4,E_ZERO_TRADE_OR_NONTRADING_OBSERVATION_USED_AS_ENDPOINT
شفارس,1394,2015-07-20,2015-07-19,0.0,0.0,0.0,4968.0,ADJUSTED_CLOSE_UNRESOLVED,2015-07-15,2015-07-15,2015-07-15,4,E_ZERO_TRADE_OR_NONTRADING_OBSERVATION_USED_AS_ENDPOINT
شلعاب,1394,2015-07-20,2015-07-19,0.0,0.0,0.0,1926.0,ADJUSTED_CLOSE_UNRESOLVED,2015-07-15,2015-07-15,2015-07-15,4,E_ZERO_TRADE_OR_NONTRADING_OBSERVATION_USED_AS_ENDPOINT
شپارس,1394,2015-01-20,2015-01-19,0.0,0.0,0.0,5436.0,ADJUSTED_CLOSE_UNRESOLVED,2015-01-18,2015-01-17,2015-01-17,2,E_ZERO_TRADE_OR_NONTRADING_OBSERVATION_USED_AS_ENDPOINT
شپنا,1394,2015-07-20,2015-07-19,0.0,0.0,0.0,6252.0,ADJUSTED_CLOSE_UNRESOLVED,2015-07-15,2015-07-15,2015-07-15,4,E_ZERO_TRADE_OR_NONTRADING_OBSERVATION_USED_AS_ENDPOINT
شکربن,1394,2015-07-20,2015-07-19,0.0,0.0,0.0,3117.0,ADJUSTED_CLOSE_UNRESOLVED,2015-07-15,2015-07-15,2015-07-15,4,E_ZERO_TRADE_OR_NONTRADING_OBSERVATION_USED_AS_ENDPOINT
غبهنوش,1394,2015-07-20,2015-07-19,0.0,0.0,0.0,4233.0,ADJUSTED_CLOSE_UNRESOLVED,2015-07-15,2015-07-12,2015-07-12,7,E_ZERO_TRADE_OR_NONTRADING_OBSERVATION_USED_AS_ENDPOINT
غسالم,1394,2015-07-20,2015-07-19,0.0,0.0,0.0,2039.0,ADJUSTED_CLOSE_UNRESOLVED,2015-07-15,2015-07-11,2015-07-11,8,E_ZERO_TRADE_OR_NONTRADING_OBSERVATION_USED_AS_ENDPOINT
غشان,1394,2015-07-20,2015-07-19,0.0,0.0,0.0,5164.0,ADJUSTED_CLOSE_UNRESOLVED,2015-07-15,2015-07-15,2015-07-15,4,E_ZERO_TRADE_OR_NONTRADING_OBSERVATION_USED_AS_ENDPOINT
غشهد,1394,2015-07-20,2015-07-19,0.0,0.0,0.0,2115.0,ADJUSTED_CLOSE_UNRESOLVED,2015-07-15,2015-07-15,2015-07-15,4,E_ZERO_TRADE_OR_NONTRADING_OBSERVATION_USED_AS_ENDPOINT
غنوش,1394,2015-07-20,2015-07-19,0.0,0.0,0.0,4069.0,ADJUSTED_CLOSE_UNRESOLVED,2015-07-15,2015-07-11,2015-07-11,8,E_ZERO_TRADE_OR_NONTRADING_OBSERVATION_USED_AS_ENDPOINT
غگل,1394,2015-01-20,2015-01-19,0.0,0.0,0.0,19755.0,ADJUSTED_CLOSE_UNRESOLVED,2015-01-18,2015-01-13,2015-01-13,6,E_ZERO_TRADE_OR_NONTRADING_OBSERVATION_USED_AS_ENDPOINT
فاذر,1394,2015-07-20,2015-07-19,0.0,0.0,0.0,2967.0,ADJUSTED_CLOSE_UNRESOLVED,2015-07-15,2015-07-15,2015-07-15,4,E_ZERO_TRADE_OR_NONTRADING_OBSERVATION_USED_AS_ENDPOINT
فایرا,1394,2015-07-20,2015-07-19,0.0,0.0,0.0,5662.0,ADJUSTED_CLOSE_UNRESOLVED,2015-07-15,2015-07-14,2015-07-14,5,E_ZERO_TRADE_OR_NONTRADING_OBSERVATION_USED_AS_ENDPOINT
فباهنر,1394,2015-07-20,2015-07-19,0.0,0.0,0.0,1421.0,ADJUSTED_CLOSE_UNRESOLVED,2015-07-15,2015-07-15,2015-07-15,4,E_ZERO_TRADE_OR_NONTRADING_OBSERVATION_USED_AS_ENDPOINT
فجام,1394,2015-07-20,2015-07-19,0.0,0.0,0.0,11760.0,ADJUSTED_CLOSE_UNRESOLVED,2015-07-15,2015-07-15,2015-07-15,4,E_ZERO_TRADE_OR_NONTRADING_OBSERVATION_USED_AS_ENDPOINT
فجر,1394,2015-07-20,2015-07-19,0.0,0.0,0.0,11140.0,ADJUSTED_CLOSE_UNRESOLVED,2015-07-15,2015-07-15,2015-07-15,4,E_ZERO_TRADE_OR_NONTRADING_OBSERVATION_USED_AS_ENDPOINT
فخوز,1394,2015-07-20,2015-07-19,0.0,0.0,0.0,3420.0,ADJUSTED_CLOSE_UNRESOLVED,2015-07-15,2015-07-15,2015-07-15,4,E_ZERO_TRADE_OR_NONTRADING_OBSERVATION_USED_AS_ENDPOINT
فرآور,1394,2015-07-20,2015-07-19,0.0,0.0,0.0,2447.0,ADJUSTED_CLOSE_UNRESOLVED,2015-07-15,2015-07-15,2015-07-15,4,E_ZERO_TRADE_OR_NONTRADING_OBSERVATION_USED_AS_ENDPOINT
فسرب,1394,2015-07-20,2015-07-19,0.0,0.0,0.0,1160.0,ADJUSTED_CLOSE_UNRESOLVED,2015-07-15,2015-07-15,2015-07-15,4,E_ZERO_TRADE_OR_NONTRADING_OBSERVATION_USED_AS_ENDPOINT
فسپا,1394,2015-07-20,2015-07-19,0.0,0.0,0.0,4713.0,ADJUSTED_CLOSE_UNRESOLVED,2015-07-15,2015-07-05,2015-07-05,14,E_ZERO_TRADE_OR_NONTRADING_OBSERVATION_USED_AS_ENDPOINT
فمراد,1394,2015-07-20,2015-07-19,0.0,0.0,0.0,2298.0,ADJUSTED_CLOSE_UNRESOLVED,2015-07-15,2015-07-15,2015-07-15,4,E_ZERO_TRADE_OR_NONTRADING_OBSERVATION_USED_AS_ENDPOINT
فملی,1394,2015-07-20,2015-07-19,0.0,0.0,0.0,1837.0,ADJUSTED_CLOSE_UNRESOLVED,2015-07-15,2015-07-14,2015-07-14,5,E_ZERO_TRADE_OR_NONTRADING_OBSERVATION_USED_AS_ENDPOINT
فنورد,1394,2015-07-20,2015-07-19,0.0,0.0,0.0,3924.0,ADJUSTED_CLOSE_UNRESOLVED,2015-07-15,2015-07-11,2015-07-11,8,E_ZERO_TRADE_OR_NONTRADING_OBSERVATION_USED_AS_ENDPOINT
فولاژ,1394,2015-07-20,2015-07-19,0.0,0.0,0.0,1606.0,ADJUSTED_CLOSE_UNRESOLVED,2015-07-15,2015-07-15,2015-07-15,4,E_ZERO_TRADE_OR_NONTRADING_OBSERVATION_USED_AS_ENDPOINT
فپنتا,1394,2015-07-20,2015-07-19,0.0,0.0,0.0,11496.0,ADJUSTED_CLOSE_UNRESOLVED,2015-07-15,2015-07-13,2015-07-13,6,E_ZERO_TRADE_OR_NONTRADING_OBSERVATION_USED_AS_ENDPOINT
لابسا,1394,2015-07-20,2015-07-19,0.0,0.0,0.0,2381.0,ADJUSTED_CLOSE_UNRESOLVED,2015-07-15,2015-07-14,2015-07-14,5,E_ZERO_TRADE_OR_NONTRADING_OBSERVATION_USED_AS_ENDPOINT
لبوتان,1394,2015-07-20,2015-07-19,0.0,0.0,0.0,2676.0,ADJUSTED_CLOSE_UNRESOLVED,2015-07-15,2015-07-14,2015-07-14,5,E_ZERO_TRADE_OR_NONTRADING_OBSERVATION_USED_AS_ENDPOINT
لخزر,1394,2015-07-20,2015-07-19,0.0,0.0,0.0,6305.0,ADJUSTED_CLOSE_UNRESOLVED,2015-07-15,2015-07-15,2015-07-15,4,E_ZERO_TRADE_OR_NONTRADING_OBSERVATION_USED_AS_ENDPOINT
لسرما,1394,2015-07-20,2015-07-19,0.0,0.0,0.0,2084.0,ADJUSTED_CLOSE_UNRESOLVED,2015-07-15,2015-07-13,2015-07-13,6,E_ZERO_TRADE_OR_NONTRADING_OBSERVATION_USED_AS_ENDPOINT
پدرخش,1394,2015-07-20,2015-07-19,0.0,0.0,0.0,2816.0,ADJUSTED_CLOSE_UNRESOLVED,2015-07-15,2015-07-13,2015-07-13,6,E_ZERO_TRADE_OR_NONTRADING_OBSERVATION_USED_AS_ENDPOINT
پسهند,1394,2015-07-20,2015-07-19,0.0,0.0,0.0,5200.0,ADJUSTED_CLOSE_UNRESOLVED,2015-07-15,2015-07-15,2015-07-15,4,E_ZERO_TRADE_OR_NONTRADING_OBSERVATION_USED_AS_ENDPOINT
پلاسک,1394,2015-07-20,2015-07-19,0.0,0.0,0.0,1320.0,ADJUSTED_CLOSE_UNRESOLVED,2015-07-15,2015-07-15,2015-07-15,4,E_ZERO_TRADE_OR_NONTRADING_OBSERVATION_USED_AS_ENDPOINT
چکارن,1394,2015-07-20,2015-07-19,0.0,0.0,0.0,2540.0,ADJUSTED_CLOSE_UNRESOLVED,2015-07-15,2015-07-15,2015-07-15,4,E_ZERO_TRADE_OR_NONTRADING_OBSERVATION_USED_AS_ENDPOINT
کبافق,1394,2015-07-20,2015-07-19,0.0,0.0,0.0,2963.0,ADJUSTED_CLOSE_UNRESOLVED,2015-07-15,2015-07-15,2015-07-15,4,E_ZERO_TRADE_OR_NONTRADING_OBSERVATION_USED_AS_ENDPOINT
کرازی,1394,2015-07-20,2015-07-19,0.0,0.0,0.0,8099.0,ADJUSTED_CLOSE_UNRESOLVED,2015-07-15,2015-07-15,2015-07-15,4,E_ZERO_TRADE_OR_NONTRADING_OBSERVATION_USED_AS_ENDPOINT
کفرا,1394,2015-07-20,2015-07-19,0.0,0.0,0.0,8793.0,ADJUSTED_CLOSE_UNRESOLVED,2015-07-15,2015-07-15,2015-07-15,4,E_ZERO_TRADE_OR_NONTRADING_OBSERVATION_USED_AS_ENDPOINT
کفپارس,1394,2015-04-19,2015-04-18,0.0,0.0,0.0,4503.0,ADJUSTED_CLOSE_UNRESOLVED,2015-04-15,2014-09-09,2014-09-09,221,E_ZERO_TRADE_OR_NONTRADING_OBSERVATION_USED_AS_ENDPOINT
کگاز,1394,2015-07-20,2015-07-19,0.0,0.0,0.0,3717.0,ADJUSTED_CLOSE_UNRESOLVED,2015-07-15,2015-07-14,2015-07-14,5,E_ZERO_TRADE_OR_NONTRADING_OBSERVATION_USED_AS_ENDPOINT
کگل,1394,2015-07-20,2015-07-19,0.0,0.0,0.0,3041.0,ADJUSTED_CLOSE_UNRESOLVED,2015-07-15,2015-07-06,2015-07-06,13,E_ZERO_TRADE_OR_NONTRADING_OBSERVATION_USED_AS_ENDPOINT
بترانس,1395,2016-07-19,2016-07-18,0.0,0.0,0.0,14935.0,ADJUSTED_CLOSE_UNRESOLVED,2016-07-17,2016-07-16,2016-07-16,2,E_ZERO_TRADE_OR_NONTRADING_OBSERVATION_USED_AS_ENDPOINT
بکاب,1395,2016-01-20,2016-01-19,0.0,0.0,0.0,8291.0,ADJUSTED_CLOSE_UNRESOLVED,2016-01-18,2016-01-09,2016-01-09,10,E_ZERO_TRADE_OR_NONTRADING_OBSERVATION_USED_AS_ENDPOINT
تپمپی,1395,2015-10-22,2015-10-21,0.0,0.0,0.0,3175.0,ADJUSTED_CLOSE_UNRESOLVED,2015-10-20,2015-10-18,2015-10-18,3,E_ZERO_TRADE_OR_NONTRADING_OBSERVATION_USED_AS_ENDPOINT
جم,1395,2016-07-19,2016-07-18,0.0,0.0,0.0,9436.0,ADJUSTED_CLOSE_UNRESOLVED,2016-07-17,2016-07-16,2016-07-16,2,E_ZERO_TRADE_OR_NONTRADING_OBSERVATION_USED_AS_ENDPOINT
حپترو,1395,2016-07-19,2016-07-18,0.0,0.0,0.0,2946.0,ADJUSTED_CLOSE_UNRESOLVED,2016-07-17,2016-07-13,2016-07-13,5,E_ZERO_TRADE_OR_NONTRADING_OBSERVATION_USED_AS_ENDPOINT
حکشتی,1395,2015-10-22,2015-10-21,0.0,0.0,0.0,5582.0,ADJUSTED_CLOSE_UNRESOLVED,2015-10-20,2015-10-19,2015-10-19,2,E_ZERO_TRADE_OR_NONTRADING_OBSERVATION_USED_AS_ENDPOINT
خاذین,1395,2016-07-19,2016-07-18,0.0,0.0,0.0,971.0,ADJUSTED_CLOSE_UNRESOLVED,2016-07-17,2016-07-13,2016-07-13,5,E_ZERO_TRADE_OR_NONTRADING_OBSERVATION_USED_AS_ENDPOINT
دروز,1395,2016-07-19,2016-07-18,0.0,0.0,0.0,5216.0,ADJUSTED_CLOSE_UNRESOLVED,2016-07-17,2016-07-11,2016-07-11,7,E_ZERO_TRADE_OR_NONTRADING_OBSERVATION_USED_AS_ENDPOINT
دشیمی,1395,2016-07-19,2016-07-18,0.0,0.0,0.0,4608.0,ADJUSTED_CLOSE_UNRESOLVED,2016-07-17,2016-07-17,2016-07-17,1,E_ZERO_TRADE_OR_NONTRADING_OBSERVATION_USED_AS_ENDPOINT
ساراب,1395,2016-07-19,2016-07-18,0.0,0.0,0.0,1078.0,ADJUSTED_CLOSE_UNRESOLVED,2016-07-17,2016-07-12,2016-07-12,6,E_ZERO_TRADE_OR_NONTRADING_OBSERVATION_USED_AS_ENDPOINT
ساربیل,1395,2016-04-18,2016-04-17,0.0,0.0,0.0,16915.0,ADJUSTED_CLOSE_UNRESOLVED,2016-04-16,2016-02-22,2016-02-22,55,E_ZERO_TRADE_OR_NONTRADING_OBSERVATION_USED_AS_ENDPOINT
سبجنو,1395,2016-07-19,2016-07-18,0.0,0.0,0.0,2838.0,ADJUSTED_CLOSE_UNRESOLVED,2016-07-17,2016-07-02,2016-07-02,16,E_ZERO_TRADE_OR_NONTRADING_OBSERVATION_USED_AS_ENDPOINT
سخاش,1395,2016-07-19,2016-07-18,0.0,0.0,0.0,6754.0,ADJUSTED_CLOSE_UNRESOLVED,2016-07-17,2016-07-17,2016-07-17,1,E_ZERO_TRADE_OR_NONTRADING_OBSERVATION_USED_AS_ENDPOINT
سمازن,1395,2016-07-19,2016-07-18,0.0,0.0,0.0,12744.0,ADJUSTED_CLOSE_UNRESOLVED,2016-07-17,2016-07-10,2016-07-10,8,E_ZERO_TRADE_OR_NONTRADING_OBSERVATION_USED_AS_ENDPOINT
سنیر,1395,2016-07-19,2016-07-18,0.0,0.0,0.0,16013.0,ADJUSTED_CLOSE_UNRESOLVED,2016-07-17,2016-07-04,2016-07-04,14,E_ZERO_TRADE_OR_NONTRADING_OBSERVATION_USED_AS_ENDPOINT
سیلام,1395,2016-05-19,2016-05-18,0.0,0.0,0.0,4919.0,ADJUSTED_CLOSE_UNRESOLVED,2016-05-17,2016-05-16,2016-05-16,2,E_ZERO_TRADE_OR_NONTRADING_OBSERVATION_USED_AS_ENDPOINT
شپارس,1395,2016-01-20,2016-01-19,0.0,0.0,0.0,4721.0,ADJUSTED_CLOSE_UNRESOLVED,2016-01-18,2016-01-18,2016-01-18,1,E_ZERO_TRADE_OR_NONTRADING_OBSERVATION_USED_AS_ENDPOINT
غبهنوش,1395,2016-07-19,2016-07-18,0.0,0.0,0.0,6864.0,ADJUSTED_CLOSE_UNRESOLVED,2016-07-17,2016-07-17,2016-07-17,1,E_ZERO_TRADE_OR_NONTRADING_OBSERVATION_USED_AS_ENDPOINT
غدام,1395,2016-04-18,2016-04-17,0.0,0.0,0.0,9019.0,ADJUSTED_CLOSE_UNRESOLVED,2016-04-16,2016-04-11,2016-04-11,6,E_ZERO_TRADE_OR_NONTRADING_OBSERVATION_USED_AS_ENDPOINT
غسالم,1395,2016-07-19,2016-07-18,0.0,0.0,0.0,1742.0,ADJUSTED_CLOSE_UNRESOLVED,2016-07-17,2016-07-11,2016-07-11,7,E_ZERO_TRADE_OR_NONTRADING_OBSERVATION_USED_AS_ENDPOINT
غنوش,1395,2016-07-19,2016-07-18,0.0,0.0,0.0,3813.0,ADJUSTED_CLOSE_UNRESOLVED,2016-07-17,2016-07-10,2016-07-10,8,E_ZERO_TRADE_OR_NONTRADING_OBSERVATION_USED_AS_ENDPOINT
غگل,1395,2016-01-20,2016-01-19,0.0,0.0,0.0,34086.0,ADJUSTED_CLOSE_UNRESOLVED,2016-01-18,2016-01-13,2016-01-13,6,E_ZERO_TRADE_OR_NONTRADING_OBSERVATION_USED_AS_ENDPOINT
فایرا,1395,2016-07-19,2016-07-18,0.0,0.0,0.0,2828.0,ADJUSTED_CLOSE_UNRESOLVED,2016-07-17,2015-10-21,2015-10-21,271,E_ZERO_TRADE_OR_NONTRADING_OBSERVATION_USED_AS_ENDPOINT
فجام,1395,2016-07-19,2016-07-18,0.0,0.0,0.0,25661.0,ADJUSTED_CLOSE_UNRESOLVED,2016-07-17,2016-07-13,2016-07-13,5,E_ZERO_TRADE_OR_NONTRADING_OBSERVATION_USED_AS_ENDPOINT
فجر,1395,2016-07-19,2016-07-18,0.0,0.0,0.0,6853.0,ADJUSTED_CLOSE_UNRESOLVED,2016-07-17,2016-07-04,2016-07-04,14,E_ZERO_TRADE_OR_NONTRADING_OBSERVATION_USED_AS_ENDPOINT
فسپا,1395,2016-07-19,2016-07-18,0.0,0.0,0.0,2805.0,ADJUSTED_CLOSE_UNRESOLVED,2016-07-17,2016-06-22,2016-06-22,26,E_ZERO_TRADE_OR_NONTRADING_OBSERVATION_USED_AS_ENDPOINT
فمراد,1395,2016-07-19,2016-07-18,0.0,0.0,0.0,2466.0,ADJUSTED_CLOSE_UNRESOLVED,2016-07-17,2016-07-12,2016-07-12,6,E_ZERO_TRADE_OR_NONTRADING_OBSERVATION_USED_AS_ENDPOINT
فملی,1395,2016-07-19,2016-07-18,0.0,0.0,0.0,1397.0,ADJUSTED_CLOSE_UNRESOLVED,2016-07-17,2016-07-05,2016-07-05,13,E_ZERO_TRADE_OR_NONTRADING_OBSERVATION_USED_AS_ENDPOINT
فولاژ,1395,2016-07-19,2016-07-18,0.0,0.0,0.0,1594.0,ADJUSTED_CLOSE_UNRESOLVED,2016-07-17,2016-07-11,2016-07-11,7,E_ZERO_TRADE_OR_NONTRADING_OBSERVATION_USED_AS_ENDPOINT
فپنتا,1395,2016-07-19,2016-07-18,0.0,0.0,0.0,15238.0,ADJUSTED_CLOSE_UNRESOLVED,2016-07-17,2016-07-12,2016-07-12,6,E_ZERO_TRADE_OR_NONTRADING_OBSERVATION_USED_AS_ENDPOINT
لابسا,1395,2016-07-19,2016-07-18,0.0,0.0,0.0,2113.0,ADJUSTED_CLOSE_UNRESOLVED,2016-07-17,2016-07-12,2016-07-12,6,E_ZERO_TRADE_OR_NONTRADING_OBSERVATION_USED_AS_ENDPOINT
لبوتان,1395,2016-07-19,2016-07-18,0.0,0.0,0.0,2868.0,ADJUSTED_CLOSE_UNRESOLVED,2016-07-17,2016-07-13,2016-07-13,5,E_ZERO_TRADE_OR_NONTRADING_OBSERVATION_USED_AS_ENDPOINT
لسرما,1395,2016-07-19,2016-07-18,0.0,0.0,0.0,1779.0,ADJUSTED_CLOSE_UNRESOLVED,2016-07-17,2016-07-13,2016-07-13,5,E_ZERO_TRADE_OR_NONTRADING_OBSERVATION_USED_AS_ENDPOINT
کفپارس,1395,2016-04-18,2016-04-17,0.0,0.0,0.0,6918.0,ADJUSTED_CLOSE_UNRESOLVED,2016-04-16,2016-04-16,2016-04-16,1,E_ZERO_TRADE_OR_NONTRADING_OBSERVATION_USED_AS_ENDPOINT
بالبر,1396,2017-01-19,2017-01-18,0.0,0.0,0.0,2756.0,ADJUSTED_CLOSE_UNRESOLVED,2017-01-17,2017-01-15,2017-01-15,3,E_ZERO_TRADE_OR_NONTRADING_OBSERVATION_USED_AS_ENDPOINT
بکاب,1396,2017-01-19,2017-01-18,0.0,0.0,0.0,12351.0,ADJUSTED_CLOSE_UNRESOLVED,2017-01-17,2017-01-11,2017-01-11,7,E_ZERO_TRADE_OR_NONTRADING_OBSERVATION_USED_AS_ENDPOINT
بکام,1396,2017-07-21,2017-07-19,0.0,0.0,0.0,2600.0,ADJUSTED_CLOSE_UNRESOLVED,2017-07-18,2017-05-29,2017-05-29,51,E_ZERO_TRADE_OR_NONTRADING_OBSERVATION_USED_AS_ENDPOINT
تپمپی,1396,2016-10-21,2016-10-19,0.0,0.0,0.0,3204.0,ADJUSTED_CLOSE_UNRESOLVED,2016-10-18,2016-10-16,2016-10-16,3,E_ZERO_TRADE_OR_NONTRADING_OBSERVATION_USED_AS_ENDPOINT
تکمبا,1396,2017-07-21,2017-07-19,0.0,0.0,0.0,758.0,ADJUSTED_CLOSE_UNRESOLVED,2017-07-18,2017-07-18,2017-07-18,1,E_ZERO_TRADE_OR_NONTRADING_OBSERVATION_USED_AS_ENDPOINT
حپترو,1396,2017-07-21,2017-07-19,0.0,0.0,0.0,4128.0,ADJUSTED_CLOSE_UNRESOLVED,2017-07-18,2017-07-16,2017-07-16,3,E_ZERO_TRADE_OR_NONTRADING_OBSERVATION_USED_AS_ENDPOINT
حکشتی,1396,2016-10-21,2016-10-19,0.0,0.0,0.0,4905.0,ADJUSTED_CLOSE_UNRESOLVED,2016-10-18,2016-10-18,2016-10-18,1,E_ZERO_TRADE_OR_NONTRADING_OBSERVATION_USED_AS_ENDPOINT
خبهمن,1396,2017-07-21,2017-07-19,0.0,0.0,0.0,967.0,ADJUSTED_CLOSE_UNRESOLVED,2017-07-18,2017-07-08,2017-07-08,11,E_ZERO_TRADE_OR_NONTRADING_OBSERVATION_USED_AS_ENDPOINT
خنصیر,1396,2017-07-21,2017-07-19,0.0,0.0,0.0,3706.0,ADJUSTED_CLOSE_UNRESOLVED,2017-07-18,2017-07-17,2017-07-17,2,E_ZERO_TRADE_OR_NONTRADING_OBSERVATION_USED_AS_ENDPOINT
خوساز,1396,2017-07-21,2017-07-19,0.0,0.0,0.0,1876.0,ADJUSTED_CLOSE_UNRESOLVED,2017-07-18,2017-07-15,2017-07-15,4,E_ZERO_TRADE_OR_NONTRADING_OBSERVATION_USED_AS_ENDPOINT
دسینا,1396,2017-07-21,2017-07-19,0.0,0.0,0.0,21137.0,ADJUSTED_CLOSE_UNRESOLVED,2017-07-18,2017-07-18,2017-07-18,1,E_ZERO_TRADE_OR_NONTRADING_OBSERVATION_USED_AS_ENDPOINT
زمگسا,1396,2017-07-21,2017-07-19,0.0,0.0,0.0,6754.0,ADJUSTED_CLOSE_UNRESOLVED,2017-07-18,2017-07-18,2017-07-18,1,E_ZERO_TRADE_OR_NONTRADING_OBSERVATION_USED_AS_ENDPOINT
ساراب,1396,2017-07-21,2017-07-19,0.0,0.0,0.0,1330.0,ADJUSTED_CLOSE_UNRESOLVED,2017-07-18,2017-07-12,2017-07-12,7,E_ZERO_TRADE_OR_NONTRADING_OBSERVATION_USED_AS_ENDPOINT
ستران,1396,2017-07-21,2017-07-19,0.0,0.0,0.0,2026.0,ADJUSTED_CLOSE_UNRESOLVED,2017-07-18,2017-07-16,2017-07-16,3,E_ZERO_TRADE_OR_NONTRADING_OBSERVATION_USED_AS_ENDPOINT
سخاش,1396,2017-07-21,2017-07-19,0.0,0.0,0.0,8253.0,ADJUSTED_CLOSE_UNRESOLVED,2017-07-18,2017-07-17,2017-07-17,2,E_ZERO_TRADE_OR_NONTRADING_OBSERVATION_USED_AS_ENDPOINT
سصفها,1396,2017-07-21,2017-07-19,0.0,0.0,0.0,16339.0,ADJUSTED_CLOSE_UNRESOLVED,2017-07-18,2017-07-18,2017-07-18,1,E_ZERO_TRADE_OR_NONTRADING_OBSERVATION_USED_AS_ENDPOINT
سمازن,1396,2017-04-19,2017-04-18,0.0,0.0,0.0,4737.0,ADJUSTED_CLOSE_UNRESOLVED,2017-04-17,2017-04-15,2017-04-15,3,E_ZERO_TRADE_OR_NONTRADING_OBSERVATION_USED_AS_ENDPOINT
سنیر,1396,2017-07-21,2017-07-19,0.0,0.0,0.0,15218.0,ADJUSTED_CLOSE_UNRESOLVED,2017-07-18,2017-06-24,2017-06-24,25,E_ZERO_TRADE_OR_NONTRADING_OBSERVATION_USED_AS_ENDPOINT
سیلام,1396,2017-05-20,2017-05-17,0.0,0.0,0.0,4197.0,ADJUSTED_CLOSE_UNRESOLVED,2017-05-16,2017-05-16,2017-05-16,1,E_ZERO_TRADE_OR_NONTRADING_OBSERVATION_USED_AS_ENDPOINT
شبریز,1396,2017-07-21,2017-07-19,0.0,0.0,0.0,4733.0,ADJUSTED_CLOSE_UNRESOLVED,2017-07-18,2017-07-08,2017-07-08,11,E_ZERO_TRADE_OR_NONTRADING_OBSERVATION_USED_AS_ENDPOINT
شبندر,1396,2017-07-21,2017-07-19,0.0,0.0,0.0,5153.0,ADJUSTED_CLOSE_UNRESOLVED,2017-07-18,2017-07-08,2017-07-08,11,E_ZERO_TRADE_OR_NONTRADING_OBSERVATION_USED_AS_ENDPOINT
شدوص,1396,2017-07-21,2017-07-19,0.0,0.0,0.0,2644.0,ADJUSTED_CLOSE_UNRESOLVED,2017-07-18,2016-10-19,2016-10-19,273,E_ZERO_TRADE_OR_NONTRADING_OBSERVATION_USED_AS_ENDPOINT
شپنا,1396,2017-07-21,2017-07-19,0.0,0.0,0.0,3046.0,ADJUSTED_CLOSE_UNRESOLVED,2017-07-18,2017-07-08,2017-07-08,11,E_ZERO_TRADE_OR_NONTRADING_OBSERVATION_USED_AS_ENDPOINT
غبهنوش,1396,2017-07-21,2017-07-19,0.0,0.0,0.0,5018.0,ADJUSTED_CLOSE_UNRESOLVED,2017-07-18,2017-07-17,2017-07-17,2,E_ZERO_TRADE_OR_NONTRADING_OBSERVATION_USED_AS_ENDPOINT
غدام,1396,2017-04-19,2017-04-18,0.0,0.0,0.0,7087.0,ADJUSTED_CLOSE_UNRESOLVED,2017-04-17,2017-03-15,2017-03-15,34,E_ZERO_TRADE_OR_NONTRADING_OBSERVATION_USED_AS_ENDPOINT
غسالم,1396,2017-07-21,2017-07-19,0.0,0.0,0.0,2359.0,ADJUSTED_CLOSE_UNRESOLVED,2017-07-18,2017-07-17,2017-07-17,2,E_ZERO_TRADE_OR_NONTRADING_OBSERVATION_USED_AS_ENDPOINT
غشهد,1396,2017-07-21,2017-07-19,0.0,0.0,0.0,2594.0,ADJUSTED_CLOSE_UNRESOLVED,2017-07-18,2017-07-12,2017-07-12,7,E_ZERO_TRADE_OR_NONTRADING_OBSERVATION_USED_AS_ENDPOINT
غنوش,1396,2017-07-21,2017-07-19,0.0,0.0,0.0,3678.0,ADJUSTED_CLOSE_UNRESOLVED,2017-07-18,2017-05-14,2017-05-14,66,E_ZERO_TRADE_OR_NONTRADING_OBSERVATION_USED_AS_ENDPOINT
غگل,1396,2017-01-19,2017-01-18,0.0,0.0,0.0,40910.0,ADJUSTED_CLOSE_UNRESOLVED,2017-01-17,2017-01-09,2017-01-09,9,E_ZERO_TRADE_OR_NONTRADING_OBSERVATION_USED_AS_ENDPOINT
فاذر,1396,2017-07-21,2017-07-19,0.0,0.0,0.0,3042.0,ADJUSTED_CLOSE_UNRESOLVED,2017-07-18,2017-06-21,2017-06-21,28,E_ZERO_TRADE_OR_NONTRADING_OBSERVATION_USED_AS_ENDPOINT
فایرا,1396,2017-07-21,2017-07-19,0.0,0.0,0.0,330.0,ADJUSTED_CLOSE_UNRESOLVED,2017-07-18,2015-10-21,2015-10-21,637,E_ZERO_TRADE_OR_NONTRADING_OBSERVATION_USED_AS_ENDPOINT
فباهنر,1396,2017-07-21,2017-07-19,0.0,0.0,0.0,4325.0,ADJUSTED_CLOSE_UNRESOLVED,2017-07-18,2017-07-05,2017-07-05,14,E_ZERO_TRADE_OR_NONTRADING_OBSERVATION_USED_AS_ENDPOINT
فسپا,1396,2017-07-21,2017-07-19,0.0,0.0,0.0,2891.0,ADJUSTED_CLOSE_UNRESOLVED,2017-07-18,2017-07-18,2017-07-18,1,E_ZERO_TRADE_OR_NONTRADING_OBSERVATION_USED_AS_ENDPOINT
فمراد,1396,2017-07-21,2017-07-19,0.0,0.0,0.0,3167.0,ADJUSTED_CLOSE_UNRESOLVED,2017-07-18,2017-07-18,2017-07-18,1,E_ZERO_TRADE_OR_NONTRADING_OBSERVATION_USED_AS_ENDPOINT
فملی,1396,2017-07-21,2017-07-19,0.0,0.0,0.0,1884.0,ADJUSTED_CLOSE_UNRESOLVED,2017-07-18,2017-07-17,2017-07-17,2,E_ZERO_TRADE_OR_NONTRADING_OBSERVATION_USED_AS_ENDPOINT
فنورد,1396,2017-07-21,2017-07-19,0.0,0.0,0.0,5076.0,ADJUSTED_CLOSE_UNRESOLVED,2017-07-18,2017-07-18,2017-07-18,1,E_ZERO_TRADE_OR_NONTRADING_OBSERVATION_USED_AS_ENDPOINT
فولاژ,1396,2017-07-21,2017-07-19,0.0,0.0,0.0,1803.0,ADJUSTED_CLOSE_UNRESOLVED,2017-07-18,2017-07-16,2017-07-16,3,E_ZERO_TRADE_OR_NONTRADING_OBSERVATION_USED_AS_ENDPOINT
فپنتا,1396,2017-07-21,2017-07-19,0.0,0.0,0.0,13886.0,ADJUSTED_CLOSE_UNRESOLVED,2017-07-18,2017-07-11,2017-07-11,8,E_ZERO_TRADE_OR_NONTRADING_OBSERVATION_USED_AS_ENDPOINT
لسرما,1396,2017-07-21,2017-07-19,0.0,0.0,0.0,5638.0,ADJUSTED_CLOSE_UNRESOLVED,2017-07-18,2017-07-17,2017-07-17,2,E_ZERO_TRADE_OR_NONTRADING_OBSERVATION_USED_AS_ENDPOINT
پدرخش,1396,2017-07-21,2017-07-19,0.0,0.0,0.0,3899.0,ADJUSTED_CLOSE_UNRESOLVED,2017-07-18,2017-07-17,2017-07-17,2,E_ZERO_TRADE_OR_NONTRADING_OBSERVATION_USED_AS_ENDPOINT
کبافق,1396,2017-07-21,2017-07-19,0.0,0.0,0.0,12816.0,ADJUSTED_CLOSE_UNRESOLVED,2017-07-18,2017-07-12,2017-07-12,7,E_ZERO_TRADE_OR_NONTRADING_OBSERVATION_USED_AS_ENDPOINT
کفپارس,1396,2017-04-19,2017-04-18,0.0,0.0,0.0,4850.0,ADJUSTED_CLOSE_UNRESOLVED,2017-04-17,2017-04-17,2017-04-17,1,E_ZERO_TRADE_OR_NONTRADING_OBSERVATION_USED_AS_ENDPOINT
کگل,1396,2017-07-21,2017-07-19,0.0,0.0,0.0,2000.0,ADJUSTED_CLOSE_UNRESOLVED,2017-07-18,2017-07-12,2017-07-12,7,E_ZERO_TRADE_OR_NONTRADING_OBSERVATION_USED_AS_ENDPOINT
حپترو,1397,2018-07-20,2018-07-18,0.0,0.0,0.0,2302.0,ADJUSTED_CLOSE_UNRESOLVED,2018-07-17,2018-07-17,2018-07-17,1,E_ZERO_TRADE_OR_NONTRADING_OBSERVATION_USED_AS_ENDPOINT
حکشتی,1397,2017-10-22,2017-10-21,0.0,0.0,0.0,4261.0,ADJUSTED_CLOSE_UNRESOLVED,2017-10-18,2017-10-17,2017-10-17,4,E_ZERO_TRADE_OR_NONTRADING_OBSERVATION_USED_AS_ENDPOINT
خبهمن,1397,2018-07-20,2018-07-18,0.0,0.0,0.0,730.0,ADJUSTED_CLOSE_UNRESOLVED,2018-07-17,2018-07-14,2018-07-14,4,E_ZERO_TRADE_OR_NONTRADING_OBSERVATION_USED_AS_ENDPOINT
دروز,1397,2018-07-20,2018-07-18,0.0,0.0,0.0,2325.0,ADJUSTED_CLOSE_UNRESOLVED,2018-07-17,2018-07-17,2018-07-17,1,E_ZERO_TRADE_OR_NONTRADING_OBSERVATION_USED_AS_ENDPOINT
زمگسا,1397,2018-07-20,2018-07-18,0.0,0.0,0.0,2398.0,ADJUSTED_CLOSE_UNRESOLVED,2018-07-17,2018-07-17,2018-07-17,1,E_ZERO_TRADE_OR_NONTRADING_OBSERVATION_USED_AS_ENDPOINT
ساربیل,1397,2018-04-19,2018-04-18,0.0,0.0,0.0,5937.0,ADJUSTED_CLOSE_UNRESOLVED,2018-04-17,2018-04-07,2018-04-07,11,E_ZERO_TRADE_OR_NONTRADING_OBSERVATION_USED_AS_ENDPOINT
ستران,1397,2018-07-20,2018-07-18,0.0,0.0,0.0,1288.0,ADJUSTED_CLOSE_UNRESOLVED,2018-07-17,2018-07-17,2018-07-17,1,E_ZERO_TRADE_OR_NONTRADING_OBSERVATION_USED_AS_ENDPOINT
سخاش,1397,2018-07-20,2018-07-18,0.0,0.0,0.0,9156.0,ADJUSTED_CLOSE_UNRESOLVED,2018-07-17,2018-07-08,2018-07-08,10,E_ZERO_TRADE_OR_NONTRADING_OBSERVATION_USED_AS_ENDPOINT
سخزر,1397,2018-07-20,2018-07-18,0.0,0.0,0.0,3657.0,ADJUSTED_CLOSE_UNRESOLVED,2018-07-17,2018-07-03,2018-07-03,15,E_ZERO_TRADE_OR_NONTRADING_OBSERVATION_USED_AS_ENDPOINT
سدشت,1397,2018-01-20,2018-01-17,0.0,0.0,0.0,1776.0,ADJUSTED_CLOSE_UNRESOLVED,2018-01-16,2018-01-16,2018-01-16,1,E_ZERO_TRADE_OR_NONTRADING_OBSERVATION_USED_AS_ENDPOINT
سصفها,1397,2018-07-20,2018-07-18,0.0,0.0,0.0,6390.0,ADJUSTED_CLOSE_UNRESOLVED,2018-07-17,2018-07-17,2018-07-17,1,E_ZERO_TRADE_OR_NONTRADING_OBSERVATION_USED_AS_ENDPOINT
سمازن,1397,2018-04-19,2018-04-18,0.0,0.0,0.0,2562.0,ADJUSTED_CLOSE_UNRESOLVED,2018-04-17,2018-04-08,2018-04-08,10,E_ZERO_TRADE_OR_NONTRADING_OBSERVATION_USED_AS_ENDPOINT
سنیر,1397,2018-07-20,2018-07-18,0.0,0.0,0.0,13360.0,ADJUSTED_CLOSE_UNRESOLVED,2018-07-17,2018-07-07,2018-07-07,11,E_ZERO_TRADE_OR_NONTRADING_OBSERVATION_USED_AS_ENDPOINT
سیلام,1397,2018-05-20,2018-05-19,0.0,0.0,0.0,2300.0,ADJUSTED_CLOSE_UNRESOLVED,2018-05-16,2018-05-16,2018-05-16,3,E_ZERO_TRADE_OR_NONTRADING_OBSERVATION_USED_AS_ENDPOINT
شبندر,1397,2018-07-20,2018-07-18,0.0,0.0,0.0,7219.0,ADJUSTED_CLOSE_UNRESOLVED,2018-07-17,2018-07-17,2018-07-17,1,E_ZERO_TRADE_OR_NONTRADING_OBSERVATION_USED_AS_ENDPOINT
شپارس,1397,2018-01-20,2018-01-17,0.0,0.0,0.0,1758.0,ADJUSTED_CLOSE_UNRESOLVED,2018-01-16,2018-01-15,2018-01-15,2,E_ZERO_TRADE_OR_NONTRADING_OBSERVATION_USED_AS_ENDPOINT
شپنا,1397,2018-07-20,2018-07-18,0.0,0.0,0.0,4233.0,ADJUSTED_CLOSE_UNRESOLVED,2018-07-17,2018-07-17,2018-07-17,1,E_ZERO_TRADE_OR_NONTRADING_OBSERVATION_USED_AS_ENDPOINT
غبهنوش,1397,2018-07-20,2018-07-18,0.0,0.0,0.0,4089.0,ADJUSTED_CLOSE_UNRESOLVED,2018-07-17,2018-07-17,2018-07-17,1,E_ZERO_TRADE_OR_NONTRADING_OBSERVATION_USED_AS_ENDPOINT
غدام,1397,2018-04-19,2018-04-18,0.0,0.0,0.0,6904.0,ADJUSTED_CLOSE_UNRESOLVED,2018-04-17,2018-04-16,2018-04-16,2,E_ZERO_TRADE_OR_NONTRADING_OBSERVATION_USED_AS_ENDPOINT
غنوش,1397,2018-07-20,2018-07-18,0.0,0.0,0.0,3319.0,ADJUSTED_CLOSE_UNRESOLVED,2018-07-17,2018-07-17,2018-07-17,1,E_ZERO_TRADE_OR_NONTRADING_OBSERVATION_USED_AS_ENDPOINT
غگل,1397,2018-01-20,2018-01-17,0.0,0.0,0.0,17650.0,ADJUSTED_CLOSE_UNRESOLVED,2018-01-16,2018-01-14,2018-01-14,3,E_ZERO_TRADE_OR_NONTRADING_OBSERVATION_USED_AS_ENDPOINT
فاذر,1397,2018-07-20,2018-07-18,0.0,0.0,0.0,3042.0,ADJUSTED_CLOSE_UNRESOLVED,2018-07-17,2017-06-21,2017-06-21,392,E_ZERO_TRADE_OR_NONTRADING_OBSERVATION_USED_AS_ENDPOINT
فجام,1397,2018-07-20,2018-07-18,0.0,0.0,0.0,7497.0,ADJUSTED_CLOSE_UNRESOLVED,2018-07-17,2018-07-17,2018-07-17,1,E_ZERO_TRADE_OR_NONTRADING_OBSERVATION_USED_AS_ENDPOINT
فسپا,1397,2018-07-20,2018-07-18,0.0,0.0,0.0,1683.0,ADJUSTED_CLOSE_UNRESOLVED,2018-07-17,2018-07-15,2018-07-15,3,E_ZERO_TRADE_OR_NONTRADING_OBSERVATION_USED_AS_ENDPOINT
فمراد,1397,2018-07-20,2018-07-18,0.0,0.0,0.0,6263.0,ADJUSTED_CLOSE_UNRESOLVED,2018-07-17,2018-07-16,2018-07-16,2,E_ZERO_TRADE_OR_NONTRADING_OBSERVATION_USED_AS_ENDPOINT
فنورد,1397,2018-07-20,2018-07-18,0.0,0.0,0.0,7931.0,ADJUSTED_CLOSE_UNRESOLVED,2018-07-17,2018-07-15,2018-07-15,3,E_ZERO_TRADE_OR_NONTRADING_OBSERVATION_USED_AS_ENDPOINT
فولاژ,1397,2018-07-20,2018-07-18,0.0,0.0,0.0,1491.0,ADJUSTED_CLOSE_UNRESOLVED,2018-07-17,2018-07-16,2018-07-16,2,E_ZERO_TRADE_OR_NONTRADING_OBSERVATION_USED_AS_ENDPOINT
فپنتا,1397,2018-07-20,2018-07-18,0.0,0.0,0.0,14086.0,ADJUSTED_CLOSE_UNRESOLVED,2018-07-17,2018-07-17,2018-07-17,1,E_ZERO_TRADE_OR_NONTRADING_OBSERVATION_USED_AS_ENDPOINT
لابسا,1397,2018-07-20,2018-07-18,0.0,0.0,0.0,1866.0,ADJUSTED_CLOSE_UNRESOLVED,2018-07-17,2018-07-17,2018-07-17,1,E_ZERO_TRADE_OR_NONTRADING_OBSERVATION_USED_AS_ENDPOINT
لسرما,1397,2018-07-20,2018-07-18,0.0,0.0,0.0,2547.0,ADJUSTED_CLOSE_UNRESOLVED,2018-07-17,2018-07-17,2018-07-17,1,E_ZERO_TRADE_OR_NONTRADING_OBSERVATION_USED_AS_ENDPOINT
های وب,1397,2018-07-20,2018-07-18,0.0,0.0,0.0,5980.0,ADJUSTED_CLOSE_UNRESOLVED,2018-07-17,2017-12-12,2017-12-12,218,E_ZERO_TRADE_OR_NONTRADING_OBSERVATION_USED_AS_ENDPOINT
چکارن,1397,2018-07-20,2018-07-18,0.0,0.0,0.0,6379.0,ADJUSTED_CLOSE_UNRESOLVED,2018-07-17,2018-07-17,2018-07-17,1,E_ZERO_TRADE_OR_NONTRADING_OBSERVATION_USED_AS_ENDPOINT
کفپارس,1397,2018-04-19,2018-04-18,0.0,0.0,0.0,2702.0,ADJUSTED_CLOSE_UNRESOLVED,2018-04-17,2018-04-16,2018-04-16,2,E_ZERO_TRADE_OR_NONTRADING_OBSERVATION_USED_AS_ENDPOINT
کهمدا,1397,2017-10-22,2017-10-21,0.0,0.0,0.0,7502.0,ADJUSTED_CLOSE_UNRESOLVED,2017-10-18,2017-10-17,2017-10-17,4,E_ZERO_TRADE_OR_NONTRADING_OBSERVATION_USED_AS_ENDPOINT
بالبر,1398,2019-01-20,2019-01-19,0.0,0.0,0.0,2278.0,ADJUSTED_CLOSE_UNRESOLVED,2019-01-16,2019-01-15,2019-01-15,4,E_ZERO_TRADE_OR_NONTRADING_OBSERVATION_USED_AS_ENDPOINT
تکمبا,1398,2019-07-20,2019-07-17,0.0,0.0,0.0,1802.0,ADJUSTED_CLOSE_UNRESOLVED,2019-07-16,2019-07-16,2019-07-16,1,E_ZERO_TRADE_OR_NONTRADING_OBSERVATION_USED_AS_ENDPOINT
حپترو,1398,2019-07-20,2019-07-17,0.0,0.0,0.0,9476.0,ADJUSTED_CLOSE_UNRESOLVED,2019-07-16,2019-07-16,2019-07-16,1,E_ZERO_TRADE_OR_NONTRADING_OBSERVATION_USED_AS_ENDPOINT
خاذین,1398,2019-07-20,2019-07-17,0.0,0.0,0.0,2603.0,ADJUSTED_CLOSE_UNRESOLVED,2019-07-16,2019-07-14,2019-07-14,3,E_ZERO_TRADE_OR_NONTRADING_OBSERVATION_USED_AS_ENDPOINT
خرینگ,1398,2019-07-20,2019-07-17,0.0,0.0,0.0,4198.0,ADJUSTED_CLOSE_UNRESOLVED,2019-07-16,2019-07-16,2019-07-16,1,E_ZERO_TRADE_OR_NONTRADING_OBSERVATION_USED_AS_ENDPOINT
دروز,1398,2019-07-20,2019-07-17,0.0,0.0,0.0,4274.0,ADJUSTED_CLOSE_UNRESOLVED,2019-07-16,2019-07-16,2019-07-16,1,E_ZERO_TRADE_OR_NONTRADING_OBSERVATION_USED_AS_ENDPOINT
دسینا,1398,2019-07-20,2019-07-17,0.0,0.0,0.0,15606.0,ADJUSTED_CLOSE_UNRESOLVED,2019-07-16,2019-07-13,2019-07-13,4,E_ZERO_TRADE_OR_NONTRADING_OBSERVATION_USED_AS_ENDPOINT
زپارس,1398,2019-04-19,2019-04-17,0.0,0.0,0.0,10243.0,ADJUSTED_CLOSE_UNRESOLVED,2019-04-16,2019-04-15,2019-04-15,2,E_ZERO_TRADE_OR_NONTRADING_OBSERVATION_USED_AS_ENDPOINT
ساراب,1398,2019-07-20,2019-07-17,0.0,0.0,0.0,3721.0,ADJUSTED_CLOSE_UNRESOLVED,2019-07-16,2019-07-15,2019-07-15,2,E_ZERO_TRADE_OR_NONTRADING_OBSERVATION_USED_AS_ENDPOINT
سهگمت,1398,2019-05-20,2019-05-19,0.0,0.0,0.0,4020.0,ADJUSTED_CLOSE_UNRESOLVED,2019-05-18,2019-05-15,2019-05-15,4,E_ZERO_TRADE_OR_NONTRADING_OBSERVATION_USED_AS_ENDPOINT
سیلام,1398,2019-05-20,2019-05-19,0.0,0.0,0.0,6556.0,ADJUSTED_CLOSE_UNRESOLVED,2019-05-18,2019-05-18,2019-05-18,1,E_ZERO_TRADE_OR_NONTRADING_OBSERVATION_USED_AS_ENDPOINT
شلعاب,1398,2019-07-20,2019-07-17,0.0,0.0,0.0,4494.0,ADJUSTED_CLOSE_UNRESOLVED,2019-07-16,2019-07-16,2019-07-16,1,E_ZERO_TRADE_OR_NONTRADING_OBSERVATION_USED_AS_ENDPOINT
شپنا,1398,2019-07-20,2019-07-17,0.0,0.0,0.0,11715.0,ADJUSTED_CLOSE_UNRESOLVED,2019-07-16,2019-07-15,2019-07-15,2,E_ZERO_TRADE_OR_NONTRADING_OBSERVATION_USED_AS_ENDPOINT
غبهنوش,1398,2019-07-20,2019-07-17,0.0,0.0,0.0,12719.0,ADJUSTED_CLOSE_UNRESOLVED,2019-07-16,2019-07-16,2019-07-16,1,E_ZERO_TRADE_OR_NONTRADING_OBSERVATION_USED_AS_ENDPOINT
غسالم,1398,2019-07-20,2019-07-17,0.0,0.0,0.0,20964.0,ADJUSTED_CLOSE_UNRESOLVED,2019-07-16,2019-07-13,2019-07-13,4,E_ZERO_TRADE_OR_NONTRADING_OBSERVATION_USED_AS_ENDPOINT
غگل,1398,2019-01-20,2019-01-19,0.0,0.0,0.0,11121.0,ADJUSTED_CLOSE_UNRESOLVED,2019-01-16,2019-01-15,2019-01-15,4,E_ZERO_TRADE_OR_NONTRADING_OBSERVATION_USED_AS_ENDPOINT
فملی,1398,2019-07-20,2019-07-17,0.0,0.0,0.0,4269.0,ADJUSTED_CLOSE_UNRESOLVED,2019-07-16,2019-07-13,2019-07-13,4,E_ZERO_TRADE_OR_NONTRADING_OBSERVATION_USED_AS_ENDPOINT
فولاژ,1398,2019-07-20,2019-07-17,0.0,0.0,0.0,6177.0,ADJUSTED_CLOSE_UNRESOLVED,2019-07-16,2019-07-15,2019-07-15,2,E_ZERO_TRADE_OR_NONTRADING_OBSERVATION_USED_AS_ENDPOINT
لسرما,1398,2019-07-20,2019-07-17,0.0,0.0,0.0,5656.0,ADJUSTED_CLOSE_UNRESOLVED,2019-07-16,2019-07-15,2019-07-15,2,E_ZERO_TRADE_OR_NONTRADING_OBSERVATION_USED_AS_ENDPOINT
های وب,1398,2019-07-20,2019-07-17,0.0,0.0,0.0,6933.0,ADJUSTED_CLOSE_UNRESOLVED,2019-07-16,2019-06-11,2019-06-11,36,E_ZERO_TRADE_OR_NONTRADING_OBSERVATION_USED_AS_ENDPOINT
پارس,1398,2019-07-20,2019-07-17,0.0,0.0,0.0,49306.0,ADJUSTED_CLOSE_UNRESOLVED,2019-07-16,2019-07-15,2019-07-15,2,E_ZERO_TRADE_OR_NONTRADING_OBSERVATION_USED_AS_ENDPOINT
چافست,1398,2019-01-20,2019-01-19,0.0,0.0,0.0,5617.0,ADJUSTED_CLOSE_UNRESOLVED,2019-01-16,2019-01-13,2019-01-13,6,E_ZERO_TRADE_OR_NONTRADING_OBSERVATION_USED_AS_ENDPOINT
کبافق,1398,2019-07-20,2019-07-17,0.0,0.0,0.0,50331.0,ADJUSTED_CLOSE_UNRESOLVED,2019-07-16,2019-07-14,2019-07-14,3,E_ZERO_TRADE_OR_NONTRADING_OBSERVATION_USED_AS_ENDPOINT
بکاب,1399,2020-01-20,2020-01-19,0.0,0.0,0.0,58692.0,ADJUSTED_CLOSE_UNRESOLVED,2020-01-18,2020-01-18,2020-01-18,1,E_ZERO_TRADE_OR_NONTRADING_OBSERVATION_USED_AS_ENDPOINT
بکام,1399,2020-07-19,2020-07-18,0.0,0.0,0.0,9120.0,ADJUSTED_CLOSE_UNRESOLVED,2020-07-15,2020-06-28,2020-06-28,20,E_ZERO_TRADE_OR_NONTRADING_OBSERVATION_USED_AS_ENDPOINT
تپمپی,1399,2019-10-22,2019-10-21,0.0,0.0,0.0,11001.0,ADJUSTED_CLOSE_UNRESOLVED,2019-10-20,2019-10-16,2019-10-16,5,E_ZERO_TRADE_OR_NONTRADING_OBSERVATION_USED_AS_ENDPOINT
حکشتی,1399,2019-10-22,2019-10-21,0.0,0.0,0.0,5827.0,ADJUSTED_CLOSE_UNRESOLVED,2019-10-20,2019-10-20,2019-10-20,1,E_ZERO_TRADE_OR_NONTRADING_OBSERVATION_USED_AS_ENDPOINT
رمپنا,1399,2019-08-22,2019-08-21,0.0,0.0,0.0,8180.0,ADJUSTED_CLOSE_UNRESOLVED,2019-08-19,2019-08-19,2019-08-19,2,E_ZERO_TRADE_OR_NONTRADING_OBSERVATION_USED_AS_ENDPOINT
زپارس,1399,2020-04-18,2020-04-15,0.0,0.0,0.0,55730.0,ADJUSTED_CLOSE_UNRESOLVED,2020-04-14,2020-04-14,2020-04-14,1,E_ZERO_TRADE_OR_NONTRADING_OBSERVATION_USED_AS_ENDPOINT
سمازن,1399,2020-04-18,2020-04-15,0.0,0.0,0.0,10860.0,ADJUSTED_CLOSE_UNRESOLVED,2020-04-14,2020-04-14,2020-04-14,1,E_ZERO_TRADE_OR_NONTRADING_OBSERVATION_USED_AS_ENDPOINT
شپنا,1399,2020-07-19,2020-07-18,0.0,0.0,0.0,37620.0,ADJUSTED_CLOSE_UNRESOLVED,2020-07-15,2020-07-15,2020-07-15,3,E_ZERO_TRADE_OR_NONTRADING_OBSERVATION_USED_AS_ENDPOINT
غگل,1399,2020-01-20,2020-01-19,0.0,0.0,0.0,62396.0,ADJUSTED_CLOSE_UNRESOLVED,2020-01-18,2020-01-15,2020-01-15,4,E_ZERO_TRADE_OR_NONTRADING_OBSERVATION_USED_AS_ENDPOINT
فاذر,1399,2020-07-19,2020-07-18,0.0,0.0,0.0,36860.0,ADJUSTED_CLOSE_UNRESOLVED,2020-07-15,2020-07-12,2020-07-12,6,E_ZERO_TRADE_OR_NONTRADING_OBSERVATION_USED_AS_ENDPOINT
فجام,1399,2020-07-19,2020-07-18,0.0,0.0,0.0,69210.0,ADJUSTED_CLOSE_UNRESOLVED,2020-07-15,2020-07-14,2020-07-14,4,E_ZERO_TRADE_OR_NONTRADING_OBSERVATION_USED_AS_ENDPOINT
فولاژ,1399,2020-07-19,2020-07-18,0.0,0.0,0.0,37970.0,ADJUSTED_CLOSE_UNRESOLVED,2020-07-15,2020-07-15,2020-07-15,3,E_ZERO_TRADE_OR_NONTRADING_OBSERVATION_USED_AS_ENDPOINT
فپنتا,1399,2020-07-19,2020-07-18,0.0,0.0,0.0,243200.0,ADJUSTED_CLOSE_UNRESOLVED,2020-07-15,2020-07-14,2020-07-14,4,E_ZERO_TRADE_OR_NONTRADING_OBSERVATION_USED_AS_ENDPOINT
چافست,1399,2020-01-20,2020-01-19,0.0,0.0,0.0,13903.0,ADJUSTED_CLOSE_UNRESOLVED,2020-01-18,2020-01-15,2020-01-15,4,E_ZERO_TRADE_OR_NONTRADING_OBSERVATION_USED_AS_ENDPOINT
کاوه,1399,2020-07-19,2020-07-18,0.0,0.0,0.0,20010.0,ADJUSTED_CLOSE_UNRESOLVED,2020-07-15,2020-07-13,2020-07-13,5,E_ZERO_TRADE_OR_NONTRADING_OBSERVATION_USED_AS_ENDPOINT
