ticker,fiscal_year_t,target_year,window_observation_count,zero_trade_day_count,priced_observation_count,current_valid_return_count,max_possible_valid_returns_if_all_zero_trade_rows_are_non_trading,current_endpoint_requirements_pass,classification
دروز,1392,1393,245,164,81,54,80,False,GUARANTEED_LT126_EVEN_IF_ALL_ZERO_TRADE_ROWS_EXCLUDED
سدشت,1392,1393,242,189,53,19,52,False,GUARANTEED_LT126_EVEN_IF_ALL_ZERO_TRADE_ROWS_EXCLUDED
غدام,1392,1393,245,120,125,88,124,False,GUARANTEED_LT126_EVEN_IF_ALL_ZERO_TRADE_ROWS_EXCLUDED
غنوش,1392,1393,245,103,142,92,141,False,POTENTIALLY_RECOVERABLE_PENDING_ZERO_TRADE_DAY_SEMANTICS
غگل,1392,1393,242,138,104,60,103,False,GUARANTEED_LT126_EVEN_IF_ALL_ZERO_TRADE_ROWS_EXCLUDED
کفپارس,1392,1393,245,140,105,99,104,False,GUARANTEED_LT126_EVEN_IF_ALL_ZERO_TRADE_ROWS_EXCLUDED
بکاب,1393,1394,242,131,111,109,110,False,GUARANTEED_LT126_EVEN_IF_ALL_ZERO_TRADE_ROWS_EXCLUDED
ثشرق,1393,1394,169,40,129,125,128,False,POTENTIALLY_RECOVERABLE_PENDING_ZERO_TRADE_DAY_SEMANTICS
دروز,1393,1394,241,136,105,97,104,False,GUARANTEED_LT126_EVEN_IF_ALL_ZERO_TRADE_ROWS_EXCLUDED
ساربیل,1393,1394,242,144,98,60,97,False,GUARANTEED_LT126_EVEN_IF_ALL_ZERO_TRADE_ROWS_EXCLUDED
سبجنو,1393,1394,241,154,87,47,86,False,GUARANTEED_LT126_EVEN_IF_ALL_ZERO_TRADE_ROWS_EXCLUDED
سخاش,1393,1394,241,85,156,110,155,False,POTENTIALLY_RECOVERABLE_PENDING_ZERO_TRADE_DAY_SEMANTICS
سدشت,1393,1394,242,119,123,87,122,False,GUARANTEED_LT126_EVEN_IF_ALL_ZERO_TRADE_ROWS_EXCLUDED
سدور,1393,1394,241,107,134,105,133,False,POTENTIALLY_RECOVERABLE_PENDING_ZERO_TRADE_DAY_SEMANTICS
سصفها,1393,1394,241,153,88,62,87,False,GUARANTEED_LT126_EVEN_IF_ALL_ZERO_TRADE_ROWS_EXCLUDED
سقاین,1393,1394,241,92,149,118,148,False,POTENTIALLY_RECOVERABLE_PENDING_ZERO_TRADE_DAY_SEMANTICS
سمازن,1393,1394,241,153,88,50,87,False,GUARANTEED_LT126_EVEN_IF_ALL_ZERO_TRADE_ROWS_EXCLUDED
سنیر,1393,1394,241,207,34,13,33,False,GUARANTEED_LT126_EVEN_IF_ALL_ZERO_TRADE_ROWS_EXCLUDED
سیلام,1393,1394,242,108,134,91,133,False,POTENTIALLY_RECOVERABLE_PENDING_ZERO_TRADE_DAY_SEMANTICS
شبریز,1393,1394,241,166,75,71,74,False,GUARANTEED_LT126_EVEN_IF_ALL_ZERO_TRADE_ROWS_EXCLUDED
شبندر,1393,1394,241,167,74,70,73,False,GUARANTEED_LT126_EVEN_IF_ALL_ZERO_TRADE_ROWS_EXCLUDED
شپارس,1393,1394,242,114,128,118,127,False,POTENTIALLY_RECOVERABLE_PENDING_ZERO_TRADE_DAY_SEMANTICS
شپنا,1393,1394,241,167,74,71,73,False,GUARANTEED_LT126_EVEN_IF_ALL_ZERO_TRADE_ROWS_EXCLUDED
غدام,1393,1394,242,109,133,107,132,False,POTENTIALLY_RECOVERABLE_PENDING_ZERO_TRADE_DAY_SEMANTICS
غسالم,1393,1394,241,111,130,97,129,False,POTENTIALLY_RECOVERABLE_PENDING_ZERO_TRADE_DAY_SEMANTICS
غنوش,1393,1394,241,190,51,13,50,False,GUARANTEED_LT126_EVEN_IF_ALL_ZERO_TRADE_ROWS_EXCLUDED
غگل,1393,1394,242,182,60,21,59,False,GUARANTEED_LT126_EVEN_IF_ALL_ZERO_TRADE_ROWS_EXCLUDED
فجر,1393,1394,241,162,79,44,78,False,GUARANTEED_LT126_EVEN_IF_ALL_ZERO_TRADE_ROWS_EXCLUDED
فسپا,1393,1394,241,180,61,34,60,False,GUARANTEED_LT126_EVEN_IF_ALL_ZERO_TRADE_ROWS_EXCLUDED
فمراد,1393,1394,241,153,88,75,87,False,GUARANTEED_LT126_EVEN_IF_ALL_ZERO_TRADE_ROWS_EXCLUDED
فنورد,1393,1394,241,99,142,100,141,False,POTENTIALLY_RECOVERABLE_PENDING_ZERO_TRADE_DAY_SEMANTICS
فپنتا,1393,1394,241,79,162,122,161,False,POTENTIALLY_RECOVERABLE_PENDING_ZERO_TRADE_DAY_SEMANTICS
کفپارس,1393,1394,242,184,58,57,57,False,GUARANTEED_LT126_EVEN_IF_ALL_ZERO_TRADE_ROWS_EXCLUDED
بالبر,1394,1395,246,136,110,81,109,False,GUARANTEED_LT126_EVEN_IF_ALL_ZERO_TRADE_ROWS_EXCLUDED
ساربیل,1394,1395,246,216,30,13,29,False,GUARANTEED_LT126_EVEN_IF_ALL_ZERO_TRADE_ROWS_EXCLUDED
ساروم,1394,1395,247,103,144,103,143,False,POTENTIALLY_RECOVERABLE_PENDING_ZERO_TRADE_DAY_SEMANTICS
سبجنو,1394,1395,247,162,85,52,84,False,GUARANTEED_LT126_EVEN_IF_ALL_ZERO_TRADE_ROWS_EXCLUDED
سخاش,1394,1395,247,120,127,82,126,False,POTENTIALLY_RECOVERABLE_PENDING_ZERO_TRADE_DAY_SEMANTICS
سخزر,1394,1395,247,113,134,106,133,False,POTENTIALLY_RECOVERABLE_PENDING_ZERO_TRADE_DAY_SEMANTICS
سدشت,1394,1395,246,181,65,26,64,False,GUARANTEED_LT126_EVEN_IF_ALL_ZERO_TRADE_ROWS_EXCLUDED
سصفها,1394,1395,247,198,49,18,48,False,GUARANTEED_LT126_EVEN_IF_ALL_ZERO_TRADE_ROWS_EXCLUDED
سمازن,1394,1395,247,210,37,15,36,False,GUARANTEED_LT126_EVEN_IF_ALL_ZERO_TRADE_ROWS_EXCLUDED
سنیر,1394,1395,247,227,20,6,19,False,GUARANTEED_LT126_EVEN_IF_ALL_ZERO_TRADE_ROWS_EXCLUDED
سیلام,1394,1395,249,193,56,28,55,False,GUARANTEED_LT126_EVEN_IF_ALL_ZERO_TRADE_ROWS_EXCLUDED
شپارس,1394,1395,246,132,114,91,113,False,GUARANTEED_LT126_EVEN_IF_ALL_ZERO_TRADE_ROWS_EXCLUDED
غدام,1394,1395,246,218,28,6,27,False,GUARANTEED_LT126_EVEN_IF_ALL_ZERO_TRADE_ROWS_EXCLUDED
غسالم,1394,1395,247,91,156,115,155,False,POTENTIALLY_RECOVERABLE_PENDING_ZERO_TRADE_DAY_SEMANTICS
غشهد,1394,1395,247,90,157,113,156,False,POTENTIALLY_RECOVERABLE_PENDING_ZERO_TRADE_DAY_SEMANTICS
غنوش,1394,1395,247,235,12,0,11,False,GUARANTEED_LT126_EVEN_IF_ALL_ZERO_TRADE_ROWS_EXCLUDED
غگل,1394,1395,246,168,78,46,77,False,GUARANTEED_LT126_EVEN_IF_ALL_ZERO_TRADE_ROWS_EXCLUDED
فایرا,1394,1395,247,186,61,60,60,False,GUARANTEED_LT126_EVEN_IF_ALL_ZERO_TRADE_ROWS_EXCLUDED
فجر,1394,1395,247,187,60,36,59,False,GUARANTEED_LT126_EVEN_IF_ALL_ZERO_TRADE_ROWS_EXCLUDED
فسپا,1394,1395,247,193,54,21,53,False,GUARANTEED_LT126_EVEN_IF_ALL_ZERO_TRADE_ROWS_EXCLUDED
فنورد,1394,1395,247,134,113,72,112,False,GUARANTEED_LT126_EVEN_IF_ALL_ZERO_TRADE_ROWS_EXCLUDED
ساربیل,1395,1396,244,202,42,17,41,True,GUARANTEED_LT126_EVEN_IF_ALL_ZERO_TRADE_ROWS_EXCLUDED
سبجنو,1395,1396,243,111,132,105,131,True,POTENTIALLY_RECOVERABLE_PENDING_ZERO_TRADE_DAY_SEMANTICS
سخاش,1395,1396,243,91,152,105,151,False,POTENTIALLY_RECOVERABLE_PENDING_ZERO_TRADE_DAY_SEMANTICS
سخزر,1395,1396,243,105,138,98,137,True,POTENTIALLY_RECOVERABLE_PENDING_ZERO_TRADE_DAY_SEMANTICS
سدشت,1395,1396,246,171,75,42,74,False,GUARANTEED_LT126_EVEN_IF_ALL_ZERO_TRADE_ROWS_EXCLUDED
سصفها,1395,1396,243,134,109,79,108,False,GUARANTEED_LT126_EVEN_IF_ALL_ZERO_TRADE_ROWS_EXCLUDED
سمازن,1395,1396,244,157,87,53,86,False,GUARANTEED_LT126_EVEN_IF_ALL_ZERO_TRADE_ROWS_EXCLUDED
سنیر,1395,1396,243,214,29,9,28,False,GUARANTEED_LT126_EVEN_IF_ALL_ZERO_TRADE_ROWS_EXCLUDED
سیلام,1395,1396,243,163,80,55,79,False,GUARANTEED_LT126_EVEN_IF_ALL_ZERO_TRADE_ROWS_EXCLUDED
شدوص,1395,1396,243,181,62,60,61,False,GUARANTEED_LT126_EVEN_IF_ALL_ZERO_TRADE_ROWS_EXCLUDED
غدام,1395,1396,244,207,37,24,36,False,GUARANTEED_LT126_EVEN_IF_ALL_ZERO_TRADE_ROWS_EXCLUDED
غسالم,1395,1396,243,103,140,89,139,False,POTENTIALLY_RECOVERABLE_PENDING_ZERO_TRADE_DAY_SEMANTICS
غشهد,1395,1396,243,107,136,113,135,False,POTENTIALLY_RECOVERABLE_PENDING_ZERO_TRADE_DAY_SEMANTICS
غنوش,1395,1396,243,223,20,6,19,False,GUARANTEED_LT126_EVEN_IF_ALL_ZERO_TRADE_ROWS_EXCLUDED
فایرا,1395,1396,243,243,0,0,0,False,GUARANTEED_LT126_EVEN_IF_ALL_ZERO_TRADE_ROWS_EXCLUDED
فسپا,1395,1396,243,111,132,94,131,False,POTENTIALLY_RECOVERABLE_PENDING_ZERO_TRADE_DAY_SEMANTICS
فنورد,1395,1396,243,104,139,103,138,False,POTENTIALLY_RECOVERABLE_PENDING_ZERO_TRADE_DAY_SEMANTICS
کگاز,1395,1396,243,142,101,95,100,True,GUARANTEED_LT126_EVEN_IF_ALL_ZERO_TRADE_ROWS_EXCLUDED
ساربیل,1396,1397,243,169,74,33,73,False,GUARANTEED_LT126_EVEN_IF_ALL_ZERO_TRADE_ROWS_EXCLUDED
سبجنو,1396,1397,242,90,152,119,151,True,POTENTIALLY_RECOVERABLE_PENDING_ZERO_TRADE_DAY_SEMANTICS
سخاش,1396,1397,242,121,121,74,120,False,GUARANTEED_LT126_EVEN_IF_ALL_ZERO_TRADE_ROWS_EXCLUDED
سخزر,1396,1397,242,136,106,64,105,False,GUARANTEED_LT126_EVEN_IF_ALL_ZERO_TRADE_ROWS_EXCLUDED
سدشت,1396,1397,245,163,82,47,81,False,GUARANTEED_LT126_EVEN_IF_ALL_ZERO_TRADE_ROWS_EXCLUDED
سصفها,1396,1397,242,123,119,78,118,False,GUARANTEED_LT126_EVEN_IF_ALL_ZERO_TRADE_ROWS_EXCLUDED
سمازن,1396,1397,243,183,60,29,59,False,GUARANTEED_LT126_EVEN_IF_ALL_ZERO_TRADE_ROWS_EXCLUDED
سنیر,1396,1397,242,205,37,16,36,False,GUARANTEED_LT126_EVEN_IF_ALL_ZERO_TRADE_ROWS_EXCLUDED
غدام,1396,1397,243,151,92,62,91,False,GUARANTEED_LT126_EVEN_IF_ALL_ZERO_TRADE_ROWS_EXCLUDED
غنوش,1396,1397,242,228,14,4,13,False,GUARANTEED_LT126_EVEN_IF_ALL_ZERO_TRADE_ROWS_EXCLUDED
فاذر,1396,1397,242,242,0,0,0,False,GUARANTEED_LT126_EVEN_IF_ALL_ZERO_TRADE_ROWS_EXCLUDED
فجام,1396,1397,242,103,139,91,138,False,POTENTIALLY_RECOVERABLE_PENDING_ZERO_TRADE_DAY_SEMANTICS
فجر,1396,1397,242,129,113,80,112,False,GUARANTEED_LT126_EVEN_IF_ALL_ZERO_TRADE_ROWS_EXCLUDED
فنورد,1396,1397,242,103,139,106,138,False,POTENTIALLY_RECOVERABLE_PENDING_ZERO_TRADE_DAY_SEMANTICS
های وب,1396,1397,215,181,34,31,33,False,GUARANTEED_LT126_EVEN_IF_ALL_ZERO_TRADE_ROWS_EXCLUDED
زپارس,1397,1398,234,118,116,114,115,False,GUARANTEED_LT126_EVEN_IF_ALL_ZERO_TRADE_ROWS_EXCLUDED
سدشت,1397,1398,243,103,140,109,139,False,POTENTIALLY_RECOVERABLE_PENDING_ZERO_TRADE_DAY_SEMANTICS
غنوش,1397,1398,246,235,11,2,10,True,GUARANTEED_LT126_EVEN_IF_ALL_ZERO_TRADE_ROWS_EXCLUDED
