ticker,target_year,pair_cutoff_date,window_start_calendar_date,t0_trading_date,qTotCap,volume_qTotTran5J,trade_count_zTotTran,raw_close,adjusted_status,first_raw_observation_date_this_ticker,first_adjusted_price_date_this_ticker,days_from_window_start_to_first_raw_observation,days_from_window_start_to_first_adjusted_price,root_cause
بموتو,1393,2014-01-20,2013-01-18,2013-01-19,0.0,0.0,0.0,3336.0,ADJUSTED_CLOSE_UNRESOLVED,2012-12-22,2012-12-22,-27,-27,ZERO_TRADE_ENDPOINT_REQUIRES_TRADING_DAY_SEMANTICS_ADJUDICATION
ثنوسا,1393,2014-01-20,2013-01-18,2013-01-19,0.0,0.0,0.0,3855.0,ADJUSTED_CLOSE_UNRESOLVED,2012-12-22,2012-12-22,-27,-27,ZERO_TRADE_ENDPOINT_REQUIRES_TRADING_DAY_SEMANTICS_ADJUDICATION
حکشتی,1393,2013-10-22,2012-10-21,2012-10-21,0.0,0.0,0.0,991.0,ADJUSTED_CLOSE_UNRESOLVED,2012-09-22,2012-09-22,-29,-29,ZERO_TRADE_ENDPOINT_REQUIRES_TRADING_DAY_SEMANTICS_ADJUDICATION
ختوقا,1393,2014-07-20,2013-07-16,2013-07-16,0.0,0.0,0.0,1126.0,ADJUSTED_CLOSE_UNRESOLVED,2013-06-19,2013-07-22,-27,6,ZERO_TRADE_ENDPOINT_REQUIRES_TRADING_DAY_SEMANTICS_ADJUDICATION
خوساز,1393,2014-07-20,2013-07-16,2013-07-16,0.0,0.0,0.0,822.0,ADJUSTED_CLOSE_UNRESOLVED,2013-06-19,2013-06-19,-27,-27,ZERO_TRADE_ENDPOINT_REQUIRES_TRADING_DAY_SEMANTICS_ADJUDICATION
دسبحا,1393,2014-07-20,2013-07-16,2013-07-16,0.0,0.0,0.0,5434.0,ADJUSTED_CLOSE_UNRESOLVED,2013-06-19,2013-06-19,-27,-27,ZERO_TRADE_ENDPOINT_REQUIRES_TRADING_DAY_SEMANTICS_ADJUDICATION
دیران,1393,2014-07-20,2013-07-16,2013-07-16,0.0,0.0,0.0,7599.0,ADJUSTED_CLOSE_UNRESOLVED,2013-06-19,2013-06-19,-27,-27,ZERO_TRADE_ENDPOINT_REQUIRES_TRADING_DAY_SEMANTICS_ADJUDICATION
سبهان,1393,2014-07-20,2013-07-16,2013-07-16,0.0,0.0,0.0,45580.0,ADJUSTED_CLOSE_UNRESOLVED,2013-06-19,2013-06-19,-27,-27,ZERO_TRADE_ENDPOINT_REQUIRES_TRADING_DAY_SEMANTICS_ADJUDICATION
سدشت,1393,2014-01-20,2013-01-18,2013-01-19,0.0,0.0,0.0,3058.0,ADJUSTED_CLOSE_UNRESOLVED,2012-12-22,2012-12-23,-27,-26,ZERO_TRADE_ENDPOINT_REQUIRES_TRADING_DAY_SEMANTICS_ADJUDICATION
غگل,1393,2014-01-20,2013-01-18,2013-01-19,0.0,0.0,0.0,16268.0,ADJUSTED_CLOSE_UNRESOLVED,2012-12-22,2012-12-23,-27,-26,ZERO_TRADE_ENDPOINT_REQUIRES_TRADING_DAY_SEMANTICS_ADJUDICATION
کفپارس,1393,2014-04-19,2013-04-16,2013-04-16,0.0,0.0,0.0,1285.0,ADJUSTED_CLOSE_UNRESOLVED,2013-03-25,2013-05-20,-22,34,ZERO_TRADE_ENDPOINT_REQUIRES_TRADING_DAY_SEMANTICS_ADJUDICATION
کگاز,1393,2014-07-20,2013-07-16,2013-07-16,0.0,0.0,0.0,5078.0,ADJUSTED_CLOSE_UNRESOLVED,2013-06-19,2013-06-19,-27,-27,ZERO_TRADE_ENDPOINT_REQUIRES_TRADING_DAY_SEMANTICS_ADJUDICATION
بالبر,1394,2015-01-20,2014-01-19,2014-01-20,0.0,0.0,0.0,2858.0,ADJUSTED_CLOSE_UNRESOLVED,2013-12-21,2014-01-27,-29,8,ZERO_TRADE_ENDPOINT_REQUIRES_TRADING_DAY_SEMANTICS_ADJUDICATION
بترانس,1394,2015-07-20,2014-07-19,2014-07-20,0.0,0.0,0.0,4791.0,ADJUSTED_CLOSE_UNRESOLVED,2014-06-21,2014-06-21,-28,-28,ZERO_TRADE_ENDPOINT_REQUIRES_TRADING_DAY_SEMANTICS_ADJUDICATION
بکاب,1394,2015-01-20,2014-01-19,2014-01-20,0.0,0.0,0.0,10712.0,ADJUSTED_CLOSE_UNRESOLVED,2013-12-21,2013-12-21,-29,-29,ZERO_TRADE_ENDPOINT_REQUIRES_TRADING_DAY_SEMANTICS_ADJUDICATION
تپمپی,1394,2014-10-22,2013-10-21,2013-10-21,0.0,0.0,0.0,3274.0,ADJUSTED_CLOSE_UNRESOLVED,2013-09-21,2013-09-21,-30,-30,ZERO_TRADE_ENDPOINT_REQUIRES_TRADING_DAY_SEMANTICS_ADJUDICATION
ثشرق,1394,2015-01-20,2014-01-19,2014-05-11,0.0,0.0,0.0,1000.0,ADJUSTED_CLOSE_UNRESOLVED,2014-05-11,2014-06-25,112,157,ZERO_TRADE_ENDPOINT_REQUIRES_TRADING_DAY_SEMANTICS_ADJUDICATION
حکشتی,1394,2014-10-22,2013-10-21,2013-10-21,0.0,0.0,0.0,1746.0,ADJUSTED_CLOSE_UNRESOLVED,2012-09-22,2012-09-22,-394,-394,ZERO_TRADE_ENDPOINT_REQUIRES_TRADING_DAY_SEMANTICS_ADJUDICATION
دروز,1394,2015-07-20,2014-07-19,2014-07-20,0.0,0.0,0.0,5951.0,ADJUSTED_CLOSE_UNRESOLVED,2013-06-19,2013-06-19,-395,-395,ZERO_TRADE_ENDPOINT_REQUIRES_TRADING_DAY_SEMANTICS_ADJUDICATION
دشیمی,1394,2015-07-20,2014-07-19,2014-07-20,0.0,0.0,0.0,6441.0,ADJUSTED_CLOSE_UNRESOLVED,2014-06-21,2014-06-22,-28,-27,ZERO_TRADE_ENDPOINT_REQUIRES_TRADING_DAY_SEMANTICS_ADJUDICATION
ساربیل,1394,2015-04-19,2014-04-18,2014-04-19,0.0,0.0,0.0,14578.0,ADJUSTED_CLOSE_UNRESOLVED,2014-03-19,2014-03-19,-30,-30,ZERO_TRADE_ENDPOINT_REQUIRES_TRADING_DAY_SEMANTICS_ADJUDICATION
سبجنو,1394,2015-07-20,2014-07-19,2014-07-20,0.0,0.0,0.0,5411.0,ADJUSTED_CLOSE_UNRESOLVED,2014-06-21,2014-06-21,-28,-28,ZERO_TRADE_ENDPOINT_REQUIRES_TRADING_DAY_SEMANTICS_ADJUDICATION
سدشت,1394,2015-01-20,2014-01-19,2014-01-20,0.0,0.0,0.0,2984.0,ADJUSTED_CLOSE_UNRESOLVED,2012-12-22,2012-12-23,-393,-392,ZERO_TRADE_ENDPOINT_REQUIRES_TRADING_DAY_SEMANTICS_ADJUDICATION
سدور,1394,2015-07-20,2014-07-19,2014-07-20,0.0,0.0,0.0,16474.0,ADJUSTED_CLOSE_UNRESOLVED,2013-06-19,2013-06-19,-395,-395,ZERO_TRADE_ENDPOINT_REQUIRES_TRADING_DAY_SEMANTICS_ADJUDICATION
سصفها,1394,2015-07-20,2014-07-19,2014-07-20,0.0,0.0,0.0,13726.0,ADJUSTED_CLOSE_UNRESOLVED,2014-06-21,2014-06-21,-28,-28,ZERO_TRADE_ENDPOINT_REQUIRES_TRADING_DAY_SEMANTICS_ADJUDICATION
سمازن,1394,2015-07-20,2014-07-19,2014-07-20,0.0,0.0,0.0,20313.0,ADJUSTED_CLOSE_UNRESOLVED,2013-06-19,2013-06-19,-395,-395,ZERO_TRADE_ENDPOINT_REQUIRES_TRADING_DAY_SEMANTICS_ADJUDICATION
سنیر,1394,2015-07-20,2014-07-19,2014-07-20,0.0,0.0,0.0,20406.0,ADJUSTED_CLOSE_UNRESOLVED,2014-06-21,2014-06-25,-28,-24,ZERO_TRADE_ENDPOINT_REQUIRES_TRADING_DAY_SEMANTICS_ADJUDICATION
سکرد,1394,2015-01-20,2014-01-19,2014-01-20,0.0,0.0,0.0,9096.0,ADJUSTED_CLOSE_UNRESOLVED,2012-12-22,2012-12-22,-393,-393,ZERO_TRADE_ENDPOINT_REQUIRES_TRADING_DAY_SEMANTICS_ADJUDICATION
سیلام,1394,2015-05-20,2014-05-19,2014-05-19,0.0,0.0,0.0,8507.0,ADJUSTED_CLOSE_UNRESOLVED,2013-04-20,2013-04-20,-394,-394,ZERO_TRADE_ENDPOINT_REQUIRES_TRADING_DAY_SEMANTICS_ADJUDICATION
شفارس,1394,2015-07-20,2014-07-19,2014-07-20,0.0,0.0,0.0,4682.0,ADJUSTED_CLOSE_UNRESOLVED,2014-06-21,2014-06-21,-28,-28,ZERO_TRADE_ENDPOINT_REQUIRES_TRADING_DAY_SEMANTICS_ADJUDICATION
شپنا,1394,2015-07-20,2014-07-19,2014-07-20,0.0,0.0,0.0,11251.0,ADJUSTED_CLOSE_UNRESOLVED,2014-06-21,2015-03-17,-28,241,ZERO_TRADE_ENDPOINT_REQUIRES_TRADING_DAY_SEMANTICS_ADJUDICATION
شکربن,1394,2015-07-20,2014-07-19,2014-07-20,0.0,0.0,0.0,2908.0,ADJUSTED_CLOSE_UNRESOLVED,2014-06-21,2014-06-21,-28,-28,ZERO_TRADE_ENDPOINT_REQUIRES_TRADING_DAY_SEMANTICS_ADJUDICATION
غبهنوش,1394,2015-07-20,2014-07-19,2014-07-20,0.0,0.0,0.0,10497.0,ADJUSTED_CLOSE_UNRESOLVED,2013-06-19,2013-06-19,-395,-395,ZERO_TRADE_ENDPOINT_REQUIRES_TRADING_DAY_SEMANTICS_ADJUDICATION
غدام,1394,2015-04-19,2014-04-18,2014-04-19,0.0,0.0,0.0,13153.0,ADJUSTED_CLOSE_UNRESOLVED,2013-03-25,2013-03-26,-389,-388,ZERO_TRADE_ENDPOINT_REQUIRES_TRADING_DAY_SEMANTICS_ADJUDICATION
غسالم,1394,2015-07-20,2014-07-19,2014-07-20,0.0,0.0,0.0,2833.0,ADJUSTED_CLOSE_UNRESOLVED,2013-06-19,2013-06-19,-395,-395,ZERO_TRADE_ENDPOINT_REQUIRES_TRADING_DAY_SEMANTICS_ADJUDICATION
غشهد,1394,2015-07-20,2014-07-19,2014-07-20,0.0,0.0,0.0,2337.0,ADJUSTED_CLOSE_UNRESOLVED,2013-06-19,2013-06-23,-395,-391,ZERO_TRADE_ENDPOINT_REQUIRES_TRADING_DAY_SEMANTICS_ADJUDICATION
غنوش,1394,2015-07-20,2014-07-19,2014-07-20,0.0,0.0,0.0,3764.0,ADJUSTED_CLOSE_UNRESOLVED,2013-06-19,2013-07-06,-395,-378,ZERO_TRADE_ENDPOINT_REQUIRES_TRADING_DAY_SEMANTICS_ADJUDICATION
غگل,1394,2015-01-20,2014-01-19,2014-01-20,0.0,0.0,0.0,37442.0,ADJUSTED_CLOSE_UNRESOLVED,2012-12-22,2012-12-23,-393,-392,ZERO_TRADE_ENDPOINT_REQUIRES_TRADING_DAY_SEMANTICS_ADJUDICATION
فایرا,1394,2015-07-20,2014-07-19,2014-07-20,0.0,0.0,0.0,4809.0,ADJUSTED_CLOSE_UNRESOLVED,2014-06-21,2014-08-03,-28,15,ZERO_TRADE_ENDPOINT_REQUIRES_TRADING_DAY_SEMANTICS_ADJUDICATION
فجام,1394,2015-07-20,2014-07-19,2014-07-20,0.0,0.0,0.0,12368.0,ADJUSTED_CLOSE_UNRESOLVED,2014-06-21,2014-06-21,-28,-28,ZERO_TRADE_ENDPOINT_REQUIRES_TRADING_DAY_SEMANTICS_ADJUDICATION
فمراد,1394,2015-07-20,2014-07-19,2014-07-20,0.0,0.0,0.0,8680.0,ADJUSTED_CLOSE_UNRESOLVED,2014-06-21,2014-11-01,-28,105,ZERO_TRADE_ENDPOINT_REQUIRES_TRADING_DAY_SEMANTICS_ADJUDICATION
فنورد,1394,2015-07-20,2014-07-19,2014-07-20,0.0,0.0,0.0,7438.0,ADJUSTED_CLOSE_UNRESOLVED,2014-06-21,2014-06-21,-28,-28,ZERO_TRADE_ENDPOINT_REQUIRES_TRADING_DAY_SEMANTICS_ADJUDICATION
فپنتا,1394,2015-07-20,2014-07-19,2014-07-20,0.0,0.0,0.0,9893.0,ADJUSTED_CLOSE_UNRESOLVED,2014-06-21,2014-06-21,-28,-28,ZERO_TRADE_ENDPOINT_REQUIRES_TRADING_DAY_SEMANTICS_ADJUDICATION
لبوتان,1394,2015-07-20,2014-07-19,2014-07-20,0.0,0.0,0.0,2344.0,ADJUSTED_CLOSE_UNRESOLVED,2014-06-21,2014-07-02,-28,-17,ZERO_TRADE_ENDPOINT_REQUIRES_TRADING_DAY_SEMANTICS_ADJUDICATION
لخزر,1394,2015-07-20,2014-07-19,2014-07-20,0.0,0.0,0.0,11128.0,ADJUSTED_CLOSE_UNRESOLVED,2014-06-21,2014-06-21,-28,-28,ZERO_TRADE_ENDPOINT_REQUIRES_TRADING_DAY_SEMANTICS_ADJUDICATION
لسرما,1394,2015-07-20,2014-07-19,2014-07-20,0.0,0.0,0.0,2515.0,ADJUSTED_CLOSE_UNRESOLVED,2014-06-21,2014-07-08,-28,-11,ZERO_TRADE_ENDPOINT_REQUIRES_TRADING_DAY_SEMANTICS_ADJUDICATION
چافست,1394,2015-01-20,2014-01-19,2014-01-20,0.0,0.0,0.0,12344.0,ADJUSTED_CLOSE_UNRESOLVED,2013-12-21,2013-12-28,-29,-22,ZERO_TRADE_ENDPOINT_REQUIRES_TRADING_DAY_SEMANTICS_ADJUDICATION
کبافق,1394,2015-07-20,2014-07-19,2014-07-20,0.0,0.0,0.0,20544.0,ADJUSTED_CLOSE_UNRESOLVED,2013-06-19,2013-06-19,-395,-395,ZERO_TRADE_ENDPOINT_REQUIRES_TRADING_DAY_SEMANTICS_ADJUDICATION
کفرا,1394,2015-07-20,2014-07-19,2014-07-20,0.0,0.0,0.0,16685.0,ADJUSTED_CLOSE_UNRESOLVED,2013-06-19,2013-07-06,-395,-378,ZERO_TRADE_ENDPOINT_REQUIRES_TRADING_DAY_SEMANTICS_ADJUDICATION
کفپارس,1394,2015-04-19,2014-04-18,2014-04-19,0.0,0.0,0.0,3558.0,ADJUSTED_CLOSE_UNRESOLVED,2013-03-25,2013-05-20,-389,-333,ZERO_TRADE_ENDPOINT_REQUIRES_TRADING_DAY_SEMANTICS_ADJUDICATION
کگاز,1394,2015-07-20,2014-07-19,2014-07-20,0.0,0.0,0.0,4746.0,ADJUSTED_CLOSE_UNRESOLVED,2013-06-19,2013-06-19,-395,-395,ZERO_TRADE_ENDPOINT_REQUIRES_TRADING_DAY_SEMANTICS_ADJUDICATION
بالبر,1395,2016-01-20,2015-01-19,2015-01-19,0.0,0.0,0.0,3082.0,ADJUSTED_CLOSE_UNRESOLVED,2013-12-21,2014-01-27,-394,-357,ZERO_TRADE_ENDPOINT_REQUIRES_TRADING_DAY_SEMANTICS_ADJUDICATION
بترانس,1395,2016-07-19,2015-07-18,2015-07-19,0.0,0.0,0.0,8138.0,ADJUSTED_CLOSE_UNRESOLVED,2014-06-21,2014-06-21,-392,-392,ZERO_TRADE_ENDPOINT_REQUIRES_TRADING_DAY_SEMANTICS_ADJUDICATION
بکاب,1395,2016-01-20,2015-01-19,2015-01-19,0.0,0.0,0.0,8490.0,ADJUSTED_CLOSE_UNRESOLVED,2013-12-21,2013-12-21,-394,-394,ZERO_TRADE_ENDPOINT_REQUIRES_TRADING_DAY_SEMANTICS_ADJUDICATION
بکام,1395,2016-07-19,2015-07-18,2015-07-19,0.0,0.0,0.0,1682.0,ADJUSTED_CLOSE_UNRESOLVED,2014-06-21,2014-06-29,-392,-384,ZERO_TRADE_ENDPOINT_REQUIRES_TRADING_DAY_SEMANTICS_ADJUDICATION
تپمپی,1395,2015-10-22,2014-10-21,2014-10-21,0.0,0.0,0.0,3869.0,ADJUSTED_CLOSE_UNRESOLVED,2013-09-21,2013-09-21,-395,-395,ZERO_TRADE_ENDPOINT_REQUIRES_TRADING_DAY_SEMANTICS_ADJUDICATION
تکمبا,1395,2016-07-19,2015-07-18,2015-07-19,0.0,0.0,0.0,998.0,ADJUSTED_CLOSE_UNRESOLVED,2014-06-21,2014-06-21,-392,-392,ZERO_TRADE_ENDPOINT_REQUIRES_TRADING_DAY_SEMANTICS_ADJUDICATION
جم,1395,2016-07-19,2015-07-18,2015-08-08,0.0,0.0,0.0,1000.0,ADJUSTED_CLOSE_UNRESOLVED,2015-08-08,2015-08-09,21,22,ZERO_TRADE_ENDPOINT_REQUIRES_TRADING_DAY_SEMANTICS_ADJUDICATION
حپترو,1395,2016-07-19,2015-07-18,2015-07-19,0.0,0.0,0.0,2892.0,ADJUSTED_CLOSE_UNRESOLVED,2013-06-19,2013-06-30,-759,-748,ZERO_TRADE_ENDPOINT_REQUIRES_TRADING_DAY_SEMANTICS_ADJUDICATION
حکشتی,1395,2015-10-22,2014-10-21,2014-10-21,0.0,0.0,0.0,3588.0,ADJUSTED_CLOSE_UNRESOLVED,2012-09-22,2012-09-22,-759,-759,ZERO_TRADE_ENDPOINT_REQUIRES_TRADING_DAY_SEMANTICS_ADJUDICATION
خاذین,1395,2016-07-19,2015-07-18,2015-07-19,0.0,0.0,0.0,3896.0,ADJUSTED_CLOSE_UNRESOLVED,2013-06-19,2013-06-19,-759,-759,ZERO_TRADE_ENDPOINT_REQUIRES_TRADING_DAY_SEMANTICS_ADJUDICATION
خبهمن,1395,2016-07-19,2015-07-18,2015-07-19,0.0,0.0,0.0,2329.0,ADJUSTED_CLOSE_UNRESOLVED,2013-06-19,2013-06-22,-759,-756,ZERO_TRADE_ENDPOINT_REQUIRES_TRADING_DAY_SEMANTICS_ADJUDICATION
ختوقا,1395,2016-07-19,2015-07-18,2015-07-19,0.0,0.0,0.0,3241.0,ADJUSTED_CLOSE_UNRESOLVED,2013-06-19,2013-07-22,-759,-726,ZERO_TRADE_ENDPOINT_REQUIRES_TRADING_DAY_SEMANTICS_ADJUDICATION
خرینگ,1395,2016-07-19,2015-07-18,2015-07-19,0.0,0.0,0.0,2306.0,ADJUSTED_CLOSE_UNRESOLVED,2013-06-19,2013-06-23,-759,-755,ZERO_TRADE_ENDPOINT_REQUIRES_TRADING_DAY_SEMANTICS_ADJUDICATION
خمحور,1395,2016-07-19,2015-07-18,2015-07-19,0.0,0.0,0.0,1733.0,ADJUSTED_CLOSE_UNRESOLVED,2013-06-19,2013-06-22,-759,-756,ZERO_TRADE_ENDPOINT_REQUIRES_TRADING_DAY_SEMANTICS_ADJUDICATION
خمهر,1395,2016-07-19,2015-07-18,2015-07-19,0.0,0.0,0.0,1786.0,ADJUSTED_CLOSE_UNRESOLVED,2013-06-19,2013-06-19,-759,-759,ZERO_TRADE_ENDPOINT_REQUIRES_TRADING_DAY_SEMANTICS_ADJUDICATION
خنصیر,1395,2016-07-19,2015-07-18,2015-07-19,0.0,0.0,0.0,3837.0,ADJUSTED_CLOSE_UNRESOLVED,2013-06-19,2013-06-22,-759,-756,ZERO_TRADE_ENDPOINT_REQUIRES_TRADING_DAY_SEMANTICS_ADJUDICATION
خوساز,1395,2016-07-19,2015-07-18,2015-07-19,0.0,0.0,0.0,2636.0,ADJUSTED_CLOSE_UNRESOLVED,2013-06-19,2013-06-19,-759,-759,ZERO_TRADE_ENDPOINT_REQUIRES_TRADING_DAY_SEMANTICS_ADJUDICATION
خچرخش,1395,2016-07-19,2015-07-18,2015-07-19,0.0,0.0,0.0,1798.0,ADJUSTED_CLOSE_UNRESOLVED,2013-06-19,2013-06-23,-759,-755,ZERO_TRADE_ENDPOINT_REQUIRES_TRADING_DAY_SEMANTICS_ADJUDICATION
خکمک,1395,2016-07-19,2015-07-18,2015-07-19,0.0,0.0,0.0,1077.0,ADJUSTED_CLOSE_UNRESOLVED,2013-06-19,2013-06-30,-759,-748,ZERO_TRADE_ENDPOINT_REQUIRES_TRADING_DAY_SEMANTICS_ADJUDICATION
ددام,1395,2016-07-19,2015-07-18,2015-07-19,0.0,0.0,0.0,7251.0,ADJUSTED_CLOSE_UNRESOLVED,2014-06-21,2014-06-21,-392,-392,ZERO_TRADE_ENDPOINT_REQUIRES_TRADING_DAY_SEMANTICS_ADJUDICATION
دروز,1395,2016-07-19,2015-07-18,2015-07-19,0.0,0.0,0.0,5341.0,ADJUSTED_CLOSE_UNRESOLVED,2013-06-19,2013-06-19,-759,-759,ZERO_TRADE_ENDPOINT_REQUIRES_TRADING_DAY_SEMANTICS_ADJUDICATION
دسبحا,1395,2016-07-19,2015-07-18,2015-07-19,0.0,0.0,0.0,7131.0,ADJUSTED_CLOSE_UNRESOLVED,2013-06-19,2013-06-19,-759,-759,ZERO_TRADE_ENDPOINT_REQUIRES_TRADING_DAY_SEMANTICS_ADJUDICATION
دسینا,1395,2016-07-19,2015-07-18,2015-07-19,0.0,0.0,0.0,13909.0,ADJUSTED_CLOSE_UNRESOLVED,2014-06-21,2014-06-21,-392,-392,ZERO_TRADE_ENDPOINT_REQUIRES_TRADING_DAY_SEMANTICS_ADJUDICATION
دشیمی,1395,2016-07-19,2015-07-18,2015-07-19,0.0,0.0,0.0,6305.0,ADJUSTED_CLOSE_UNRESOLVED,2014-06-21,2014-06-22,-392,-391,ZERO_TRADE_ENDPOINT_REQUIRES_TRADING_DAY_SEMANTICS_ADJUDICATION
دیران,1395,2016-07-19,2015-07-18,2015-07-19,0.0,0.0,0.0,5559.0,ADJUSTED_CLOSE_UNRESOLVED,2013-06-19,2013-06-19,-759,-759,ZERO_TRADE_ENDPOINT_REQUIRES_TRADING_DAY_SEMANTICS_ADJUDICATION
رانفور,1395,2016-07-19,2015-07-18,2015-07-19,0.0,0.0,0.0,12217.0,ADJUSTED_CLOSE_UNRESOLVED,2013-06-19,2013-06-19,-759,-759,ZERO_TRADE_ENDPOINT_REQUIRES_TRADING_DAY_SEMANTICS_ADJUDICATION
زمگسا,1395,2016-07-19,2015-07-18,2015-07-19,0.0,0.0,0.0,27074.0,ADJUSTED_CLOSE_UNRESOLVED,2013-06-19,2013-06-19,-759,-759,ZERO_TRADE_ENDPOINT_REQUIRES_TRADING_DAY_SEMANTICS_ADJUDICATION
ساراب,1395,2016-07-19,2015-07-18,2015-07-19,0.0,0.0,0.0,1384.0,ADJUSTED_CLOSE_UNRESOLVED,2013-06-19,2013-06-19,-759,-759,ZERO_TRADE_ENDPOINT_REQUIRES_TRADING_DAY_SEMANTICS_ADJUDICATION
ساربیل,1395,2016-04-18,2015-04-17,2015-04-18,0.0,0.0,0.0,18244.0,ADJUSTED_CLOSE_UNRESOLVED,2014-03-19,2014-03-19,-394,-394,ZERO_TRADE_ENDPOINT_REQUIRES_TRADING_DAY_SEMANTICS_ADJUDICATION
ساروم,1395,2016-07-19,2015-07-18,2015-07-19,0.0,0.0,0.0,4706.0,ADJUSTED_CLOSE_UNRESOLVED,2014-06-21,2014-06-21,-392,-392,ZERO_TRADE_ENDPOINT_REQUIRES_TRADING_DAY_SEMANTICS_ADJUDICATION
سبجنو,1395,2016-07-19,2015-07-18,2015-07-19,0.0,0.0,0.0,3866.0,ADJUSTED_CLOSE_UNRESOLVED,2014-06-21,2014-06-21,-392,-392,ZERO_TRADE_ENDPOINT_REQUIRES_TRADING_DAY_SEMANTICS_ADJUDICATION
سبهان,1395,2016-07-19,2015-07-18,2015-07-19,0.0,0.0,0.0,24832.0,ADJUSTED_CLOSE_UNRESOLVED,2013-06-19,2013-06-19,-759,-759,ZERO_TRADE_ENDPOINT_REQUIRES_TRADING_DAY_SEMANTICS_ADJUDICATION
ستران,1395,2016-07-19,2015-07-18,2015-07-19,0.0,0.0,0.0,2099.0,ADJUSTED_CLOSE_UNRESOLVED,2014-06-21,2014-06-21,-392,-392,ZERO_TRADE_ENDPOINT_REQUIRES_TRADING_DAY_SEMANTICS_ADJUDICATION
سخاش,1395,2016-07-19,2015-07-18,2015-07-19,0.0,0.0,0.0,6539.0,ADJUSTED_CLOSE_UNRESOLVED,2014-06-21,2014-06-21,-392,-392,ZERO_TRADE_ENDPOINT_REQUIRES_TRADING_DAY_SEMANTICS_ADJUDICATION
سخزر,1395,2016-07-19,2015-07-18,2015-07-19,0.0,0.0,0.0,4301.0,ADJUSTED_CLOSE_UNRESOLVED,2013-06-19,2013-06-19,-759,-759,ZERO_TRADE_ENDPOINT_REQUIRES_TRADING_DAY_SEMANTICS_ADJUDICATION
سخوز,1395,2016-07-19,2015-07-18,2015-07-19,0.0,0.0,0.0,3400.0,ADJUSTED_CLOSE_UNRESOLVED,2015-06-20,2015-06-20,-28,-28,ZERO_TRADE_ENDPOINT_REQUIRES_TRADING_DAY_SEMANTICS_ADJUDICATION
سدشت,1395,2016-01-20,2015-01-19,2015-01-19,0.0,0.0,0.0,2458.0,ADJUSTED_CLOSE_UNRESOLVED,2012-12-22,2012-12-23,-758,-757,ZERO_TRADE_ENDPOINT_REQUIRES_TRADING_DAY_SEMANTICS_ADJUDICATION
سدور,1395,2016-07-19,2015-07-18,2015-07-19,0.0,0.0,0.0,8855.0,ADJUSTED_CLOSE_UNRESOLVED,2013-06-19,2013-06-19,-759,-759,ZERO_TRADE_ENDPOINT_REQUIRES_TRADING_DAY_SEMANTICS_ADJUDICATION
سرود,1395,2016-07-19,2015-07-18,2015-07-19,0.0,0.0,0.0,3003.0,ADJUSTED_CLOSE_UNRESOLVED,2013-06-19,2013-06-19,-759,-759,ZERO_TRADE_ENDPOINT_REQUIRES_TRADING_DAY_SEMANTICS_ADJUDICATION
سصفها,1395,2016-07-19,2015-07-18,2015-07-19,0.0,0.0,0.0,15222.0,ADJUSTED_CLOSE_UNRESOLVED,2014-06-21,2014-06-21,-392,-392,ZERO_TRADE_ENDPOINT_REQUIRES_TRADING_DAY_SEMANTICS_ADJUDICATION
سغرب,1395,2016-07-19,2015-07-18,2015-07-19,0.0,0.0,0.0,3884.0,ADJUSTED_CLOSE_UNRESOLVED,2014-06-21,2014-06-21,-392,-392,ZERO_TRADE_ENDPOINT_REQUIRES_TRADING_DAY_SEMANTICS_ADJUDICATION
سقاین,1395,2016-07-19,2015-07-18,2015-07-19,0.0,0.0,0.0,24941.0,ADJUSTED_CLOSE_UNRESOLVED,2013-06-19,2013-07-01,-759,-747,ZERO_TRADE_ENDPOINT_REQUIRES_TRADING_DAY_SEMANTICS_ADJUDICATION
سمازن,1395,2016-07-19,2015-07-18,2015-07-19,0.0,0.0,0.0,14416.0,ADJUSTED_CLOSE_UNRESOLVED,2013-06-19,2013-06-19,-759,-759,ZERO_TRADE_ENDPOINT_REQUIRES_TRADING_DAY_SEMANTICS_ADJUDICATION
سنیر,1395,2016-07-19,2015-07-18,2015-07-19,0.0,0.0,0.0,17672.0,ADJUSTED_CLOSE_UNRESOLVED,2014-06-21,2014-06-25,-392,-388,ZERO_TRADE_ENDPOINT_REQUIRES_TRADING_DAY_SEMANTICS_ADJUDICATION
سیلام,1395,2016-05-19,2015-05-18,2015-05-18,0.0,0.0,0.0,6988.0,ADJUSTED_CLOSE_UNRESOLVED,2013-04-20,2013-04-20,-758,-758,ZERO_TRADE_ENDPOINT_REQUIRES_TRADING_DAY_SEMANTICS_ADJUDICATION
شاراک,1395,2016-07-19,2015-07-18,2015-07-19,0.0,0.0,0.0,5614.0,ADJUSTED_CLOSE_UNRESOLVED,2014-06-21,2014-06-21,-392,-392,ZERO_TRADE_ENDPOINT_REQUIRES_TRADING_DAY_SEMANTICS_ADJUDICATION
شبریز,1395,2016-07-19,2015-07-18,2015-07-19,0.0,0.0,0.0,9373.0,ADJUSTED_CLOSE_UNRESOLVED,2014-06-21,2014-06-21,-392,-392,ZERO_TRADE_ENDPOINT_REQUIRES_TRADING_DAY_SEMANTICS_ADJUDICATION
شبندر,1395,2016-07-19,2015-07-18,2015-07-19,0.0,0.0,0.0,5817.0,ADJUSTED_CLOSE_UNRESOLVED,2014-06-21,2014-06-21,-392,-392,ZERO_TRADE_ENDPOINT_REQUIRES_TRADING_DAY_SEMANTICS_ADJUDICATION
شدوص,1395,2016-07-19,2015-07-18,2015-07-19,0.0,0.0,0.0,2498.0,ADJUSTED_CLOSE_UNRESOLVED,2014-06-21,2014-06-21,-392,-392,ZERO_TRADE_ENDPOINT_REQUIRES_TRADING_DAY_SEMANTICS_ADJUDICATION
شفارس,1395,2016-07-19,2015-07-18,2015-07-19,0.0,0.0,0.0,4968.0,ADJUSTED_CLOSE_UNRESOLVED,2014-06-21,2014-06-21,-392,-392,ZERO_TRADE_ENDPOINT_REQUIRES_TRADING_DAY_SEMANTICS_ADJUDICATION
شلعاب,1395,2016-07-19,2015-07-18,2015-07-19,0.0,0.0,0.0,1926.0,ADJUSTED_CLOSE_UNRESOLVED,2014-06-21,2014-06-21,-392,-392,ZERO_TRADE_ENDPOINT_REQUIRES_TRADING_DAY_SEMANTICS_ADJUDICATION
شپارس,1395,2016-01-20,2015-01-19,2015-01-19,0.0,0.0,0.0,5436.0,ADJUSTED_CLOSE_UNRESOLVED,2013-12-21,2013-12-21,-394,-394,ZERO_TRADE_ENDPOINT_REQUIRES_TRADING_DAY_SEMANTICS_ADJUDICATION
شپنا,1395,2016-07-19,2015-07-18,2015-07-19,0.0,0.0,0.0,6252.0,ADJUSTED_CLOSE_UNRESOLVED,2014-06-21,2015-03-17,-392,-123,ZERO_TRADE_ENDPOINT_REQUIRES_TRADING_DAY_SEMANTICS_ADJUDICATION
شکربن,1395,2016-07-19,2015-07-18,2015-07-19,0.0,0.0,0.0,3117.0,ADJUSTED_CLOSE_UNRESOLVED,2014-06-21,2014-06-21,-392,-392,ZERO_TRADE_ENDPOINT_REQUIRES_TRADING_DAY_SEMANTICS_ADJUDICATION
غبهنوش,1395,2016-07-19,2015-07-18,2015-07-19,0.0,0.0,0.0,4233.0,ADJUSTED_CLOSE_UNRESOLVED,2013-06-19,2013-06-19,-759,-759,ZERO_TRADE_ENDPOINT_REQUIRES_TRADING_DAY_SEMANTICS_ADJUDICATION
غسالم,1395,2016-07-19,2015-07-18,2015-07-19,0.0,0.0,0.0,2039.0,ADJUSTED_CLOSE_UNRESOLVED,2013-06-19,2013-06-19,-759,-759,ZERO_TRADE_ENDPOINT_REQUIRES_TRADING_DAY_SEMANTICS_ADJUDICATION
غشان,1395,2016-07-19,2015-07-18,2015-07-19,0.0,0.0,0.0,5164.0,ADJUSTED_CLOSE_UNRESOLVED,2013-06-19,2013-06-19,-759,-759,ZERO_TRADE_ENDPOINT_REQUIRES_TRADING_DAY_SEMANTICS_ADJUDICATION
غشهد,1395,2016-07-19,2015-07-18,2015-07-19,0.0,0.0,0.0,2115.0,ADJUSTED_CLOSE_UNRESOLVED,2013-06-19,2013-06-23,-759,-755,ZERO_TRADE_ENDPOINT_REQUIRES_TRADING_DAY_SEMANTICS_ADJUDICATION
غنوش,1395,2016-07-19,2015-07-18,2015-07-19,0.0,0.0,0.0,4069.0,ADJUSTED_CLOSE_UNRESOLVED,2013-06-19,2013-07-06,-759,-742,ZERO_TRADE_ENDPOINT_REQUIRES_TRADING_DAY_SEMANTICS_ADJUDICATION
غگل,1395,2016-01-20,2015-01-19,2015-01-19,0.0,0.0,0.0,19755.0,ADJUSTED_CLOSE_UNRESOLVED,2012-12-22,2012-12-23,-758,-757,ZERO_TRADE_ENDPOINT_REQUIRES_TRADING_DAY_SEMANTICS_ADJUDICATION
فاذر,1395,2016-07-19,2015-07-18,2015-07-19,0.0,0.0,0.0,2967.0,ADJUSTED_CLOSE_UNRESOLVED,2014-06-21,2014-06-30,-392,-383,ZERO_TRADE_ENDPOINT_REQUIRES_TRADING_DAY_SEMANTICS_ADJUDICATION
فایرا,1395,2016-07-19,2015-07-18,2015-07-19,0.0,0.0,0.0,5662.0,ADJUSTED_CLOSE_UNRESOLVED,2014-06-21,2014-08-03,-392,-349,ZERO_TRADE_ENDPOINT_REQUIRES_TRADING_DAY_SEMANTICS_ADJUDICATION
فباهنر,1395,2016-07-19,2015-07-18,2015-07-19,0.0,0.0,0.0,1421.0,ADJUSTED_CLOSE_UNRESOLVED,2014-06-21,2014-06-24,-392,-389,ZERO_TRADE_ENDPOINT_REQUIRES_TRADING_DAY_SEMANTICS_ADJUDICATION
فجام,1395,2016-07-19,2015-07-18,2015-07-19,0.0,0.0,0.0,11760.0,ADJUSTED_CLOSE_UNRESOLVED,2014-06-21,2014-06-21,-392,-392,ZERO_TRADE_ENDPOINT_REQUIRES_TRADING_DAY_SEMANTICS_ADJUDICATION
فجر,1395,2016-07-19,2015-07-18,2015-07-19,0.0,0.0,0.0,11140.0,ADJUSTED_CLOSE_UNRESOLVED,2014-06-21,2014-06-23,-392,-390,ZERO_TRADE_ENDPOINT_REQUIRES_TRADING_DAY_SEMANTICS_ADJUDICATION
فخوز,1395,2016-07-19,2015-07-18,2015-07-19,0.0,0.0,0.0,3420.0,ADJUSTED_CLOSE_UNRESOLVED,2014-06-21,2014-06-21,-392,-392,ZERO_TRADE_ENDPOINT_REQUIRES_TRADING_DAY_SEMANTICS_ADJUDICATION
فرآور,1395,2016-07-19,2015-07-18,2015-07-19,0.0,0.0,0.0,2447.0,ADJUSTED_CLOSE_UNRESOLVED,2014-06-21,2014-06-21,-392,-392,ZERO_TRADE_ENDPOINT_REQUIRES_TRADING_DAY_SEMANTICS_ADJUDICATION
فسرب,1395,2016-07-19,2015-07-18,2015-07-19,0.0,0.0,0.0,1160.0,ADJUSTED_CLOSE_UNRESOLVED,2014-06-21,2014-06-21,-392,-392,ZERO_TRADE_ENDPOINT_REQUIRES_TRADING_DAY_SEMANTICS_ADJUDICATION
فسپا,1395,2016-07-19,2015-07-18,2015-07-19,0.0,0.0,0.0,4713.0,ADJUSTED_CLOSE_UNRESOLVED,2014-06-21,2014-06-21,-392,-392,ZERO_TRADE_ENDPOINT_REQUIRES_TRADING_DAY_SEMANTICS_ADJUDICATION
فمراد,1395,2016-07-19,2015-07-18,2015-07-19,0.0,0.0,0.0,2298.0,ADJUSTED_CLOSE_UNRESOLVED,2014-06-21,2014-11-01,-392,-259,ZERO_TRADE_ENDPOINT_REQUIRES_TRADING_DAY_SEMANTICS_ADJUDICATION
فملی,1395,2016-07-19,2015-07-18,2015-07-19,0.0,0.0,0.0,1837.0,ADJUSTED_CLOSE_UNRESOLVED,2014-06-21,2014-06-21,-392,-392,ZERO_TRADE_ENDPOINT_REQUIRES_TRADING_DAY_SEMANTICS_ADJUDICATION
فنورد,1395,2016-07-19,2015-07-18,2015-07-19,0.0,0.0,0.0,3924.0,ADJUSTED_CLOSE_UNRESOLVED,2014-06-21,2014-06-21,-392,-392,ZERO_TRADE_ENDPOINT_REQUIRES_TRADING_DAY_SEMANTICS_ADJUDICATION
فولاژ,1395,2016-07-19,2015-07-18,2015-07-19,0.0,0.0,0.0,1606.0,ADJUSTED_CLOSE_UNRESOLVED,2014-06-21,2014-06-21,-392,-392,ZERO_TRADE_ENDPOINT_REQUIRES_TRADING_DAY_SEMANTICS_ADJUDICATION
فپنتا,1395,2016-07-19,2015-07-18,2015-07-19,0.0,0.0,0.0,11496.0,ADJUSTED_CLOSE_UNRESOLVED,2014-06-21,2014-06-21,-392,-392,ZERO_TRADE_ENDPOINT_REQUIRES_TRADING_DAY_SEMANTICS_ADJUDICATION
لابسا,1395,2016-07-19,2015-07-18,2015-07-19,0.0,0.0,0.0,2381.0,ADJUSTED_CLOSE_UNRESOLVED,2014-06-21,2014-06-21,-392,-392,ZERO_TRADE_ENDPOINT_REQUIRES_TRADING_DAY_SEMANTICS_ADJUDICATION
لبوتان,1395,2016-07-19,2015-07-18,2015-07-19,0.0,0.0,0.0,2676.0,ADJUSTED_CLOSE_UNRESOLVED,2014-06-21,2014-07-02,-392,-381,ZERO_TRADE_ENDPOINT_REQUIRES_TRADING_DAY_SEMANTICS_ADJUDICATION
لخزر,1395,2016-07-19,2015-07-18,2015-07-19,0.0,0.0,0.0,6305.0,ADJUSTED_CLOSE_UNRESOLVED,2014-06-21,2014-06-21,-392,-392,ZERO_TRADE_ENDPOINT_REQUIRES_TRADING_DAY_SEMANTICS_ADJUDICATION
لسرما,1395,2016-07-19,2015-07-18,2015-07-19,0.0,0.0,0.0,2084.0,ADJUSTED_CLOSE_UNRESOLVED,2014-06-21,2014-07-08,-392,-375,ZERO_TRADE_ENDPOINT_REQUIRES_TRADING_DAY_SEMANTICS_ADJUDICATION
همراه,1395,2016-07-19,2015-07-18,2015-07-19,0.0,0.0,0.0,26842.0,ADJUSTED_CLOSE_UNRESOLVED,2015-06-20,2015-06-20,-28,-28,ZERO_TRADE_ENDPOINT_REQUIRES_TRADING_DAY_SEMANTICS_ADJUDICATION
پدرخش,1395,2016-07-19,2015-07-18,2015-07-19,0.0,0.0,0.0,2816.0,ADJUSTED_CLOSE_UNRESOLVED,2014-06-21,2014-06-30,-392,-383,ZERO_TRADE_ENDPOINT_REQUIRES_TRADING_DAY_SEMANTICS_ADJUDICATION
پسهند,1395,2016-07-19,2015-07-18,2015-07-19,0.0,0.0,0.0,5200.0,ADJUSTED_CLOSE_UNRESOLVED,2014-06-21,2014-06-21,-392,-392,ZERO_TRADE_ENDPOINT_REQUIRES_TRADING_DAY_SEMANTICS_ADJUDICATION
پلاسک,1395,2016-07-19,2015-07-18,2015-07-19,0.0,0.0,0.0,1320.0,ADJUSTED_CLOSE_UNRESOLVED,2014-06-21,2014-06-21,-392,-392,ZERO_TRADE_ENDPOINT_REQUIRES_TRADING_DAY_SEMANTICS_ADJUDICATION
چکارن,1395,2016-07-19,2015-07-18,2015-07-19,0.0,0.0,0.0,2540.0,ADJUSTED_CLOSE_UNRESOLVED,2014-06-21,2014-06-21,-392,-392,ZERO_TRADE_ENDPOINT_REQUIRES_TRADING_DAY_SEMANTICS_ADJUDICATION
کبافق,1395,2016-07-19,2015-07-18,2015-07-19,0.0,0.0,0.0,2963.0,ADJUSTED_CLOSE_UNRESOLVED,2013-06-19,2013-06-19,-759,-759,ZERO_TRADE_ENDPOINT_REQUIRES_TRADING_DAY_SEMANTICS_ADJUDICATION
کرازی,1395,2016-07-19,2015-07-18,2015-07-19,0.0,0.0,0.0,8099.0,ADJUSTED_CLOSE_UNRESOLVED,2013-06-19,2013-06-19,-759,-759,ZERO_TRADE_ENDPOINT_REQUIRES_TRADING_DAY_SEMANTICS_ADJUDICATION
کفرا,1395,2016-07-19,2015-07-18,2015-07-19,0.0,0.0,0.0,8793.0,ADJUSTED_CLOSE_UNRESOLVED,2013-06-19,2013-07-06,-759,-742,ZERO_TRADE_ENDPOINT_REQUIRES_TRADING_DAY_SEMANTICS_ADJUDICATION
کفپارس,1395,2016-04-18,2015-04-17,2015-04-18,0.0,0.0,0.0,4503.0,ADJUSTED_CLOSE_UNRESOLVED,2013-03-25,2013-05-20,-753,-697,ZERO_TRADE_ENDPOINT_REQUIRES_TRADING_DAY_SEMANTICS_ADJUDICATION
کگاز,1395,2016-07-19,2015-07-18,2015-07-19,0.0,0.0,0.0,3717.0,ADJUSTED_CLOSE_UNRESOLVED,2013-06-19,2013-06-19,-759,-759,ZERO_TRADE_ENDPOINT_REQUIRES_TRADING_DAY_SEMANTICS_ADJUDICATION
کگل,1395,2016-07-19,2015-07-18,2015-07-19,0.0,0.0,0.0,3041.0,ADJUSTED_CLOSE_UNRESOLVED,2013-06-19,2013-06-19,-759,-759,ZERO_TRADE_ENDPOINT_REQUIRES_TRADING_DAY_SEMANTICS_ADJUDICATION
بترانس,1396,2017-07-21,2016-07-19,2016-07-19,0.0,0.0,0.0,14935.0,ADJUSTED_CLOSE_UNRESOLVED,2014-06-21,2014-06-21,-759,-759,ZERO_TRADE_ENDPOINT_REQUIRES_TRADING_DAY_SEMANTICS_ADJUDICATION
بکاب,1396,2017-01-19,2016-01-18,2016-01-18,0.0,0.0,0.0,8291.0,ADJUSTED_CLOSE_UNRESOLVED,2013-12-21,2013-12-21,-758,-758,ZERO_TRADE_ENDPOINT_REQUIRES_TRADING_DAY_SEMANTICS_ADJUDICATION
تپمپی,1396,2016-10-21,2015-10-19,2015-10-19,0.0,0.0,0.0,3375.0,ADJUSTED_CLOSE_UNRESOLVED,2013-09-21,2013-09-21,-758,-758,ZERO_TRADE_ENDPOINT_REQUIRES_TRADING_DAY_SEMANTICS_ADJUDICATION
تکمبا,1396,2017-07-21,2016-07-19,2016-07-19,0.0,0.0,0.0,802.0,ADJUSTED_CLOSE_UNRESOLVED,2014-06-21,2014-06-21,-759,-759,ZERO_TRADE_ENDPOINT_REQUIRES_TRADING_DAY_SEMANTICS_ADJUDICATION
جم,1396,2017-07-21,2016-07-19,2016-07-19,0.0,0.0,0.0,9436.0,ADJUSTED_CLOSE_UNRESOLVED,2015-08-08,2015-08-09,-346,-345,ZERO_TRADE_ENDPOINT_REQUIRES_TRADING_DAY_SEMANTICS_ADJUDICATION
حپترو,1396,2017-07-21,2016-07-19,2016-07-19,0.0,0.0,0.0,2946.0,ADJUSTED_CLOSE_UNRESOLVED,2013-06-19,2013-06-30,-1126,-1115,ZERO_TRADE_ENDPOINT_REQUIRES_TRADING_DAY_SEMANTICS_ADJUDICATION
خاذین,1396,2017-07-21,2016-07-19,2016-07-19,0.0,0.0,0.0,971.0,ADJUSTED_CLOSE_UNRESOLVED,2013-06-19,2013-06-19,-1126,-1126,ZERO_TRADE_ENDPOINT_REQUIRES_TRADING_DAY_SEMANTICS_ADJUDICATION
خنصیر,1396,2017-07-21,2016-07-19,2016-07-19,0.0,0.0,0.0,2467.0,ADJUSTED_CLOSE_UNRESOLVED,2013-06-19,2013-06-22,-1126,-1123,ZERO_TRADE_ENDPOINT_REQUIRES_TRADING_DAY_SEMANTICS_ADJUDICATION
خوساز,1396,2017-07-21,2016-07-19,2016-07-19,0.0,0.0,0.0,3341.0,ADJUSTED_CLOSE_UNRESOLVED,2013-06-19,2013-06-19,-1126,-1126,ZERO_TRADE_ENDPOINT_REQUIRES_TRADING_DAY_SEMANTICS_ADJUDICATION
دشیمی,1396,2017-07-21,2016-07-19,2016-07-19,0.0,0.0,0.0,4608.0,ADJUSTED_CLOSE_UNRESOLVED,2014-06-21,2014-06-22,-759,-758,ZERO_TRADE_ENDPOINT_REQUIRES_TRADING_DAY_SEMANTICS_ADJUDICATION
ساروم,1396,2017-07-21,2016-07-19,2016-07-19,0.0,0.0,0.0,2618.0,ADJUSTED_CLOSE_UNRESOLVED,2014-06-21,2014-06-21,-759,-759,ZERO_TRADE_ENDPOINT_REQUIRES_TRADING_DAY_SEMANTICS_ADJUDICATION
سدشت,1396,2017-01-19,2016-01-18,2016-01-18,0.0,0.0,0.0,2081.0,ADJUSTED_CLOSE_UNRESOLVED,2012-12-22,2012-12-23,-1122,-1121,ZERO_TRADE_ENDPOINT_REQUIRES_TRADING_DAY_SEMANTICS_ADJUDICATION
سمازن,1396,2017-04-19,2016-04-18,2016-04-18,0.0,0.0,0.0,14108.0,ADJUSTED_CLOSE_UNRESOLVED,2013-06-19,2013-06-19,-1034,-1034,ZERO_TRADE_ENDPOINT_REQUIRES_TRADING_DAY_SEMANTICS_ADJUDICATION
سنیر,1396,2017-07-21,2016-07-19,2016-07-19,0.0,0.0,0.0,16013.0,ADJUSTED_CLOSE_UNRESOLVED,2014-06-21,2014-06-25,-759,-755,ZERO_TRADE_ENDPOINT_REQUIRES_TRADING_DAY_SEMANTICS_ADJUDICATION
سیلام,1396,2017-05-20,2016-05-17,2016-05-17,0.0,0.0,0.0,4919.0,ADJUSTED_CLOSE_UNRESOLVED,2013-04-20,2013-04-20,-1123,-1123,ZERO_TRADE_ENDPOINT_REQUIRES_TRADING_DAY_SEMANTICS_ADJUDICATION
شبریز,1396,2017-07-21,2016-07-19,2016-07-19,0.0,0.0,0.0,3826.0,ADJUSTED_CLOSE_UNRESOLVED,2014-06-21,2014-06-21,-759,-759,ZERO_TRADE_ENDPOINT_REQUIRES_TRADING_DAY_SEMANTICS_ADJUDICATION
شبندر,1396,2017-07-21,2016-07-19,2016-07-19,0.0,0.0,0.0,4760.0,ADJUSTED_CLOSE_UNRESOLVED,2014-06-21,2014-06-21,-759,-759,ZERO_TRADE_ENDPOINT_REQUIRES_TRADING_DAY_SEMANTICS_ADJUDICATION
شپنا,1396,2017-07-21,2016-07-19,2016-07-19,0.0,0.0,0.0,2794.0,ADJUSTED_CLOSE_UNRESOLVED,2014-06-21,2015-03-17,-759,-490,ZERO_TRADE_ENDPOINT_REQUIRES_TRADING_DAY_SEMANTICS_ADJUDICATION
غبهنوش,1396,2017-07-21,2016-07-19,2016-07-19,0.0,0.0,0.0,6864.0,ADJUSTED_CLOSE_UNRESOLVED,2013-06-19,2013-06-19,-1126,-1126,ZERO_TRADE_ENDPOINT_REQUIRES_TRADING_DAY_SEMANTICS_ADJUDICATION
غدام,1396,2017-04-19,2016-04-18,2016-04-18,0.0,0.0,0.0,9019.0,ADJUSTED_CLOSE_UNRESOLVED,2013-03-25,2013-03-26,-1120,-1119,ZERO_TRADE_ENDPOINT_REQUIRES_TRADING_DAY_SEMANTICS_ADJUDICATION
غنوش,1396,2017-07-21,2016-07-19,2016-07-19,0.0,0.0,0.0,3813.0,ADJUSTED_CLOSE_UNRESOLVED,2013-06-19,2013-07-06,-1126,-1109,ZERO_TRADE_ENDPOINT_REQUIRES_TRADING_DAY_SEMANTICS_ADJUDICATION
غگل,1396,2017-01-19,2016-01-18,2016-01-18,0.0,0.0,0.0,34086.0,ADJUSTED_CLOSE_UNRESOLVED,2012-12-22,2012-12-23,-1122,-1121,ZERO_TRADE_ENDPOINT_REQUIRES_TRADING_DAY_SEMANTICS_ADJUDICATION
فاذر,1396,2017-07-21,2016-07-19,2016-07-19,0.0,0.0,0.0,5231.0,ADJUSTED_CLOSE_UNRESOLVED,2014-06-21,2014-06-30,-759,-750,ZERO_TRADE_ENDPOINT_REQUIRES_TRADING_DAY_SEMANTICS_ADJUDICATION
فایرا,1396,2017-07-21,2016-07-19,2016-07-19,0.0,0.0,0.0,2828.0,ADJUSTED_CLOSE_UNRESOLVED,2014-06-21,2014-08-03,-759,-716,ZERO_TRADE_ENDPOINT_REQUIRES_TRADING_DAY_SEMANTICS_ADJUDICATION
فجام,1396,2017-07-21,2016-07-19,2016-07-19,0.0,0.0,0.0,25661.0,ADJUSTED_CLOSE_UNRESOLVED,2014-06-21,2014-06-21,-759,-759,ZERO_TRADE_ENDPOINT_REQUIRES_TRADING_DAY_SEMANTICS_ADJUDICATION
فجر,1396,2017-07-21,2016-07-19,2016-07-19,0.0,0.0,0.0,6853.0,ADJUSTED_CLOSE_UNRESOLVED,2014-06-21,2014-06-23,-759,-757,ZERO_TRADE_ENDPOINT_REQUIRES_TRADING_DAY_SEMANTICS_ADJUDICATION
فخوز,1396,2017-07-21,2016-07-19,2016-07-19,0.0,0.0,0.0,2400.0,ADJUSTED_CLOSE_UNRESOLVED,2014-06-21,2014-06-21,-759,-759,ZERO_TRADE_ENDPOINT_REQUIRES_TRADING_DAY_SEMANTICS_ADJUDICATION
فسپا,1396,2017-07-21,2016-07-19,2016-07-19,0.0,0.0,0.0,2805.0,ADJUSTED_CLOSE_UNRESOLVED,2014-06-21,2014-06-21,-759,-759,ZERO_TRADE_ENDPOINT_REQUIRES_TRADING_DAY_SEMANTICS_ADJUDICATION
فمراد,1396,2017-07-21,2016-07-19,2016-07-19,0.0,0.0,0.0,2466.0,ADJUSTED_CLOSE_UNRESOLVED,2014-06-21,2014-11-01,-759,-626,ZERO_TRADE_ENDPOINT_REQUIRES_TRADING_DAY_SEMANTICS_ADJUDICATION
فملی,1396,2017-07-21,2016-07-19,2016-07-19,0.0,0.0,0.0,1344.0,ADJUSTED_CLOSE_UNRESOLVED,2014-06-21,2014-06-21,-759,-759,ZERO_TRADE_ENDPOINT_REQUIRES_TRADING_DAY_SEMANTICS_ADJUDICATION
فنورد,1396,2017-07-21,2016-07-19,2016-07-19,0.0,0.0,0.0,4813.0,ADJUSTED_CLOSE_UNRESOLVED,2014-06-21,2014-06-21,-759,-759,ZERO_TRADE_ENDPOINT_REQUIRES_TRADING_DAY_SEMANTICS_ADJUDICATION
فولاژ,1396,2017-07-21,2016-07-19,2016-07-19,0.0,0.0,0.0,1594.0,ADJUSTED_CLOSE_UNRESOLVED,2014-06-21,2014-06-21,-759,-759,ZERO_TRADE_ENDPOINT_REQUIRES_TRADING_DAY_SEMANTICS_ADJUDICATION
لبوتان,1396,2017-07-21,2016-07-19,2016-07-19,0.0,0.0,0.0,2858.0,ADJUSTED_CLOSE_UNRESOLVED,2014-06-21,2014-07-02,-759,-748,ZERO_TRADE_ENDPOINT_REQUIRES_TRADING_DAY_SEMANTICS_ADJUDICATION
لسرما,1396,2017-07-21,2016-07-19,2016-07-19,0.0,0.0,0.0,1779.0,ADJUSTED_CLOSE_UNRESOLVED,2014-06-21,2014-07-08,-759,-742,ZERO_TRADE_ENDPOINT_REQUIRES_TRADING_DAY_SEMANTICS_ADJUDICATION
پلاسک,1396,2017-07-21,2016-07-19,2016-07-19,0.0,0.0,0.0,1681.0,ADJUSTED_CLOSE_UNRESOLVED,2014-06-21,2014-06-21,-759,-759,ZERO_TRADE_ENDPOINT_REQUIRES_TRADING_DAY_SEMANTICS_ADJUDICATION
کفپارس,1396,2017-04-19,2016-04-18,2016-04-18,0.0,0.0,0.0,6918.0,ADJUSTED_CLOSE_UNRESOLVED,2013-03-25,2013-05-20,-1120,-1064,ZERO_TRADE_ENDPOINT_REQUIRES_TRADING_DAY_SEMANTICS_ADJUDICATION
کهمدا,1396,2016-10-21,2015-10-19,2015-10-19,0.0,0.0,0.0,5465.0,ADJUSTED_CLOSE_UNRESOLVED,2012-09-22,2012-09-22,-1122,-1122,ZERO_TRADE_ENDPOINT_REQUIRES_TRADING_DAY_SEMANTICS_ADJUDICATION
بالبر,1397,2018-01-20,2017-01-17,2017-01-17,0.0,0.0,0.0,2756.0,ADJUSTED_CLOSE_UNRESOLVED,2013-12-21,2014-01-27,-1123,-1086,ZERO_TRADE_ENDPOINT_REQUIRES_TRADING_DAY_SEMANTICS_ADJUDICATION
بکاب,1397,2018-01-20,2017-01-17,2017-01-17,0.0,0.0,0.0,12351.0,ADJUSTED_CLOSE_UNRESOLVED,2013-12-21,2013-12-21,-1123,-1123,ZERO_TRADE_ENDPOINT_REQUIRES_TRADING_DAY_SEMANTICS_ADJUDICATION
بکام,1397,2018-07-20,2017-07-18,2017-07-18,0.0,0.0,0.0,2600.0,ADJUSTED_CLOSE_UNRESOLVED,2014-06-21,2014-06-29,-1123,-1115,ZERO_TRADE_ENDPOINT_REQUIRES_TRADING_DAY_SEMANTICS_ADJUDICATION
تپمپی,1397,2017-10-22,2016-10-21,2016-10-22,0.0,0.0,0.0,3054.0,ADJUSTED_CLOSE_UNRESOLVED,2013-09-21,2013-09-21,-1126,-1126,ZERO_TRADE_ENDPOINT_REQUIRES_TRADING_DAY_SEMANTICS_ADJUDICATION
حپترو,1397,2018-07-20,2017-07-18,2017-07-18,0.0,0.0,0.0,4128.0,ADJUSTED_CLOSE_UNRESOLVED,2013-06-19,2013-06-30,-1490,-1479,ZERO_TRADE_ENDPOINT_REQUIRES_TRADING_DAY_SEMANTICS_ADJUDICATION
حکشتی,1397,2017-10-22,2016-10-21,2016-10-22,0.0,0.0,0.0,4905.0,ADJUSTED_CLOSE_UNRESOLVED,2012-09-22,2012-09-22,-1490,-1490,ZERO_TRADE_ENDPOINT_REQUIRES_TRADING_DAY_SEMANTICS_ADJUDICATION
خبهمن,1397,2018-07-20,2017-07-18,2017-07-18,0.0,0.0,0.0,967.0,ADJUSTED_CLOSE_UNRESOLVED,2013-06-19,2013-06-22,-1490,-1487,ZERO_TRADE_ENDPOINT_REQUIRES_TRADING_DAY_SEMANTICS_ADJUDICATION
خنصیر,1397,2018-07-20,2017-07-18,2017-07-18,0.0,0.0,0.0,3706.0,ADJUSTED_CLOSE_UNRESOLVED,2013-06-19,2013-06-22,-1490,-1487,ZERO_TRADE_ENDPOINT_REQUIRES_TRADING_DAY_SEMANTICS_ADJUDICATION
خوساز,1397,2018-07-20,2017-07-18,2017-07-18,0.0,0.0,0.0,1876.0,ADJUSTED_CLOSE_UNRESOLVED,2013-06-19,2013-06-19,-1490,-1490,ZERO_TRADE_ENDPOINT_REQUIRES_TRADING_DAY_SEMANTICS_ADJUDICATION
دشیمی,1397,2018-07-20,2017-07-18,2017-07-18,0.0,0.0,0.0,3048.0,ADJUSTED_CLOSE_UNRESOLVED,2014-06-21,2014-06-22,-1123,-1122,ZERO_TRADE_ENDPOINT_REQUIRES_TRADING_DAY_SEMANTICS_ADJUDICATION
ساراب,1397,2018-07-20,2017-07-18,2017-07-18,0.0,0.0,0.0,1390.0,ADJUSTED_CLOSE_UNRESOLVED,2013-06-19,2013-06-19,-1490,-1490,ZERO_TRADE_ENDPOINT_REQUIRES_TRADING_DAY_SEMANTICS_ADJUDICATION
سبهان,1397,2018-07-20,2017-07-18,2017-07-18,0.0,0.0,0.0,14535.0,ADJUSTED_CLOSE_UNRESOLVED,2013-06-19,2013-06-19,-1490,-1490,ZERO_TRADE_ENDPOINT_REQUIRES_TRADING_DAY_SEMANTICS_ADJUDICATION
ستران,1397,2018-07-20,2017-07-18,2017-07-18,0.0,0.0,0.0,2026.0,ADJUSTED_CLOSE_UNRESOLVED,2014-06-21,2014-06-21,-1123,-1123,ZERO_TRADE_ENDPOINT_REQUIRES_TRADING_DAY_SEMANTICS_ADJUDICATION
سخاش,1397,2018-07-20,2017-07-18,2017-07-18,0.0,0.0,0.0,8253.0,ADJUSTED_CLOSE_UNRESOLVED,2014-06-21,2014-06-21,-1123,-1123,ZERO_TRADE_ENDPOINT_REQUIRES_TRADING_DAY_SEMANTICS_ADJUDICATION
سمازن,1397,2018-04-19,2017-04-18,2017-04-18,0.0,0.0,0.0,4737.0,ADJUSTED_CLOSE_UNRESOLVED,2013-06-19,2013-06-19,-1399,-1399,ZERO_TRADE_ENDPOINT_REQUIRES_TRADING_DAY_SEMANTICS_ADJUDICATION
سنیر,1397,2018-07-20,2017-07-18,2017-07-18,0.0,0.0,0.0,15218.0,ADJUSTED_CLOSE_UNRESOLVED,2014-06-21,2014-06-25,-1123,-1119,ZERO_TRADE_ENDPOINT_REQUIRES_TRADING_DAY_SEMANTICS_ADJUDICATION
سیلام,1397,2018-05-20,2017-05-19,2017-05-20,0.0,0.0,0.0,4197.0,ADJUSTED_CLOSE_UNRESOLVED,2013-04-20,2013-04-20,-1490,-1490,ZERO_TRADE_ENDPOINT_REQUIRES_TRADING_DAY_SEMANTICS_ADJUDICATION
شبریز,1397,2018-07-20,2017-07-18,2017-07-18,0.0,0.0,0.0,4733.0,ADJUSTED_CLOSE_UNRESOLVED,2014-06-21,2014-06-21,-1123,-1123,ZERO_TRADE_ENDPOINT_REQUIRES_TRADING_DAY_SEMANTICS_ADJUDICATION
شبندر,1397,2018-07-20,2017-07-18,2017-07-18,0.0,0.0,0.0,5153.0,ADJUSTED_CLOSE_UNRESOLVED,2014-06-21,2014-06-21,-1123,-1123,ZERO_TRADE_ENDPOINT_REQUIRES_TRADING_DAY_SEMANTICS_ADJUDICATION
شدوص,1397,2018-07-20,2017-07-18,2017-07-18,0.0,0.0,0.0,2644.0,ADJUSTED_CLOSE_UNRESOLVED,2014-06-21,2014-06-21,-1123,-1123,ZERO_TRADE_ENDPOINT_REQUIRES_TRADING_DAY_SEMANTICS_ADJUDICATION
شپنا,1397,2018-07-20,2017-07-18,2017-07-18,0.0,0.0,0.0,3046.0,ADJUSTED_CLOSE_UNRESOLVED,2014-06-21,2015-03-17,-1123,-854,ZERO_TRADE_ENDPOINT_REQUIRES_TRADING_DAY_SEMANTICS_ADJUDICATION
غبهنوش,1397,2018-07-20,2017-07-18,2017-07-18,0.0,0.0,0.0,5018.0,ADJUSTED_CLOSE_UNRESOLVED,2013-06-19,2013-06-19,-1490,-1490,ZERO_TRADE_ENDPOINT_REQUIRES_TRADING_DAY_SEMANTICS_ADJUDICATION
غدام,1397,2018-04-19,2017-04-18,2017-04-18,0.0,0.0,0.0,7087.0,ADJUSTED_CLOSE_UNRESOLVED,2013-03-25,2013-03-26,-1485,-1484,ZERO_TRADE_ENDPOINT_REQUIRES_TRADING_DAY_SEMANTICS_ADJUDICATION
غسالم,1397,2018-07-20,2017-07-18,2017-07-18,0.0,0.0,0.0,2359.0,ADJUSTED_CLOSE_UNRESOLVED,2013-06-19,2013-06-19,-1490,-1490,ZERO_TRADE_ENDPOINT_REQUIRES_TRADING_DAY_SEMANTICS_ADJUDICATION
غشهد,1397,2018-07-20,2017-07-18,2017-07-18,0.0,0.0,0.0,2594.0,ADJUSTED_CLOSE_UNRESOLVED,2013-06-19,2013-06-23,-1490,-1486,ZERO_TRADE_ENDPOINT_REQUIRES_TRADING_DAY_SEMANTICS_ADJUDICATION
غنوش,1397,2018-07-20,2017-07-18,2017-07-18,0.0,0.0,0.0,3678.0,ADJUSTED_CLOSE_UNRESOLVED,2013-06-19,2013-07-06,-1490,-1473,ZERO_TRADE_ENDPOINT_REQUIRES_TRADING_DAY_SEMANTICS_ADJUDICATION
غگل,1397,2018-01-20,2017-01-17,2017-01-17,0.0,0.0,0.0,40910.0,ADJUSTED_CLOSE_UNRESOLVED,2012-12-22,2012-12-23,-1487,-1486,ZERO_TRADE_ENDPOINT_REQUIRES_TRADING_DAY_SEMANTICS_ADJUDICATION
فاذر,1397,2018-07-20,2017-07-18,2017-07-18,0.0,0.0,0.0,3042.0,ADJUSTED_CLOSE_UNRESOLVED,2014-06-21,2014-06-30,-1123,-1114,ZERO_TRADE_ENDPOINT_REQUIRES_TRADING_DAY_SEMANTICS_ADJUDICATION
فایرا,1397,2018-07-20,2017-07-18,2017-07-18,0.0,0.0,0.0,330.0,ADJUSTED_CLOSE_UNRESOLVED,2014-06-21,2014-08-03,-1123,-1080,ZERO_TRADE_ENDPOINT_REQUIRES_TRADING_DAY_SEMANTICS_ADJUDICATION
فباهنر,1397,2018-07-20,2017-07-18,2017-07-18,0.0,0.0,0.0,4325.0,ADJUSTED_CLOSE_UNRESOLVED,2014-06-21,2014-06-24,-1123,-1120,ZERO_TRADE_ENDPOINT_REQUIRES_TRADING_DAY_SEMANTICS_ADJUDICATION
فجر,1397,2018-07-20,2017-07-18,2017-07-18,0.0,0.0,0.0,11051.0,ADJUSTED_CLOSE_UNRESOLVED,2014-06-21,2014-06-23,-1123,-1121,ZERO_TRADE_ENDPOINT_REQUIRES_TRADING_DAY_SEMANTICS_ADJUDICATION
فملی,1397,2018-07-20,2017-07-18,2017-07-18,0.0,0.0,0.0,1884.0,ADJUSTED_CLOSE_UNRESOLVED,2014-06-21,2014-06-21,-1123,-1123,ZERO_TRADE_ENDPOINT_REQUIRES_TRADING_DAY_SEMANTICS_ADJUDICATION
فولاژ,1397,2018-07-20,2017-07-18,2017-07-18,0.0,0.0,0.0,1803.0,ADJUSTED_CLOSE_UNRESOLVED,2014-06-21,2014-06-21,-1123,-1123,ZERO_TRADE_ENDPOINT_REQUIRES_TRADING_DAY_SEMANTICS_ADJUDICATION
فپنتا,1397,2018-07-20,2017-07-18,2017-07-18,0.0,0.0,0.0,13886.0,ADJUSTED_CLOSE_UNRESOLVED,2014-06-21,2014-06-21,-1123,-1123,ZERO_TRADE_ENDPOINT_REQUIRES_TRADING_DAY_SEMANTICS_ADJUDICATION
لابسا,1397,2018-07-20,2017-07-18,2017-07-18,0.0,0.0,0.0,3014.0,ADJUSTED_CLOSE_UNRESOLVED,2014-06-21,2014-06-21,-1123,-1123,ZERO_TRADE_ENDPOINT_REQUIRES_TRADING_DAY_SEMANTICS_ADJUDICATION
لسرما,1397,2018-07-20,2017-07-18,2017-07-18,0.0,0.0,0.0,5638.0,ADJUSTED_CLOSE_UNRESOLVED,2014-06-21,2014-07-08,-1123,-1106,ZERO_TRADE_ENDPOINT_REQUIRES_TRADING_DAY_SEMANTICS_ADJUDICATION
های وب,1397,2018-07-20,2017-07-18,2017-08-27,0.0,0.0,0.0,1000.0,ADJUSTED_CLOSE_UNRESOLVED,2017-08-27,2017-09-13,40,57,ZERO_TRADE_ENDPOINT_REQUIRES_TRADING_DAY_SEMANTICS_ADJUDICATION
پدرخش,1397,2018-07-20,2017-07-18,2017-07-18,0.0,0.0,0.0,3899.0,ADJUSTED_CLOSE_UNRESOLVED,2014-06-21,2014-06-30,-1123,-1114,ZERO_TRADE_ENDPOINT_REQUIRES_TRADING_DAY_SEMANTICS_ADJUDICATION
کاوه,1397,2018-07-20,2017-07-18,2017-07-18,0.0,0.0,0.0,1000.0,ADJUSTED_CLOSE_UNRESOLVED,2017-06-19,2017-10-18,-29,92,ZERO_TRADE_ENDPOINT_REQUIRES_TRADING_DAY_SEMANTICS_ADJUDICATION
کبافق,1397,2018-07-20,2017-07-18,2017-07-18,0.0,0.0,0.0,12816.0,ADJUSTED_CLOSE_UNRESOLVED,2013-06-19,2013-06-19,-1490,-1490,ZERO_TRADE_ENDPOINT_REQUIRES_TRADING_DAY_SEMANTICS_ADJUDICATION
کفپارس,1397,2018-04-19,2017-04-18,2017-04-18,0.0,0.0,0.0,4850.0,ADJUSTED_CLOSE_UNRESOLVED,2013-03-25,2013-05-20,-1485,-1429,ZERO_TRADE_ENDPOINT_REQUIRES_TRADING_DAY_SEMANTICS_ADJUDICATION
کگل,1397,2018-07-20,2017-07-18,2017-07-18,0.0,0.0,0.0,2000.0,ADJUSTED_CLOSE_UNRESOLVED,2013-06-19,2013-06-19,-1490,-1490,ZERO_TRADE_ENDPOINT_REQUIRES_TRADING_DAY_SEMANTICS_ADJUDICATION
حکشتی,1398,2018-10-22,2017-10-21,2017-10-21,0.0,0.0,0.0,4261.0,ADJUSTED_CLOSE_UNRESOLVED,2012-09-22,2012-09-22,-1855,-1855,ZERO_TRADE_ENDPOINT_REQUIRES_TRADING_DAY_SEMANTICS_ADJUDICATION
خبهمن,1398,2019-07-20,2018-07-17,2018-07-17,0.0,0.0,0.0,730.0,ADJUSTED_CLOSE_UNRESOLVED,2013-06-19,2013-06-22,-1854,-1851,ZERO_TRADE_ENDPOINT_REQUIRES_TRADING_DAY_SEMANTICS_ADJUDICATION
دیران,1398,2019-07-20,2018-07-17,2018-07-17,0.0,0.0,0.0,1572.0,ADJUSTED_CLOSE_UNRESOLVED,2013-06-19,2013-06-19,-1854,-1854,ZERO_TRADE_ENDPOINT_REQUIRES_TRADING_DAY_SEMANTICS_ADJUDICATION
رمپنا,1398,2018-08-22,2017-08-21,2017-08-21,0.0,0.0,0.0,7116.0,ADJUSTED_CLOSE_UNRESOLVED,2017-07-22,2017-08-26,-30,5,ZERO_TRADE_ENDPOINT_REQUIRES_TRADING_DAY_SEMANTICS_ADJUDICATION
زپارس,1398,2019-04-19,2018-04-17,2018-05-05,0.0,0.0,0.0,1000.0,ADJUSTED_CLOSE_UNRESOLVED,2018-05-05,2018-10-17,18,183,ZERO_TRADE_ENDPOINT_REQUIRES_TRADING_DAY_SEMANTICS_ADJUDICATION
ساربیل,1398,2019-04-19,2018-04-17,2018-04-17,0.0,0.0,0.0,5937.0,ADJUSTED_CLOSE_UNRESOLVED,2014-03-19,2014-03-19,-1490,-1490,ZERO_TRADE_ENDPOINT_REQUIRES_TRADING_DAY_SEMANTICS_ADJUDICATION
سخاش,1398,2019-07-20,2018-07-17,2018-07-17,0.0,0.0,0.0,9156.0,ADJUSTED_CLOSE_UNRESOLVED,2014-06-21,2014-06-21,-1487,-1487,ZERO_TRADE_ENDPOINT_REQUIRES_TRADING_DAY_SEMANTICS_ADJUDICATION
سخزر,1398,2019-07-20,2018-07-17,2018-07-17,0.0,0.0,0.0,3657.0,ADJUSTED_CLOSE_UNRESOLVED,2013-06-19,2013-06-19,-1854,-1854,ZERO_TRADE_ENDPOINT_REQUIRES_TRADING_DAY_SEMANTICS_ADJUDICATION
سدشت,1398,2019-01-20,2018-01-19,2018-01-20,0.0,0.0,0.0,1776.0,ADJUSTED_CLOSE_UNRESOLVED,2012-12-22,2012-12-23,-1854,-1853,ZERO_TRADE_ENDPOINT_REQUIRES_TRADING_DAY_SEMANTICS_ADJUDICATION
سمازن,1398,2019-04-19,2018-04-17,2018-04-17,0.0,0.0,0.0,2562.0,ADJUSTED_CLOSE_UNRESOLVED,2013-06-19,2013-06-19,-1763,-1763,ZERO_TRADE_ENDPOINT_REQUIRES_TRADING_DAY_SEMANTICS_ADJUDICATION
سنیر,1398,2019-07-20,2018-07-17,2018-07-17,0.0,0.0,0.0,13360.0,ADJUSTED_CLOSE_UNRESOLVED,2014-06-21,2014-06-25,-1487,-1483,ZERO_TRADE_ENDPOINT_REQUIRES_TRADING_DAY_SEMANTICS_ADJUDICATION
سیلام,1398,2019-05-20,2018-05-19,2018-05-19,0.0,0.0,0.0,2300.0,ADJUSTED_CLOSE_UNRESOLVED,2013-04-20,2013-04-20,-1855,-1855,ZERO_TRADE_ENDPOINT_REQUIRES_TRADING_DAY_SEMANTICS_ADJUDICATION
شپارس,1398,2019-01-20,2018-01-19,2018-01-20,0.0,0.0,0.0,1758.0,ADJUSTED_CLOSE_UNRESOLVED,2013-12-21,2013-12-21,-1490,-1490,ZERO_TRADE_ENDPOINT_REQUIRES_TRADING_DAY_SEMANTICS_ADJUDICATION
غدام,1398,2019-04-19,2018-04-17,2018-04-17,0.0,0.0,0.0,6904.0,ADJUSTED_CLOSE_UNRESOLVED,2013-03-25,2013-03-26,-1849,-1848,ZERO_TRADE_ENDPOINT_REQUIRES_TRADING_DAY_SEMANTICS_ADJUDICATION
غسالم,1398,2019-07-20,2018-07-17,2018-07-17,0.0,0.0,0.0,3548.0,ADJUSTED_CLOSE_UNRESOLVED,2013-06-19,2013-06-19,-1854,-1854,ZERO_TRADE_ENDPOINT_REQUIRES_TRADING_DAY_SEMANTICS_ADJUDICATION
غشهد,1398,2019-07-20,2018-07-17,2018-07-17,0.0,0.0,0.0,1736.0,ADJUSTED_CLOSE_UNRESOLVED,2013-06-19,2013-06-23,-1854,-1850,ZERO_TRADE_ENDPOINT_REQUIRES_TRADING_DAY_SEMANTICS_ADJUDICATION
غگل,1398,2019-01-20,2018-01-19,2018-01-20,0.0,0.0,0.0,17650.0,ADJUSTED_CLOSE_UNRESOLVED,2012-12-22,2012-12-23,-1854,-1853,ZERO_TRADE_ENDPOINT_REQUIRES_TRADING_DAY_SEMANTICS_ADJUDICATION
فاذر,1398,2019-07-20,2018-07-17,2018-07-17,0.0,0.0,0.0,3042.0,ADJUSTED_CLOSE_UNRESOLVED,2014-06-21,2014-06-30,-1487,-1478,ZERO_TRADE_ENDPOINT_REQUIRES_TRADING_DAY_SEMANTICS_ADJUDICATION
فسپا,1398,2019-07-20,2018-07-17,2018-07-17,0.0,0.0,0.0,1683.0,ADJUSTED_CLOSE_UNRESOLVED,2014-06-21,2014-06-21,-1487,-1487,ZERO_TRADE_ENDPOINT_REQUIRES_TRADING_DAY_SEMANTICS_ADJUDICATION
فمراد,1398,2019-07-20,2018-07-17,2018-07-17,0.0,0.0,0.0,6263.0,ADJUSTED_CLOSE_UNRESOLVED,2014-06-21,2014-11-01,-1487,-1354,ZERO_TRADE_ENDPOINT_REQUIRES_TRADING_DAY_SEMANTICS_ADJUDICATION
فنورد,1398,2019-07-20,2018-07-17,2018-07-17,0.0,0.0,0.0,7931.0,ADJUSTED_CLOSE_UNRESOLVED,2014-06-21,2014-06-21,-1487,-1487,ZERO_TRADE_ENDPOINT_REQUIRES_TRADING_DAY_SEMANTICS_ADJUDICATION
فولاژ,1398,2019-07-20,2018-07-17,2018-07-17,0.0,0.0,0.0,1491.0,ADJUSTED_CLOSE_UNRESOLVED,2014-06-21,2014-06-21,-1487,-1487,ZERO_TRADE_ENDPOINT_REQUIRES_TRADING_DAY_SEMANTICS_ADJUDICATION
های وب,1398,2019-07-20,2018-07-17,2018-07-17,0.0,0.0,0.0,5980.0,ADJUSTED_CLOSE_UNRESOLVED,2017-08-27,2017-09-13,-324,-307,ZERO_TRADE_ENDPOINT_REQUIRES_TRADING_DAY_SEMANTICS_ADJUDICATION
کفپارس,1398,2019-04-19,2018-04-17,2018-04-17,0.0,0.0,0.0,2702.0,ADJUSTED_CLOSE_UNRESOLVED,2013-03-25,2013-05-20,-1849,-1793,ZERO_TRADE_ENDPOINT_REQUIRES_TRADING_DAY_SEMANTICS_ADJUDICATION
کهمدا,1398,2018-10-22,2017-10-21,2017-10-21,0.0,0.0,0.0,7502.0,ADJUSTED_CLOSE_UNRESOLVED,2012-09-22,2012-09-22,-1855,-1855,ZERO_TRADE_ENDPOINT_REQUIRES_TRADING_DAY_SEMANTICS_ADJUDICATION
بالبر,1399,2020-01-20,2019-01-19,2019-01-19,0.0,0.0,0.0,2278.0,ADJUSTED_CLOSE_UNRESOLVED,2013-12-21,2014-01-27,-1855,-1818,ZERO_TRADE_ENDPOINT_REQUIRES_TRADING_DAY_SEMANTICS_ADJUDICATION
تکمبا,1399,2020-07-19,2019-07-18,2019-07-20,0.0,0.0,0.0,1802.0,ADJUSTED_CLOSE_UNRESOLVED,2014-06-21,2014-06-21,-1853,-1853,ZERO_TRADE_ENDPOINT_REQUIRES_TRADING_DAY_SEMANTICS_ADJUDICATION
حپترو,1399,2020-07-19,2019-07-18,2019-07-20,0.0,0.0,0.0,9476.0,ADJUSTED_CLOSE_UNRESOLVED,2013-06-19,2013-06-30,-2220,-2209,ZERO_TRADE_ENDPOINT_REQUIRES_TRADING_DAY_SEMANTICS_ADJUDICATION
خاذین,1399,2020-07-19,2019-07-18,2019-07-20,0.0,0.0,0.0,2603.0,ADJUSTED_CLOSE_UNRESOLVED,2013-06-19,2013-06-19,-2220,-2220,ZERO_TRADE_ENDPOINT_REQUIRES_TRADING_DAY_SEMANTICS_ADJUDICATION
خرینگ,1399,2020-07-19,2019-07-18,2019-07-20,0.0,0.0,0.0,4198.0,ADJUSTED_CLOSE_UNRESOLVED,2013-06-19,2013-06-23,-2220,-2216,ZERO_TRADE_ENDPOINT_REQUIRES_TRADING_DAY_SEMANTICS_ADJUDICATION
دروز,1399,2020-07-19,2019-07-18,2019-07-20,0.0,0.0,0.0,4274.0,ADJUSTED_CLOSE_UNRESOLVED,2013-06-19,2013-06-19,-2220,-2220,ZERO_TRADE_ENDPOINT_REQUIRES_TRADING_DAY_SEMANTICS_ADJUDICATION
دسینا,1399,2020-07-19,2019-07-18,2019-07-20,0.0,0.0,0.0,17736.0,ADJUSTED_CLOSE_UNRESOLVED,2014-06-21,2014-06-21,-1853,-1853,ZERO_TRADE_ENDPOINT_REQUIRES_TRADING_DAY_SEMANTICS_ADJUDICATION
ساراب,1399,2020-07-19,2019-07-18,2019-07-20,0.0,0.0,0.0,3451.0,ADJUSTED_CLOSE_UNRESOLVED,2013-06-19,2013-06-19,-2220,-2220,ZERO_TRADE_ENDPOINT_REQUIRES_TRADING_DAY_SEMANTICS_ADJUDICATION
سصفها,1399,2020-07-19,2019-07-18,2019-07-20,0.0,0.0,0.0,12680.0,ADJUSTED_CLOSE_UNRESOLVED,2014-06-21,2014-06-21,-1853,-1853,ZERO_TRADE_ENDPOINT_REQUIRES_TRADING_DAY_SEMANTICS_ADJUDICATION
سمازن,1399,2020-04-18,2019-04-15,2019-04-15,0.0,0.0,0.0,2800.0,ADJUSTED_CLOSE_UNRESOLVED,2013-06-19,2013-06-19,-2126,-2126,ZERO_TRADE_ENDPOINT_REQUIRES_TRADING_DAY_SEMANTICS_ADJUDICATION
سهگمت,1399,2020-05-19,2019-05-18,2019-05-18,0.0,0.0,0.0,4020.0,ADJUSTED_CLOSE_UNRESOLVED,2013-04-20,2013-04-20,-2219,-2219,ZERO_TRADE_ENDPOINT_REQUIRES_TRADING_DAY_SEMANTICS_ADJUDICATION
شبندر,1399,2020-07-19,2019-07-18,2019-07-20,0.0,0.0,0.0,14941.0,ADJUSTED_CLOSE_UNRESOLVED,2014-06-21,2014-06-21,-1853,-1853,ZERO_TRADE_ENDPOINT_REQUIRES_TRADING_DAY_SEMANTICS_ADJUDICATION
شلعاب,1399,2020-07-19,2019-07-18,2019-07-20,0.0,0.0,0.0,4494.0,ADJUSTED_CLOSE_UNRESOLVED,2014-06-21,2014-06-21,-1853,-1853,ZERO_TRADE_ENDPOINT_REQUIRES_TRADING_DAY_SEMANTICS_ADJUDICATION
شپنا,1399,2020-07-19,2019-07-18,2019-07-20,0.0,0.0,0.0,10915.0,ADJUSTED_CLOSE_UNRESOLVED,2014-06-21,2015-03-17,-1853,-1584,ZERO_TRADE_ENDPOINT_REQUIRES_TRADING_DAY_SEMANTICS_ADJUDICATION
غبهنوش,1399,2020-07-19,2019-07-18,2019-07-20,0.0,0.0,0.0,12719.0,ADJUSTED_CLOSE_UNRESOLVED,2013-06-19,2013-06-19,-2220,-2220,ZERO_TRADE_ENDPOINT_REQUIRES_TRADING_DAY_SEMANTICS_ADJUDICATION
غگل,1399,2020-01-20,2019-01-19,2019-01-19,0.0,0.0,0.0,11121.0,ADJUSTED_CLOSE_UNRESOLVED,2012-12-22,2012-12-23,-2219,-2218,ZERO_TRADE_ENDPOINT_REQUIRES_TRADING_DAY_SEMANTICS_ADJUDICATION
فاذر,1399,2020-07-19,2019-07-18,2019-07-20,0.0,0.0,0.0,4032.0,ADJUSTED_CLOSE_UNRESOLVED,2014-06-21,2014-06-30,-1853,-1844,ZERO_TRADE_ENDPOINT_REQUIRES_TRADING_DAY_SEMANTICS_ADJUDICATION
فولاژ,1399,2020-07-19,2019-07-18,2019-07-20,0.0,0.0,0.0,6177.0,ADJUSTED_CLOSE_UNRESOLVED,2014-06-21,2014-06-21,-1853,-1853,ZERO_TRADE_ENDPOINT_REQUIRES_TRADING_DAY_SEMANTICS_ADJUDICATION
لسرما,1399,2020-07-19,2019-07-18,2019-07-20,0.0,0.0,0.0,5516.0,ADJUSTED_CLOSE_UNRESOLVED,2014-06-21,2014-07-08,-1853,-1836,ZERO_TRADE_ENDPOINT_REQUIRES_TRADING_DAY_SEMANTICS_ADJUDICATION
های وب,1399,2020-07-19,2019-07-18,2019-07-20,0.0,0.0,0.0,6933.0,ADJUSTED_CLOSE_UNRESOLVED,2017-08-27,2017-09-13,-690,-673,ZERO_TRADE_ENDPOINT_REQUIRES_TRADING_DAY_SEMANTICS_ADJUDICATION
پارس,1399,2020-07-19,2019-07-18,2019-07-20,0.0,0.0,0.0,40006.0,ADJUSTED_CLOSE_UNRESOLVED,2018-07-07,2018-07-11,-376,-372,ZERO_TRADE_ENDPOINT_REQUIRES_TRADING_DAY_SEMANTICS_ADJUDICATION
چافست,1399,2020-01-20,2019-01-19,2019-01-19,0.0,0.0,0.0,5617.0,ADJUSTED_CLOSE_UNRESOLVED,2013-12-21,2013-12-28,-1855,-1848,ZERO_TRADE_ENDPOINT_REQUIRES_TRADING_DAY_SEMANTICS_ADJUDICATION
چکارن,1399,2020-07-19,2019-07-18,2019-07-20,0.0,0.0,0.0,39161.0,ADJUSTED_CLOSE_UNRESOLVED,2014-06-21,2014-06-21,-1853,-1853,ZERO_TRADE_ENDPOINT_REQUIRES_TRADING_DAY_SEMANTICS_ADJUDICATION
کاوه,1399,2020-07-19,2019-07-18,2019-07-20,0.0,0.0,0.0,4756.0,ADJUSTED_CLOSE_UNRESOLVED,2017-06-19,2017-10-18,-759,-638,ZERO_TRADE_ENDPOINT_REQUIRES_TRADING_DAY_SEMANTICS_ADJUDICATION
کویر,1399,2020-07-19,2019-07-18,2019-09-24,0.0,0.0,0.0,1000.0,ADJUSTED_CLOSE_UNRESOLVED,2019-09-24,2019-10-09,68,83,ZERO_TRADE_ENDPOINT_REQUIRES_TRADING_DAY_SEMANTICS_ADJUDICATION
کگاز,1399,2020-07-19,2019-07-18,2019-07-20,0.0,0.0,0.0,8218.0,ADJUSTED_CLOSE_UNRESOLVED,2013-06-19,2013-06-19,-2220,-2220,ZERO_TRADE_ENDPOINT_REQUIRES_TRADING_DAY_SEMANTICS_ADJUDICATION
