request_id,predictor_row_key_t,ticker,fiscal_year_t,target_year,endpoint_type,endpoint_date,pair_cutoff_date,current_InsCode,current_ISIN,source_range_id,qTotCap,qTotTran5J,zTotTran,raw_close,adjusted_close_status
REQ0001,بموتو|1392,بموتو,1392,1393,t0,2013-01-19,2014-01-20,22086876724551482,IRO1MOTJ0001,RNG0003,0.0,0.0,0.0,3336.0,ADJUSTED_CLOSE_UNRESOLVED
REQ0002,ثنوسا|1392,ثنوسا,1392,1393,t0,2013-01-19,2014-01-20,32845891587040106,IRO1NSTH0001,RNG0009,0.0,0.0,0.0,3855.0,ADJUSTED_CLOSE_UNRESOLVED
REQ0003,حکشتی|1392,حکشتی,1392,1393,tN,2013-10-21,2013-10-22,60610861509165508,IRO1KSHJ0001,RNG0013,0.0,0.0,0.0,1746.0,ADJUSTED_CLOSE_UNRESOLVED
REQ0004,حکشتی|1392,حکشتی,1392,1393,t0,2012-10-21,2013-10-22,60610861509165508,IRO1KSHJ0001,RNG0013,0.0,0.0,0.0,991.0,ADJUSTED_CLOSE_UNRESOLVED
REQ0005,ختوقا|1392,ختوقا,1392,1393,t0,2013-07-16,2014-07-20,70289374539527245,IRO1GHAT0001,RNG0016,0.0,0.0,0.0,1126.0,ADJUSTED_CLOSE_UNRESOLVED
REQ0006,خوساز|1392,خوساز,1392,1393,t0,2013-07-16,2014-07-20,31879190587976736,IRO1MESI0001,RNG0021,0.0,0.0,0.0,822.0,ADJUSTED_CLOSE_UNRESOLVED
REQ0007,دروز|1392,دروز,1392,1393,tN,2014-07-16,2014-07-20,40262275031537922,IRO1ROZD0001,RNG0025,0.0,0.0,0.0,6001.0,ADJUSTED_CLOSE_UNRESOLVED
REQ0008,دسبحا|1392,دسبحا,1392,1393,t0,2013-07-16,2014-07-20,43622578471330344,IRO1DSOB0001,RNG0026,0.0,0.0,0.0,5434.0,ADJUSTED_CLOSE_UNRESOLVED
REQ0009,دیران|1392,دیران,1392,1393,t0,2013-07-16,2014-07-20,69090868458637360,IRO1IRDR0001,RNG0029,0.0,0.0,0.0,7599.0,ADJUSTED_CLOSE_UNRESOLVED
REQ0010,سبهان|1392,سبهان,1392,1393,t0,2013-07-16,2014-07-20,32525655729432562,IRO1SBHN0001,RNG0038,0.0,0.0,0.0,45580.0,ADJUSTED_CLOSE_UNRESOLVED
REQ0011,سخزر|1392,سخزر,1392,1393,tN,2014-07-16,2014-07-20,67327029014085707,IRO1SKAZ0001,RNG0041,0.0,0.0,0.0,5539.0,ADJUSTED_CLOSE_UNRESOLVED
REQ0012,سدشت|1392,سدشت,1392,1393,tN,2014-01-18,2014-01-20,27000326841257664,IRO1SDST0001,RNG0043,0.0,0.0,0.0,3384.0,ADJUSTED_CLOSE_UNRESOLVED
REQ0013,سدشت|1392,سدشت,1392,1393,t0,2013-01-19,2014-01-20,27000326841257664,IRO1SDST0001,RNG0043,0.0,0.0,0.0,3058.0,ADJUSTED_CLOSE_UNRESOLVED
REQ0014,سمازن|1392,سمازن,1392,1393,tN,2014-07-16,2014-07-20,33808206014018431,IRO1SMAZ0001,RNG0050,0.0,0.0,0.0,20313.0,ADJUSTED_CLOSE_UNRESOLVED
REQ0015,سکرد|1392,سکرد,1392,1393,tN,2014-01-18,2014-01-20,65321970913593427,IRO1SKOR0001,RNG0054,0.0,0.0,0.0,9096.0,ADJUSTED_CLOSE_UNRESOLVED
REQ0016,سیلام|1392,سیلام,1392,1393,tN,2014-05-19,2014-05-20,14617104402836487,IRO1SEIL0001,RNG0055,0.0,0.0,0.0,8507.0,ADJUSTED_CLOSE_UNRESOLVED
REQ0017,غبهنوش|1392,غبهنوش,1392,1393,tN,2014-07-16,2014-07-20,17059960254855208,IRO1BENN0001,RNG0068,0.0,0.0,0.0,10497.0,ADJUSTED_CLOSE_UNRESOLVED
REQ0018,غدام|1392,غدام,1392,1393,tN,2014-04-16,2014-04-19,2254054929817435,IRO1KDPS0001,RNG0069,0.0,0.0,0.0,13553.0,ADJUSTED_CLOSE_UNRESOLVED
REQ0019,غسالم|1392,غسالم,1392,1393,tN,2014-07-16,2014-07-20,28672095850798501,IRO1SLMN0001,RNG0070,0.0,0.0,0.0,2983.0,ADJUSTED_CLOSE_UNRESOLVED
REQ0020,غشهد|1392,غشهد,1392,1393,tN,2014-07-16,2014-07-20,20487994977117557,IRO1SHAD0001,RNG0072,0.0,0.0,0.0,2337.0,ADJUSTED_CLOSE_UNRESOLVED
REQ0021,غنوش|1392,غنوش,1392,1393,tN,2014-07-16,2014-07-20,48619517949257749,IRO1NOSH0001,RNG0073,0.0,0.0,0.0,3764.0,ADJUSTED_CLOSE_UNRESOLVED
REQ0022,غگل|1392,غگل,1392,1393,tN,2014-01-18,2014-01-20,22299894048845903,IRO1GCOZ0001,RNG0074,0.0,0.0,0.0,37442.0,ADJUSTED_CLOSE_UNRESOLVED
REQ0023,غگل|1392,غگل,1392,1393,t0,2013-01-19,2014-01-20,22299894048845903,IRO1GCOZ0001,RNG0074,0.0,0.0,0.0,16268.0,ADJUSTED_CLOSE_UNRESOLVED
REQ0024,کبافق|1392,کبافق,1392,1393,tN,2014-07-16,2014-07-20,43256212620530446,IRO1BAFG0001,RNG0104,0.0,0.0,0.0,20544.0,ADJUSTED_CLOSE_UNRESOLVED
REQ0025,کفرا|1392,کفرا,1392,1393,tN,2014-07-16,2014-07-20,23837844039713715,IRO1NASI0001,RNG0106,0.0,0.0,0.0,16685.0,ADJUSTED_CLOSE_UNRESOLVED
REQ0026,کفپارس|1392,کفپارس,1392,1393,tN,2014-04-16,2014-04-19,19471788163911687,IRO1NSPS0001,RNG0107,0.0,0.0,0.0,3558.0,ADJUSTED_CLOSE_UNRESOLVED
REQ0027,کفپارس|1392,کفپارس,1392,1393,t0,2013-04-16,2014-04-19,19471788163911687,IRO1NSPS0001,RNG0107,0.0,0.0,0.0,1285.0,ADJUSTED_CLOSE_UNRESOLVED
REQ0028,کگاز|1392,کگاز,1392,1393,tN,2014-07-16,2014-07-20,62346804681275278,IRO1SGAZ0001,RNG0110,0.0,0.0,0.0,4746.0,ADJUSTED_CLOSE_UNRESOLVED
REQ0029,کگاز|1392,کگاز,1392,1393,t0,2013-07-16,2014-07-20,62346804681275278,IRO1SGAZ0001,RNG0110,0.0,0.0,0.0,5078.0,ADJUSTED_CLOSE_UNRESOLVED
REQ0030,بالبر|1393,بالبر,1393,1394,tN,2015-01-19,2015-01-20,62952165421099192,IRO1KALZ0001,RNG0001,0.0,0.0,0.0,3082.0,ADJUSTED_CLOSE_UNRESOLVED
REQ0031,بالبر|1393,بالبر,1393,1394,t0,2014-01-20,2015-01-20,62952165421099192,IRO1KALZ0001,RNG0001,0.0,0.0,0.0,2858.0,ADJUSTED_CLOSE_UNRESOLVED
REQ0032,بترانس|1393,بترانس,1393,1394,tN,2015-07-19,2015-07-20,46752599569017089,IRO1TRNS0001,RNG0002,0.0,0.0,0.0,8138.0,ADJUSTED_CLOSE_UNRESOLVED
REQ0033,بترانس|1393,بترانس,1393,1394,t0,2014-07-20,2015-07-20,46752599569017089,IRO1TRNS0001,RNG0002,0.0,0.0,0.0,4791.0,ADJUSTED_CLOSE_UNRESOLVED
REQ0034,بکاب|1393,بکاب,1393,1394,tN,2015-01-19,2015-01-20,70219663893822560,IRO1JOSH0001,RNG0004,0.0,0.0,0.0,8490.0,ADJUSTED_CLOSE_UNRESOLVED
REQ0035,بکاب|1393,بکاب,1393,1394,t0,2014-01-20,2015-01-20,70219663893822560,IRO1JOSH0001,RNG0004,0.0,0.0,0.0,10712.0,ADJUSTED_CLOSE_UNRESOLVED
REQ0036,بکام|1393,بکام,1393,1394,tN,2015-07-19,2015-07-20,22382156782768756,IRO1KGND0001,RNG0005,0.0,0.0,0.0,1682.0,ADJUSTED_CLOSE_UNRESOLVED
REQ0037,تپمپی|1393,تپمپی,1393,1394,tN,2014-10-21,2014-10-22,43062880954780884,IRO1PIRN0001,RNG0006,0.0,0.0,0.0,3869.0,ADJUSTED_CLOSE_UNRESOLVED
REQ0038,تپمپی|1393,تپمپی,1393,1394,t0,2013-10-21,2014-10-22,43062880954780884,IRO1PIRN0001,RNG0006,0.0,0.0,0.0,3274.0,ADJUSTED_CLOSE_UNRESOLVED
REQ0039,تکمبا|1393,تکمبا,1393,1394,tN,2015-07-19,2015-07-20,30719054967088301,IRO1COMB0001,RNG0007,0.0,0.0,0.0,998.0,ADJUSTED_CLOSE_UNRESOLVED
REQ0040,ثشرق|1393,ثشرق,1393,1394,t0,2014-05-11,2015-01-20,6043384171800349,IRO1PMSZ0001,RNG0008,0.0,0.0,0.0,1000.0,ADJUSTED_CLOSE_UNRESOLVED
REQ0041,حپترو|1393,حپترو,1393,1394,tN,2015-07-19,2015-07-20,16369313804633525,IRO1HJPT0001,RNG0012,0.0,0.0,0.0,2892.0,ADJUSTED_CLOSE_UNRESOLVED
REQ0042,حکشتی|1393,حکشتی,1393,1394,tN,2014-10-21,2014-10-22,60610861509165508,IRO1KSHJ0001,RNG0013,0.0,0.0,0.0,3588.0,ADJUSTED_CLOSE_UNRESOLVED
REQ0043,حکشتی|1393,حکشتی,1393,1394,t0,2013-10-21,2014-10-22,60610861509165508,IRO1KSHJ0001,RNG0013,0.0,0.0,0.0,1746.0,ADJUSTED_CLOSE_UNRESOLVED
REQ0044,خاذین|1393,خاذین,1393,1394,tN,2015-07-19,2015-07-20,42075223783409640,IRO1AZIN0001,RNG0014,0.0,0.0,0.0,3896.0,ADJUSTED_CLOSE_UNRESOLVED
REQ0045,خبهمن|1393,خبهمن,1393,1394,tN,2015-07-19,2015-07-20,26824673819862694,IRO1BHMN0001,RNG0015,0.0,0.0,0.0,2329.0,ADJUSTED_CLOSE_UNRESOLVED
REQ0046,ختوقا|1393,ختوقا,1393,1394,tN,2015-07-19,2015-07-20,70289374539527245,IRO1GHAT0001,RNG0016,0.0,0.0,0.0,3241.0,ADJUSTED_CLOSE_UNRESOLVED
REQ0047,خرینگ|1393,خرینگ,1393,1394,tN,2015-07-19,2015-07-20,45895339414786358,IRO1RINM0001,RNG0017,0.0,0.0,0.0,2306.0,ADJUSTED_CLOSE_UNRESOLVED
REQ0048,خمحور|1393,خمحور,1393,1394,tN,2015-07-19,2015-07-20,7457232989848872,IRO1TMKH0001,RNG0018,0.0,0.0,0.0,1733.0,ADJUSTED_CLOSE_UNRESOLVED
REQ0049,خمهر|1393,خمهر,1393,1394,tN,2015-07-19,2015-07-20,17330546482145553,IRO1MHKM0001,RNG0019,0.0,0.0,0.0,1786.0,ADJUSTED_CLOSE_UNRESOLVED
REQ0050,خنصیر|1393,خنصیر,1393,1394,tN,2015-07-19,2015-07-20,17834623106317041,IRO1MNSR0001,RNG0020,0.0,0.0,0.0,3837.0,ADJUSTED_CLOSE_UNRESOLVED
REQ0051,خوساز|1393,خوساز,1393,1394,tN,2015-07-19,2015-07-20,31879190587976736,IRO1MESI0001,RNG0021,0.0,0.0,0.0,2636.0,ADJUSTED_CLOSE_UNRESOLVED
REQ0052,خچرخش|1393,خچرخش,1393,1394,tN,2015-07-19,2015-07-20,33783140337377394,IRO1CHAR0001,RNG0022,0.0,0.0,0.0,1798.0,ADJUSTED_CLOSE_UNRESOLVED
REQ0053,خکمک|1393,خکمک,1393,1394,tN,2015-07-19,2015-07-20,19257295292088310,IRO1INDM0001,RNG0023,0.0,0.0,0.0,1077.0,ADJUSTED_CLOSE_UNRESOLVED
REQ0054,ددام|1393,ددام,1393,1394,tN,2015-07-19,2015-07-20,66450490505950110,IRO1DAML0001,RNG0024,0.0,0.0,0.0,7251.0,ADJUSTED_CLOSE_UNRESOLVED
REQ0055,دروز|1393,دروز,1393,1394,tN,2015-07-19,2015-07-20,40262275031537922,IRO1ROZD0001,RNG0025,0.0,0.0,0.0,5341.0,ADJUSTED_CLOSE_UNRESOLVED
REQ0056,دروز|1393,دروز,1393,1394,t0,2014-07-20,2015-07-20,40262275031537922,IRO1ROZD0001,RNG0025,0.0,0.0,0.0,5951.0,ADJUSTED_CLOSE_UNRESOLVED
REQ0057,دسبحا|1393,دسبحا,1393,1394,tN,2015-07-19,2015-07-20,43622578471330344,IRO1DSOB0001,RNG0026,0.0,0.0,0.0,7131.0,ADJUSTED_CLOSE_UNRESOLVED
REQ0058,دسینا|1393,دسینا,1393,1394,tN,2015-07-19,2015-07-20,11432067920374603,IRO1DSIN0001,RNG0027,0.0,0.0,0.0,13909.0,ADJUSTED_CLOSE_UNRESOLVED
REQ0059,دشیمی|1393,دشیمی,1393,1394,tN,2015-07-19,2015-07-20,33603212156438463,IRO1DDPK0001,RNG0028,0.0,0.0,0.0,6305.0,ADJUSTED_CLOSE_UNRESOLVED
REQ0060,دشیمی|1393,دشیمی,1393,1394,t0,2014-07-20,2015-07-20,33603212156438463,IRO1DDPK0001,RNG0028,0.0,0.0,0.0,6441.0,ADJUSTED_CLOSE_UNRESOLVED
REQ0061,دیران|1393,دیران,1393,1394,tN,2015-07-19,2015-07-20,69090868458637360,IRO1IRDR0001,RNG0029,0.0,0.0,0.0,5559.0,ADJUSTED_CLOSE_UNRESOLVED
REQ0062,رانفور|1393,رانفور,1393,1394,tN,2015-07-19,2015-07-20,40505767672724777,IRO1INFO0001,RNG0030,0.0,0.0,0.0,12217.0,ADJUSTED_CLOSE_UNRESOLVED
REQ0063,زمگسا|1393,زمگسا,1393,1394,tN,2015-07-19,2015-07-20,5054819322815158,IRO1MAGS0001,RNG0032,0.0,0.0,0.0,27074.0,ADJUSTED_CLOSE_UNRESOLVED
REQ0064,ساراب|1393,ساراب,1393,1394,tN,2015-07-19,2015-07-20,4563413583000719,IRO1SDAB0001,RNG0034,0.0,0.0,0.0,1384.0,ADJUSTED_CLOSE_UNRESOLVED
REQ0065,ساربیل|1393,ساربیل,1393,1394,tN,2015-04-18,2015-04-19,34890845654517313,IRO1SADB0001,RNG0035,0.0,0.0,0.0,18244.0,ADJUSTED_CLOSE_UNRESOLVED
REQ0066,ساربیل|1393,ساربیل,1393,1394,t0,2014-04-19,2015-04-19,34890845654517313,IRO1SADB0001,RNG0035,0.0,0.0,0.0,14578.0,ADJUSTED_CLOSE_UNRESOLVED
REQ0067,ساروم|1393,ساروم,1393,1394,tN,2015-07-19,2015-07-20,15949743338644220,IRO1SURO0001,RNG0036,0.0,0.0,0.0,4706.0,ADJUSTED_CLOSE_UNRESOLVED
REQ0068,سبجنو|1393,سبجنو,1393,1394,tN,2015-07-19,2015-07-20,66295665969375744,IRO1SBOJ0001,RNG0037,0.0,0.0,0.0,3866.0,ADJUSTED_CLOSE_UNRESOLVED
REQ0069,سبجنو|1393,سبجنو,1393,1394,t0,2014-07-20,2015-07-20,66295665969375744,IRO1SBOJ0001,RNG0037,0.0,0.0,0.0,5411.0,ADJUSTED_CLOSE_UNRESOLVED
REQ0070,سبهان|1393,سبهان,1393,1394,tN,2015-07-19,2015-07-20,32525655729432562,IRO1SBHN0001,RNG0038,0.0,0.0,0.0,24832.0,ADJUSTED_CLOSE_UNRESOLVED
REQ0071,ستران|1393,ستران,1393,1394,tN,2015-07-19,2015-07-20,30829203706095076,IRO1STEH0001,RNG0039,0.0,0.0,0.0,2099.0,ADJUSTED_CLOSE_UNRESOLVED
REQ0072,سخاش|1393,سخاش,1393,1394,tN,2015-07-19,2015-07-20,4470657233334072,IRO1SKHS0001,RNG0040,0.0,0.0,0.0,6539.0,ADJUSTED_CLOSE_UNRESOLVED
REQ0073,سخزر|1393,سخزر,1393,1394,tN,2015-07-19,2015-07-20,67327029014085707,IRO1SKAZ0001,RNG0041,0.0,0.0,0.0,4301.0,ADJUSTED_CLOSE_UNRESOLVED
REQ0074,سدشت|1393,سدشت,1393,1394,tN,2015-01-19,2015-01-20,27000326841257664,IRO1SDST0001,RNG0043,0.0,0.0,0.0,2458.0,ADJUSTED_CLOSE_UNRESOLVED
REQ0075,سدشت|1393,سدشت,1393,1394,t0,2014-01-20,2015-01-20,27000326841257664,IRO1SDST0001,RNG0043,0.0,0.0,0.0,2984.0,ADJUSTED_CLOSE_UNRESOLVED
REQ0076,سدور|1393,سدور,1393,1394,tN,2015-07-19,2015-07-20,27218386411183410,IRO1SDOR0001,RNG0044,0.0,0.0,0.0,8855.0,ADJUSTED_CLOSE_UNRESOLVED
REQ0077,سدور|1393,سدور,1393,1394,t0,2014-07-20,2015-07-20,27218386411183410,IRO1SDOR0001,RNG0044,0.0,0.0,0.0,16474.0,ADJUSTED_CLOSE_UNRESOLVED
REQ0078,سرود|1393,سرود,1393,1394,tN,2015-07-19,2015-07-20,11964419322927535,IRO1SROD0001,RNG0045,0.0,0.0,0.0,3003.0,ADJUSTED_CLOSE_UNRESOLVED
REQ0079,سصفها|1393,سصفها,1393,1394,tN,2015-07-19,2015-07-20,10568944722570445,IRO1SEFH0001,RNG0047,0.0,0.0,0.0,15222.0,ADJUSTED_CLOSE_UNRESOLVED
REQ0080,سصفها|1393,سصفها,1393,1394,t0,2014-07-20,2015-07-20,10568944722570445,IRO1SEFH0001,RNG0047,0.0,0.0,0.0,13726.0,ADJUSTED_CLOSE_UNRESOLVED
REQ0081,سغرب|1393,سغرب,1393,1394,tN,2015-07-19,2015-07-20,52220424531578944,IRO1SGRB0001,RNG0048,0.0,0.0,0.0,3884.0,ADJUSTED_CLOSE_UNRESOLVED
REQ0082,سقاین|1393,سقاین,1393,1394,tN,2015-07-19,2015-07-20,60654872678917533,IRO1SGEN0001,RNG0049,0.0,0.0,0.0,24941.0,ADJUSTED_CLOSE_UNRESOLVED
REQ0083,سمازن|1393,سمازن,1393,1394,tN,2015-07-19,2015-07-20,33808206014018431,IRO1SMAZ0001,RNG0050,0.0,0.0,0.0,14416.0,ADJUSTED_CLOSE_UNRESOLVED
REQ0084,سمازن|1393,سمازن,1393,1394,t0,2014-07-20,2015-07-20,33808206014018431,IRO1SMAZ0001,RNG0050,0.0,0.0,0.0,20313.0,ADJUSTED_CLOSE_UNRESOLVED
REQ0085,سنیر|1393,سنیر,1393,1394,tN,2015-07-19,2015-07-20,14231831499205396,IRO1SSNR0001,RNG0051,0.0,0.0,0.0,17672.0,ADJUSTED_CLOSE_UNRESOLVED
REQ0086,سنیر|1393,سنیر,1393,1394,t0,2014-07-20,2015-07-20,14231831499205396,IRO1SSNR0001,RNG0051,0.0,0.0,0.0,20406.0,ADJUSTED_CLOSE_UNRESOLVED
REQ0087,سهگمت|1393,سهگمت,1393,1394,tN,2015-05-19,2015-05-20,41284516796232939,IRO1SHGN0001,RNG0052,0.0,0.0,0.0,3403.0,ADJUSTED_CLOSE_UNRESOLVED
REQ0088,سکرد|1393,سکرد,1393,1394,t0,2014-01-20,2015-01-20,65321970913593427,IRO1SKOR0001,RNG0054,0.0,0.0,0.0,9096.0,ADJUSTED_CLOSE_UNRESOLVED
REQ0089,سیلام|1393,سیلام,1393,1394,tN,2015-05-19,2015-05-20,14617104402836487,IRO1SEIL0001,RNG0055,0.0,0.0,0.0,6988.0,ADJUSTED_CLOSE_UNRESOLVED
REQ0090,سیلام|1393,سیلام,1393,1394,t0,2014-05-19,2015-05-20,14617104402836487,IRO1SEIL0001,RNG0055,0.0,0.0,0.0,8507.0,ADJUSTED_CLOSE_UNRESOLVED
REQ0091,شاراک|1393,شاراک,1393,1394,tN,2015-07-19,2015-07-20,7711282667602555,IRO1PARK0001,RNG0056,0.0,0.0,0.0,5614.0,ADJUSTED_CLOSE_UNRESOLVED
REQ0092,شبریز|1393,شبریز,1393,1394,tN,2015-07-19,2015-07-20,48753732042176709,IRO1PNTB0001,RNG0057,0.0,0.0,0.0,9373.0,ADJUSTED_CLOSE_UNRESOLVED
REQ0093,شبندر|1393,شبندر,1393,1394,tN,2015-07-19,2015-07-20,35366681030756042,IRO1PNBA0001,RNG0058,0.0,0.0,0.0,5817.0,ADJUSTED_CLOSE_UNRESOLVED
REQ0094,شدوص|1393,شدوص,1393,1394,tN,2015-07-19,2015-07-20,40611478183231802,IRO1DODE0001,RNG0059,0.0,0.0,0.0,2498.0,ADJUSTED_CLOSE_UNRESOLVED
REQ0095,شفارس|1393,شفارس,1393,1394,tN,2015-07-19,2015-07-20,43781018754867729,IRO1SHFS0001,RNG0060,0.0,0.0,0.0,4968.0,ADJUSTED_CLOSE_UNRESOLVED
REQ0096,شفارس|1393,شفارس,1393,1394,t0,2014-07-20,2015-07-20,43781018754867729,IRO1SHFS0001,RNG0060,0.0,0.0,0.0,4682.0,ADJUSTED_CLOSE_UNRESOLVED
REQ0097,شلعاب|1393,شلعاب,1393,1394,tN,2015-07-19,2015-07-20,39116664428676213,IRO1LEAB0001,RNG0061,0.0,0.0,0.0,1926.0,ADJUSTED_CLOSE_UNRESOLVED
REQ0098,شپارس|1393,شپارس,1393,1394,tN,2015-01-19,2015-01-20,61102694810476197,IRO1BMPS0001,RNG0062,0.0,0.0,0.0,5436.0,ADJUSTED_CLOSE_UNRESOLVED
REQ0099,شپنا|1393,شپنا,1393,1394,tN,2015-07-19,2015-07-20,7745894403636165,IRO1PNES0001,RNG0063,0.0,0.0,0.0,6252.0,ADJUSTED_CLOSE_UNRESOLVED
REQ0100,شپنا|1393,شپنا,1393,1394,t0,2014-07-20,2015-07-20,7745894403636165,IRO1PNES0001,RNG0063,0.0,0.0,0.0,11251.0,ADJUSTED_CLOSE_UNRESOLVED
REQ0101,شکربن|1393,شکربن,1393,1394,tN,2015-07-19,2015-07-20,27308217070238237,IRO1CRBN0001,RNG0064,0.0,0.0,0.0,3117.0,ADJUSTED_CLOSE_UNRESOLVED
REQ0102,شکربن|1393,شکربن,1393,1394,t0,2014-07-20,2015-07-20,27308217070238237,IRO1CRBN0001,RNG0064,0.0,0.0,0.0,2908.0,ADJUSTED_CLOSE_UNRESOLVED
REQ0103,غبهنوش|1393,غبهنوش,1393,1394,tN,2015-07-19,2015-07-20,17059960254855208,IRO1BENN0001,RNG0068,0.0,0.0,0.0,4233.0,ADJUSTED_CLOSE_UNRESOLVED
REQ0104,غبهنوش|1393,غبهنوش,1393,1394,t0,2014-07-20,2015-07-20,17059960254855208,IRO1BENN0001,RNG0068,0.0,0.0,0.0,10497.0,ADJUSTED_CLOSE_UNRESOLVED
REQ0105,غدام|1393,غدام,1393,1394,t0,2014-04-19,2015-04-19,2254054929817435,IRO1KDPS0001,RNG0069,0.0,0.0,0.0,13153.0,ADJUSTED_CLOSE_UNRESOLVED
REQ0106,غسالم|1393,غسالم,1393,1394,tN,2015-07-19,2015-07-20,28672095850798501,IRO1SLMN0001,RNG0070,0.0,0.0,0.0,2039.0,ADJUSTED_CLOSE_UNRESOLVED
REQ0107,غسالم|1393,غسالم,1393,1394,t0,2014-07-20,2015-07-20,28672095850798501,IRO1SLMN0001,RNG0070,0.0,0.0,0.0,2833.0,ADJUSTED_CLOSE_UNRESOLVED
REQ0108,غشان|1393,غشان,1393,1394,tN,2015-07-19,2015-07-20,31791737198597563,IRO1SPKH0001,RNG0071,0.0,0.0,0.0,5164.0,ADJUSTED_CLOSE_UNRESOLVED
REQ0109,غشهد|1393,غشهد,1393,1394,tN,2015-07-19,2015-07-20,20487994977117557,IRO1SHAD0001,RNG0072,0.0,0.0,0.0,2115.0,ADJUSTED_CLOSE_UNRESOLVED
REQ0110,غشهد|1393,غشهد,1393,1394,t0,2014-07-20,2015-07-20,20487994977117557,IRO1SHAD0001,RNG0072,0.0,0.0,0.0,2337.0,ADJUSTED_CLOSE_UNRESOLVED
REQ0111,غنوش|1393,غنوش,1393,1394,tN,2015-07-19,2015-07-20,48619517949257749,IRO1NOSH0001,RNG0073,0.0,0.0,0.0,4069.0,ADJUSTED_CLOSE_UNRESOLVED
REQ0112,غنوش|1393,غنوش,1393,1394,t0,2014-07-20,2015-07-20,48619517949257749,IRO1NOSH0001,RNG0073,0.0,0.0,0.0,3764.0,ADJUSTED_CLOSE_UNRESOLVED
REQ0113,غگل|1393,غگل,1393,1394,tN,2015-01-19,2015-01-20,22299894048845903,IRO1GCOZ0001,RNG0074,0.0,0.0,0.0,19755.0,ADJUSTED_CLOSE_UNRESOLVED
REQ0114,غگل|1393,غگل,1393,1394,t0,2014-01-20,2015-01-20,22299894048845903,IRO1GCOZ0001,RNG0074,0.0,0.0,0.0,37442.0,ADJUSTED_CLOSE_UNRESOLVED
REQ0115,فاذر|1393,فاذر,1393,1394,tN,2015-07-19,2015-07-20,38547060135156069,IRO1AZAB0001,RNG0075,0.0,0.0,0.0,2967.0,ADJUSTED_CLOSE_UNRESOLVED
REQ0116,فایرا|1393,فایرا,1393,1394,tN,2015-07-19,2015-07-20,65004959184388996,IRO1ALIR0001,RNG0076,0.0,0.0,0.0,5662.0,ADJUSTED_CLOSE_UNRESOLVED
REQ0117,فایرا|1393,فایرا,1393,1394,t0,2014-07-20,2015-07-20,65004959184388996,IRO1ALIR0001,RNG0076,0.0,0.0,0.0,4809.0,ADJUSTED_CLOSE_UNRESOLVED
REQ0118,فباهنر|1393,فباهنر,1393,1394,tN,2015-07-19,2015-07-20,66772024744156373,IRO1BAHN0001,RNG0077,0.0,0.0,0.0,1421.0,ADJUSTED_CLOSE_UNRESOLVED
REQ0119,فجام|1393,فجام,1393,1394,tN,2015-07-19,2015-07-20,30765727085936322,IRO1JAMD0001,RNG0078,0.0,0.0,0.0,11760.0,ADJUSTED_CLOSE_UNRESOLVED
REQ0120,فجام|1393,فجام,1393,1394,t0,2014-07-20,2015-07-20,30765727085936322,IRO1JAMD0001,RNG0078,0.0,0.0,0.0,12368.0,ADJUSTED_CLOSE_UNRESOLVED
REQ0121,فجر|1393,فجر,1393,1394,tN,2015-07-19,2015-07-20,41302553376174581,IRO1FAJR0001,RNG0079,0.0,0.0,0.0,11140.0,ADJUSTED_CLOSE_UNRESOLVED
REQ0122,فخوز|1393,فخوز,1393,1394,tN,2015-07-19,2015-07-20,28864540805361867,IRO1FKHZ0001,RNG0080,0.0,0.0,0.0,3420.0,ADJUSTED_CLOSE_UNRESOLVED
REQ0123,فرآور|1393,فرآور,1393,1394,tN,2015-07-19,2015-07-20,408934423224097,IRO1FRVR0001,RNG0081,0.0,0.0,0.0,2447.0,ADJUSTED_CLOSE_UNRESOLVED
REQ0124,فسرب|1393,فسرب,1393,1394,tN,2015-07-19,2015-07-20,54277068923045214,IRO1SORB0001,RNG0082,0.0,0.0,0.0,1160.0,ADJUSTED_CLOSE_UNRESOLVED
REQ0125,فسپا|1393,فسپا,1393,1394,tN,2015-07-19,2015-07-20,8977441217024425,IRO1SEPA0001,RNG0083,0.0,0.0,0.0,4713.0,ADJUSTED_CLOSE_UNRESOLVED
REQ0126,فمراد|1393,فمراد,1393,1394,tN,2015-07-19,2015-07-20,18004480270695404,IRO1ALMR0001,RNG0084,0.0,0.0,0.0,2298.0,ADJUSTED_CLOSE_UNRESOLVED
REQ0127,فمراد|1393,فمراد,1393,1394,t0,2014-07-20,2015-07-20,18004480270695404,IRO1ALMR0001,RNG0084,0.0,0.0,0.0,8680.0,ADJUSTED_CLOSE_UNRESOLVED
REQ0128,فملی|1393,فملی,1393,1394,tN,2015-07-19,2015-07-20,35425587644337450,IRO1MSMI0001,RNG0085,0.0,0.0,0.0,1837.0,ADJUSTED_CLOSE_UNRESOLVED
REQ0129,فنورد|1393,فنورد,1393,1394,tN,2015-07-19,2015-07-20,56324206651661881,IRO1NGFO0001,RNG0086,0.0,0.0,0.0,3924.0,ADJUSTED_CLOSE_UNRESOLVED
REQ0130,فنورد|1393,فنورد,1393,1394,t0,2014-07-20,2015-07-20,56324206651661881,IRO1NGFO0001,RNG0086,0.0,0.0,0.0,7438.0,ADJUSTED_CLOSE_UNRESOLVED
REQ0131,فولاژ|1393,فولاژ,1393,1394,tN,2015-07-19,2015-07-20,40808043719554948,IRO1FAIR0001,RNG0087,0.0,0.0,0.0,1606.0,ADJUSTED_CLOSE_UNRESOLVED
REQ0132,فپنتا|1393,فپنتا,1393,1394,tN,2015-07-19,2015-07-20,68488673556087148,IRO1SPTA0001,RNG0088,0.0,0.0,0.0,11496.0,ADJUSTED_CLOSE_UNRESOLVED
REQ0133,فپنتا|1393,فپنتا,1393,1394,t0,2014-07-20,2015-07-20,68488673556087148,IRO1SPTA0001,RNG0088,0.0,0.0,0.0,9893.0,ADJUSTED_CLOSE_UNRESOLVED
REQ0134,لابسا|1393,لابسا,1393,1394,tN,2015-07-19,2015-07-20,63363116407864462,IRO1ASAL0001,RNG0089,0.0,0.0,0.0,2381.0,ADJUSTED_CLOSE_UNRESOLVED
REQ0135,لبوتان|1393,لبوتان,1393,1394,tN,2015-07-19,2015-07-20,30650426998863332,IRO1BOTA0001,RNG0090,0.0,0.0,0.0,2676.0,ADJUSTED_CLOSE_UNRESOLVED
REQ0136,لبوتان|1393,لبوتان,1393,1394,t0,2014-07-20,2015-07-20,30650426998863332,IRO1BOTA0001,RNG0090,0.0,0.0,0.0,2344.0,ADJUSTED_CLOSE_UNRESOLVED
REQ0137,لخزر|1393,لخزر,1393,1394,tN,2015-07-19,2015-07-20,65414507129586385,IRO1KHAZ0001,RNG0091,0.0,0.0,0.0,6305.0,ADJUSTED_CLOSE_UNRESOLVED
REQ0138,لخزر|1393,لخزر,1393,1394,t0,2014-07-20,2015-07-20,65414507129586385,IRO1KHAZ0001,RNG0091,0.0,0.0,0.0,11128.0,ADJUSTED_CLOSE_UNRESOLVED
REQ0139,لسرما|1393,لسرما,1393,1394,tN,2015-07-19,2015-07-20,55897939403232751,IRO1SRMA0001,RNG0092,0.0,0.0,0.0,2084.0,ADJUSTED_CLOSE_UNRESOLVED
REQ0140,لسرما|1393,لسرما,1393,1394,t0,2014-07-20,2015-07-20,55897939403232751,IRO1SRMA0001,RNG0092,0.0,0.0,0.0,2515.0,ADJUSTED_CLOSE_UNRESOLVED
REQ0141,پدرخش|1393,پدرخش,1393,1394,tN,2015-07-19,2015-07-20,24079409192818584,IRO1DRKH0001,RNG0097,0.0,0.0,0.0,2816.0,ADJUSTED_CLOSE_UNRESOLVED
REQ0142,پسهند|1393,پسهند,1393,1394,tN,2015-07-19,2015-07-20,10120557300120078,IRO1SHND0001,RNG0099,0.0,0.0,0.0,5200.0,ADJUSTED_CLOSE_UNRESOLVED
REQ0143,پلاسک|1393,پلاسک,1393,1394,tN,2015-07-19,2015-07-20,57722642338781674,IRO1PLKK0001,RNG0100,0.0,0.0,0.0,1320.0,ADJUSTED_CLOSE_UNRESOLVED
REQ0144,چافست|1393,چافست,1393,1394,t0,2014-01-20,2015-01-20,23936607891892333,IRO1OFST0001,RNG0101,0.0,0.0,0.0,12344.0,ADJUSTED_CLOSE_UNRESOLVED
REQ0145,چکارن|1393,چکارن,1393,1394,tN,2015-07-19,2015-07-20,53113471126689455,IRO1KRTI0001,RNG0102,0.0,0.0,0.0,2540.0,ADJUSTED_CLOSE_UNRESOLVED
REQ0146,کبافق|1393,کبافق,1393,1394,tN,2015-07-19,2015-07-20,43256212620530446,IRO1BAFG0001,RNG0104,0.0,0.0,0.0,2963.0,ADJUSTED_CLOSE_UNRESOLVED
REQ0147,کبافق|1393,کبافق,1393,1394,t0,2014-07-20,2015-07-20,43256212620530446,IRO1BAFG0001,RNG0104,0.0,0.0,0.0,20544.0,ADJUSTED_CLOSE_UNRESOLVED
REQ0148,کرازی|1393,کرازی,1393,1394,tN,2015-07-19,2015-07-20,57086055330734195,IRO1TSRZ0001,RNG0105,0.0,0.0,0.0,8099.0,ADJUSTED_CLOSE_UNRESOLVED
REQ0149,کفرا|1393,کفرا,1393,1394,tN,2015-07-19,2015-07-20,23837844039713715,IRO1NASI0001,RNG0106,0.0,0.0,0.0,8793.0,ADJUSTED_CLOSE_UNRESOLVED
REQ0150,کفرا|1393,کفرا,1393,1394,t0,2014-07-20,2015-07-20,23837844039713715,IRO1NASI0001,RNG0106,0.0,0.0,0.0,16685.0,ADJUSTED_CLOSE_UNRESOLVED
REQ0151,کفپارس|1393,کفپارس,1393,1394,tN,2015-04-18,2015-04-19,19471788163911687,IRO1NSPS0001,RNG0107,0.0,0.0,0.0,4503.0,ADJUSTED_CLOSE_UNRESOLVED
REQ0152,کفپارس|1393,کفپارس,1393,1394,t0,2014-04-19,2015-04-19,19471788163911687,IRO1NSPS0001,RNG0107,0.0,0.0,0.0,3558.0,ADJUSTED_CLOSE_UNRESOLVED
REQ0153,کگاز|1393,کگاز,1393,1394,tN,2015-07-19,2015-07-20,62346804681275278,IRO1SGAZ0001,RNG0110,0.0,0.0,0.0,3717.0,ADJUSTED_CLOSE_UNRESOLVED
REQ0154,کگاز|1393,کگاز,1393,1394,t0,2014-07-20,2015-07-20,62346804681275278,IRO1SGAZ0001,RNG0110,0.0,0.0,0.0,4746.0,ADJUSTED_CLOSE_UNRESOLVED
REQ0155,کگل|1393,کگل,1393,1394,tN,2015-07-19,2015-07-20,35700344742885862,IRO1GOLG0001,RNG0111,0.0,0.0,0.0,3041.0,ADJUSTED_CLOSE_UNRESOLVED
REQ0156,بالبر|1394,بالبر,1394,1395,t0,2015-01-19,2016-01-20,62952165421099192,IRO1KALZ0001,RNG0001,0.0,0.0,0.0,3082.0,ADJUSTED_CLOSE_UNRESOLVED
REQ0157,بترانس|1394,بترانس,1394,1395,tN,2016-07-18,2016-07-19,46752599569017089,IRO1TRNS0001,RNG0002,0.0,0.0,0.0,14935.0,ADJUSTED_CLOSE_UNRESOLVED
REQ0158,بترانس|1394,بترانس,1394,1395,t0,2015-07-19,2016-07-19,46752599569017089,IRO1TRNS0001,RNG0002,0.0,0.0,0.0,8138.0,ADJUSTED_CLOSE_UNRESOLVED
REQ0159,بکاب|1394,بکاب,1394,1395,tN,2016-01-19,2016-01-20,70219663893822560,IRO1JOSH0001,RNG0004,0.0,0.0,0.0,8291.0,ADJUSTED_CLOSE_UNRESOLVED
REQ0160,بکاب|1394,بکاب,1394,1395,t0,2015-01-19,2016-01-20,70219663893822560,IRO1JOSH0001,RNG0004,0.0,0.0,0.0,8490.0,ADJUSTED_CLOSE_UNRESOLVED
REQ0161,بکام|1394,بکام,1394,1395,t0,2015-07-19,2016-07-19,22382156782768756,IRO1KGND0001,RNG0005,0.0,0.0,0.0,1682.0,ADJUSTED_CLOSE_UNRESOLVED
REQ0162,تپمپی|1394,تپمپی,1394,1395,tN,2015-10-21,2015-10-22,43062880954780884,IRO1PIRN0001,RNG0006,0.0,0.0,0.0,3175.0,ADJUSTED_CLOSE_UNRESOLVED
REQ0163,تپمپی|1394,تپمپی,1394,1395,t0,2014-10-21,2015-10-22,43062880954780884,IRO1PIRN0001,RNG0006,0.0,0.0,0.0,3869.0,ADJUSTED_CLOSE_UNRESOLVED
REQ0164,تکمبا|1394,تکمبا,1394,1395,t0,2015-07-19,2016-07-19,30719054967088301,IRO1COMB0001,RNG0007,0.0,0.0,0.0,998.0,ADJUSTED_CLOSE_UNRESOLVED
REQ0165,جم|1394,جم,1394,1395,tN,2016-07-18,2016-07-19,32357363984168442,IRO1PJMZ0001,RNG0010,0.0,0.0,0.0,9436.0,ADJUSTED_CLOSE_UNRESOLVED
REQ0166,جم|1394,جم,1394,1395,t0,2015-08-08,2016-07-19,32357363984168442,IRO1PJMZ0001,RNG0010,0.0,0.0,0.0,1000.0,ADJUSTED_CLOSE_UNRESOLVED
REQ0167,حپترو|1394,حپترو,1394,1395,tN,2016-07-18,2016-07-19,16369313804633525,IRO1HJPT0001,RNG0012,0.0,0.0,0.0,2946.0,ADJUSTED_CLOSE_UNRESOLVED
REQ0168,حپترو|1394,حپترو,1394,1395,t0,2015-07-19,2016-07-19,16369313804633525,IRO1HJPT0001,RNG0012,0.0,0.0,0.0,2892.0,ADJUSTED_CLOSE_UNRESOLVED
REQ0169,حکشتی|1394,حکشتی,1394,1395,tN,2015-10-21,2015-10-22,60610861509165508,IRO1KSHJ0001,RNG0013,0.0,0.0,0.0,5582.0,ADJUSTED_CLOSE_UNRESOLVED
REQ0170,حکشتی|1394,حکشتی,1394,1395,t0,2014-10-21,2015-10-22,60610861509165508,IRO1KSHJ0001,RNG0013,0.0,0.0,0.0,3588.0,ADJUSTED_CLOSE_UNRESOLVED
REQ0171,خاذین|1394,خاذین,1394,1395,tN,2016-07-18,2016-07-19,42075223783409640,IRO1AZIN0001,RNG0014,0.0,0.0,0.0,971.0,ADJUSTED_CLOSE_UNRESOLVED
REQ0172,خاذین|1394,خاذین,1394,1395,t0,2015-07-19,2016-07-19,42075223783409640,IRO1AZIN0001,RNG0014,0.0,0.0,0.0,3896.0,ADJUSTED_CLOSE_UNRESOLVED
REQ0173,خبهمن|1394,خبهمن,1394,1395,t0,2015-07-19,2016-07-19,26824673819862694,IRO1BHMN0001,RNG0015,0.0,0.0,0.0,2329.0,ADJUSTED_CLOSE_UNRESOLVED
REQ0174,ختوقا|1394,ختوقا,1394,1395,t0,2015-07-19,2016-07-19,70289374539527245,IRO1GHAT0001,RNG0016,0.0,0.0,0.0,3241.0,ADJUSTED_CLOSE_UNRESOLVED
REQ0175,خرینگ|1394,خرینگ,1394,1395,t0,2015-07-19,2016-07-19,45895339414786358,IRO1RINM0001,RNG0017,0.0,0.0,0.0,2306.0,ADJUSTED_CLOSE_UNRESOLVED
REQ0176,خمحور|1394,خمحور,1394,1395,t0,2015-07-19,2016-07-19,7457232989848872,IRO1TMKH0001,RNG0018,0.0,0.0,0.0,1733.0,ADJUSTED_CLOSE_UNRESOLVED
REQ0177,خمهر|1394,خمهر,1394,1395,t0,2015-07-19,2016-07-19,17330546482145553,IRO1MHKM0001,RNG0019,0.0,0.0,0.0,1786.0,ADJUSTED_CLOSE_UNRESOLVED
REQ0178,خنصیر|1394,خنصیر,1394,1395,t0,2015-07-19,2016-07-19,17834623106317041,IRO1MNSR0001,RNG0020,0.0,0.0,0.0,3837.0,ADJUSTED_CLOSE_UNRESOLVED
REQ0179,خوساز|1394,خوساز,1394,1395,t0,2015-07-19,2016-07-19,31879190587976736,IRO1MESI0001,RNG0021,0.0,0.0,0.0,2636.0,ADJUSTED_CLOSE_UNRESOLVED
REQ0180,خچرخش|1394,خچرخش,1394,1395,t0,2015-07-19,2016-07-19,33783140337377394,IRO1CHAR0001,RNG0022,0.0,0.0,0.0,1798.0,ADJUSTED_CLOSE_UNRESOLVED
REQ0181,خکمک|1394,خکمک,1394,1395,t0,2015-07-19,2016-07-19,19257295292088310,IRO1INDM0001,RNG0023,0.0,0.0,0.0,1077.0,ADJUSTED_CLOSE_UNRESOLVED
REQ0182,ددام|1394,ددام,1394,1395,t0,2015-07-19,2016-07-19,66450490505950110,IRO1DAML0001,RNG0024,0.0,0.0,0.0,7251.0,ADJUSTED_CLOSE_UNRESOLVED
REQ0183,دروز|1394,دروز,1394,1395,tN,2016-07-18,2016-07-19,40262275031537922,IRO1ROZD0001,RNG0025,0.0,0.0,0.0,5216.0,ADJUSTED_CLOSE_UNRESOLVED
REQ0184,دروز|1394,دروز,1394,1395,t0,2015-07-19,2016-07-19,40262275031537922,IRO1ROZD0001,RNG0025,0.0,0.0,0.0,5341.0,ADJUSTED_CLOSE_UNRESOLVED
REQ0185,دسبحا|1394,دسبحا,1394,1395,t0,2015-07-19,2016-07-19,43622578471330344,IRO1DSOB0001,RNG0026,0.0,0.0,0.0,7131.0,ADJUSTED_CLOSE_UNRESOLVED
REQ0186,دسینا|1394,دسینا,1394,1395,t0,2015-07-19,2016-07-19,11432067920374603,IRO1DSIN0001,RNG0027,0.0,0.0,0.0,13909.0,ADJUSTED_CLOSE_UNRESOLVED
REQ0187,دشیمی|1394,دشیمی,1394,1395,tN,2016-07-18,2016-07-19,33603212156438463,IRO1DDPK0001,RNG0028,0.0,0.0,0.0,4608.0,ADJUSTED_CLOSE_UNRESOLVED
REQ0188,دشیمی|1394,دشیمی,1394,1395,t0,2015-07-19,2016-07-19,33603212156438463,IRO1DDPK0001,RNG0028,0.0,0.0,0.0,6305.0,ADJUSTED_CLOSE_UNRESOLVED
REQ0189,دیران|1394,دیران,1394,1395,t0,2015-07-19,2016-07-19,69090868458637360,IRO1IRDR0001,RNG0029,0.0,0.0,0.0,5559.0,ADJUSTED_CLOSE_UNRESOLVED
REQ0190,رانفور|1394,رانفور,1394,1395,t0,2015-07-19,2016-07-19,40505767672724777,IRO1INFO0001,RNG0030,0.0,0.0,0.0,12217.0,ADJUSTED_CLOSE_UNRESOLVED
REQ0191,زمگسا|1394,زمگسا,1394,1395,t0,2015-07-19,2016-07-19,5054819322815158,IRO1MAGS0001,RNG0032,0.0,0.0,0.0,27074.0,ADJUSTED_CLOSE_UNRESOLVED
REQ0192,ساراب|1394,ساراب,1394,1395,tN,2016-07-18,2016-07-19,4563413583000719,IRO1SDAB0001,RNG0034,0.0,0.0,0.0,1078.0,ADJUSTED_CLOSE_UNRESOLVED
REQ0193,ساراب|1394,ساراب,1394,1395,t0,2015-07-19,2016-07-19,4563413583000719,IRO1SDAB0001,RNG0034,0.0,0.0,0.0,1384.0,ADJUSTED_CLOSE_UNRESOLVED
REQ0194,ساربیل|1394,ساربیل,1394,1395,tN,2016-04-17,2016-04-18,34890845654517313,IRO1SADB0001,RNG0035,0.0,0.0,0.0,16915.0,ADJUSTED_CLOSE_UNRESOLVED
REQ0195,ساربیل|1394,ساربیل,1394,1395,t0,2015-04-18,2016-04-18,34890845654517313,IRO1SADB0001,RNG0035,0.0,0.0,0.0,18244.0,ADJUSTED_CLOSE_UNRESOLVED
REQ0196,ساروم|1394,ساروم,1394,1395,t0,2015-07-19,2016-07-19,15949743338644220,IRO1SURO0001,RNG0036,0.0,0.0,0.0,4706.0,ADJUSTED_CLOSE_UNRESOLVED
REQ0197,سبجنو|1394,سبجنو,1394,1395,tN,2016-07-18,2016-07-19,66295665969375744,IRO1SBOJ0001,RNG0037,0.0,0.0,0.0,2838.0,ADJUSTED_CLOSE_UNRESOLVED
REQ0198,سبجنو|1394,سبجنو,1394,1395,t0,2015-07-19,2016-07-19,66295665969375744,IRO1SBOJ0001,RNG0037,0.0,0.0,0.0,3866.0,ADJUSTED_CLOSE_UNRESOLVED
REQ0199,سبهان|1394,سبهان,1394,1395,t0,2015-07-19,2016-07-19,32525655729432562,IRO1SBHN0001,RNG0038,0.0,0.0,0.0,24832.0,ADJUSTED_CLOSE_UNRESOLVED
REQ0200,ستران|1394,ستران,1394,1395,t0,2015-07-19,2016-07-19,30829203706095076,IRO1STEH0001,RNG0039,0.0,0.0,0.0,2099.0,ADJUSTED_CLOSE_UNRESOLVED
REQ0201,سخاش|1394,سخاش,1394,1395,tN,2016-07-18,2016-07-19,4470657233334072,IRO1SKHS0001,RNG0040,0.0,0.0,0.0,6754.0,ADJUSTED_CLOSE_UNRESOLVED
REQ0202,سخاش|1394,سخاش,1394,1395,t0,2015-07-19,2016-07-19,4470657233334072,IRO1SKHS0001,RNG0040,0.0,0.0,0.0,6539.0,ADJUSTED_CLOSE_UNRESOLVED
REQ0203,سخزر|1394,سخزر,1394,1395,t0,2015-07-19,2016-07-19,67327029014085707,IRO1SKAZ0001,RNG0041,0.0,0.0,0.0,4301.0,ADJUSTED_CLOSE_UNRESOLVED
REQ0204,سخوز|1394,سخوز,1394,1395,t0,2015-07-19,2016-07-19,41974758296041288,IRO1KHOC0001,RNG0042,0.0,0.0,0.0,3400.0,ADJUSTED_CLOSE_UNRESOLVED
REQ0205,سدشت|1394,سدشت,1394,1395,t0,2015-01-19,2016-01-20,27000326841257664,IRO1SDST0001,RNG0043,0.0,0.0,0.0,2458.0,ADJUSTED_CLOSE_UNRESOLVED
REQ0206,سدور|1394,سدور,1394,1395,t0,2015-07-19,2016-07-19,27218386411183410,IRO1SDOR0001,RNG0044,0.0,0.0,0.0,8855.0,ADJUSTED_CLOSE_UNRESOLVED
REQ0207,سرود|1394,سرود,1394,1395,t0,2015-07-19,2016-07-19,11964419322927535,IRO1SROD0001,RNG0045,0.0,0.0,0.0,3003.0,ADJUSTED_CLOSE_UNRESOLVED
REQ0208,سصفها|1394,سصفها,1394,1395,t0,2015-07-19,2016-07-19,10568944722570445,IRO1SEFH0001,RNG0047,0.0,0.0,0.0,15222.0,ADJUSTED_CLOSE_UNRESOLVED
REQ0209,سغرب|1394,سغرب,1394,1395,t0,2015-07-19,2016-07-19,52220424531578944,IRO1SGRB0001,RNG0048,0.0,0.0,0.0,3884.0,ADJUSTED_CLOSE_UNRESOLVED
REQ0210,سقاین|1394,سقاین,1394,1395,t0,2015-07-19,2016-07-19,60654872678917533,IRO1SGEN0001,RNG0049,0.0,0.0,0.0,24941.0,ADJUSTED_CLOSE_UNRESOLVED
REQ0211,سمازن|1394,سمازن,1394,1395,tN,2016-07-18,2016-07-19,33808206014018431,IRO1SMAZ0001,RNG0050,0.0,0.0,0.0,12744.0,ADJUSTED_CLOSE_UNRESOLVED
REQ0212,سمازن|1394,سمازن,1394,1395,t0,2015-07-19,2016-07-19,33808206014018431,IRO1SMAZ0001,RNG0050,0.0,0.0,0.0,14416.0,ADJUSTED_CLOSE_UNRESOLVED
REQ0213,سنیر|1394,سنیر,1394,1395,tN,2016-07-18,2016-07-19,14231831499205396,IRO1SSNR0001,RNG0051,0.0,0.0,0.0,16013.0,ADJUSTED_CLOSE_UNRESOLVED
REQ0214,سنیر|1394,سنیر,1394,1395,t0,2015-07-19,2016-07-19,14231831499205396,IRO1SSNR0001,RNG0051,0.0,0.0,0.0,17672.0,ADJUSTED_CLOSE_UNRESOLVED
REQ0215,سیلام|1394,سیلام,1394,1395,tN,2016-05-18,2016-05-19,14617104402836487,IRO1SEIL0001,RNG0055,0.0,0.0,0.0,4919.0,ADJUSTED_CLOSE_UNRESOLVED
REQ0216,سیلام|1394,سیلام,1394,1395,t0,2015-05-18,2016-05-19,14617104402836487,IRO1SEIL0001,RNG0055,0.0,0.0,0.0,6988.0,ADJUSTED_CLOSE_UNRESOLVED
REQ0217,شاراک|1394,شاراک,1394,1395,t0,2015-07-19,2016-07-19,7711282667602555,IRO1PARK0001,RNG0056,0.0,0.0,0.0,5614.0,ADJUSTED_CLOSE_UNRESOLVED
REQ0218,شبریز|1394,شبریز,1394,1395,t0,2015-07-19,2016-07-19,48753732042176709,IRO1PNTB0001,RNG0057,0.0,0.0,0.0,9373.0,ADJUSTED_CLOSE_UNRESOLVED
REQ0219,شبندر|1394,شبندر,1394,1395,t0,2015-07-19,2016-07-19,35366681030756042,IRO1PNBA0001,RNG0058,0.0,0.0,0.0,5817.0,ADJUSTED_CLOSE_UNRESOLVED
REQ0220,شدوص|1394,شدوص,1394,1395,t0,2015-07-19,2016-07-19,40611478183231802,IRO1DODE0001,RNG0059,0.0,0.0,0.0,2498.0,ADJUSTED_CLOSE_UNRESOLVED
REQ0221,شفارس|1394,شفارس,1394,1395,t0,2015-07-19,2016-07-19,43781018754867729,IRO1SHFS0001,RNG0060,0.0,0.0,0.0,4968.0,ADJUSTED_CLOSE_UNRESOLVED
REQ0222,شلعاب|1394,شلعاب,1394,1395,t0,2015-07-19,2016-07-19,39116664428676213,IRO1LEAB0001,RNG0061,0.0,0.0,0.0,1926.0,ADJUSTED_CLOSE_UNRESOLVED
REQ0223,شپارس|1394,شپارس,1394,1395,tN,2016-01-19,2016-01-20,61102694810476197,IRO1BMPS0001,RNG0062,0.0,0.0,0.0,4721.0,ADJUSTED_CLOSE_UNRESOLVED
REQ0224,شپارس|1394,شپارس,1394,1395,t0,2015-01-19,2016-01-20,61102694810476197,IRO1BMPS0001,RNG0062,0.0,0.0,0.0,5436.0,ADJUSTED_CLOSE_UNRESOLVED
REQ0225,شپنا|1394,شپنا,1394,1395,t0,2015-07-19,2016-07-19,7745894403636165,IRO1PNES0001,RNG0063,0.0,0.0,0.0,6252.0,ADJUSTED_CLOSE_UNRESOLVED
REQ0226,شکربن|1394,شکربن,1394,1395,t0,2015-07-19,2016-07-19,27308217070238237,IRO1CRBN0001,RNG0064,0.0,0.0,0.0,3117.0,ADJUSTED_CLOSE_UNRESOLVED
REQ0227,غبهنوش|1394,غبهنوش,1394,1395,tN,2016-07-18,2016-07-19,17059960254855208,IRO1BENN0001,RNG0068,0.0,0.0,0.0,6864.0,ADJUSTED_CLOSE_UNRESOLVED
REQ0228,غبهنوش|1394,غبهنوش,1394,1395,t0,2015-07-19,2016-07-19,17059960254855208,IRO1BENN0001,RNG0068,0.0,0.0,0.0,4233.0,ADJUSTED_CLOSE_UNRESOLVED
REQ0229,غدام|1394,غدام,1394,1395,tN,2016-04-17,2016-04-18,2254054929817435,IRO1KDPS0001,RNG0069,0.0,0.0,0.0,9019.0,ADJUSTED_CLOSE_UNRESOLVED
REQ0230,غسالم|1394,غسالم,1394,1395,tN,2016-07-18,2016-07-19,28672095850798501,IRO1SLMN0001,RNG0070,0.0,0.0,0.0,1742.0,ADJUSTED_CLOSE_UNRESOLVED
REQ0231,غسالم|1394,غسالم,1394,1395,t0,2015-07-19,2016-07-19,28672095850798501,IRO1SLMN0001,RNG0070,0.0,0.0,0.0,2039.0,ADJUSTED_CLOSE_UNRESOLVED
REQ0232,غشان|1394,غشان,1394,1395,t0,2015-07-19,2016-07-19,31791737198597563,IRO1SPKH0001,RNG0071,0.0,0.0,0.0,5164.0,ADJUSTED_CLOSE_UNRESOLVED
REQ0233,غشهد|1394,غشهد,1394,1395,t0,2015-07-19,2016-07-19,20487994977117557,IRO1SHAD0001,RNG0072,0.0,0.0,0.0,2115.0,ADJUSTED_CLOSE_UNRESOLVED
REQ0234,غنوش|1394,غنوش,1394,1395,tN,2016-07-18,2016-07-19,48619517949257749,IRO1NOSH0001,RNG0073,0.0,0.0,0.0,3813.0,ADJUSTED_CLOSE_UNRESOLVED
REQ0235,غنوش|1394,غنوش,1394,1395,t0,2015-07-19,2016-07-19,48619517949257749,IRO1NOSH0001,RNG0073,0.0,0.0,0.0,4069.0,ADJUSTED_CLOSE_UNRESOLVED
REQ0236,غگل|1394,غگل,1394,1395,tN,2016-01-19,2016-01-20,22299894048845903,IRO1GCOZ0001,RNG0074,0.0,0.0,0.0,34086.0,ADJUSTED_CLOSE_UNRESOLVED
REQ0237,غگل|1394,غگل,1394,1395,t0,2015-01-19,2016-01-20,22299894048845903,IRO1GCOZ0001,RNG0074,0.0,0.0,0.0,19755.0,ADJUSTED_CLOSE_UNRESOLVED
REQ0238,فاذر|1394,فاذر,1394,1395,t0,2015-07-19,2016-07-19,38547060135156069,IRO1AZAB0001,RNG0075,0.0,0.0,0.0,2967.0,ADJUSTED_CLOSE_UNRESOLVED
REQ0239,فایرا|1394,فایرا,1394,1395,tN,2016-07-18,2016-07-19,65004959184388996,IRO1ALIR0001,RNG0076,0.0,0.0,0.0,2828.0,ADJUSTED_CLOSE_UNRESOLVED
REQ0240,فایرا|1394,فایرا,1394,1395,t0,2015-07-19,2016-07-19,65004959184388996,IRO1ALIR0001,RNG0076,0.0,0.0,0.0,5662.0,ADJUSTED_CLOSE_UNRESOLVED
REQ0241,فباهنر|1394,فباهنر,1394,1395,t0,2015-07-19,2016-07-19,66772024744156373,IRO1BAHN0001,RNG0077,0.0,0.0,0.0,1421.0,ADJUSTED_CLOSE_UNRESOLVED
REQ0242,فجام|1394,فجام,1394,1395,tN,2016-07-18,2016-07-19,30765727085936322,IRO1JAMD0001,RNG0078,0.0,0.0,0.0,25661.0,ADJUSTED_CLOSE_UNRESOLVED
REQ0243,فجام|1394,فجام,1394,1395,t0,2015-07-19,2016-07-19,30765727085936322,IRO1JAMD0001,RNG0078,0.0,0.0,0.0,11760.0,ADJUSTED_CLOSE_UNRESOLVED
REQ0244,فجر|1394,فجر,1394,1395,tN,2016-07-18,2016-07-19,41302553376174581,IRO1FAJR0001,RNG0079,0.0,0.0,0.0,6853.0,ADJUSTED_CLOSE_UNRESOLVED
REQ0245,فجر|1394,فجر,1394,1395,t0,2015-07-19,2016-07-19,41302553376174581,IRO1FAJR0001,RNG0079,0.0,0.0,0.0,11140.0,ADJUSTED_CLOSE_UNRESOLVED
REQ0246,فخوز|1394,فخوز,1394,1395,t0,2015-07-19,2016-07-19,28864540805361867,IRO1FKHZ0001,RNG0080,0.0,0.0,0.0,3420.0,ADJUSTED_CLOSE_UNRESOLVED
REQ0247,فرآور|1394,فرآور,1394,1395,t0,2015-07-19,2016-07-19,408934423224097,IRO1FRVR0001,RNG0081,0.0,0.0,0.0,2447.0,ADJUSTED_CLOSE_UNRESOLVED
REQ0248,فسرب|1394,فسرب,1394,1395,t0,2015-07-19,2016-07-19,54277068923045214,IRO1SORB0001,RNG0082,0.0,0.0,0.0,1160.0,ADJUSTED_CLOSE_UNRESOLVED
REQ0249,فسپا|1394,فسپا,1394,1395,tN,2016-07-18,2016-07-19,8977441217024425,IRO1SEPA0001,RNG0083,0.0,0.0,0.0,2805.0,ADJUSTED_CLOSE_UNRESOLVED
REQ0250,فسپا|1394,فسپا,1394,1395,t0,2015-07-19,2016-07-19,8977441217024425,IRO1SEPA0001,RNG0083,0.0,0.0,0.0,4713.0,ADJUSTED_CLOSE_UNRESOLVED
REQ0251,فمراد|1394,فمراد,1394,1395,tN,2016-07-18,2016-07-19,18004480270695404,IRO1ALMR0001,RNG0084,0.0,0.0,0.0,2466.0,ADJUSTED_CLOSE_UNRESOLVED
REQ0252,فمراد|1394,فمراد,1394,1395,t0,2015-07-19,2016-07-19,18004480270695404,IRO1ALMR0001,RNG0084,0.0,0.0,0.0,2298.0,ADJUSTED_CLOSE_UNRESOLVED
REQ0253,فملی|1394,فملی,1394,1395,tN,2016-07-18,2016-07-19,35425587644337450,IRO1MSMI0001,RNG0085,0.0,0.0,0.0,1397.0,ADJUSTED_CLOSE_UNRESOLVED
REQ0254,فملی|1394,فملی,1394,1395,t0,2015-07-19,2016-07-19,35425587644337450,IRO1MSMI0001,RNG0085,0.0,0.0,0.0,1837.0,ADJUSTED_CLOSE_UNRESOLVED
REQ0255,فنورد|1394,فنورد,1394,1395,t0,2015-07-19,2016-07-19,56324206651661881,IRO1NGFO0001,RNG0086,0.0,0.0,0.0,3924.0,ADJUSTED_CLOSE_UNRESOLVED
REQ0256,فولاژ|1394,فولاژ,1394,1395,tN,2016-07-18,2016-07-19,40808043719554948,IRO1FAIR0001,RNG0087,0.0,0.0,0.0,1594.0,ADJUSTED_CLOSE_UNRESOLVED
REQ0257,فولاژ|1394,فولاژ,1394,1395,t0,2015-07-19,2016-07-19,40808043719554948,IRO1FAIR0001,RNG0087,0.0,0.0,0.0,1606.0,ADJUSTED_CLOSE_UNRESOLVED
REQ0258,فپنتا|1394,فپنتا,1394,1395,tN,2016-07-18,2016-07-19,68488673556087148,IRO1SPTA0001,RNG0088,0.0,0.0,0.0,15238.0,ADJUSTED_CLOSE_UNRESOLVED
REQ0259,فپنتا|1394,فپنتا,1394,1395,t0,2015-07-19,2016-07-19,68488673556087148,IRO1SPTA0001,RNG0088,0.0,0.0,0.0,11496.0,ADJUSTED_CLOSE_UNRESOLVED
REQ0260,لابسا|1394,لابسا,1394,1395,tN,2016-07-18,2016-07-19,63363116407864462,IRO1ASAL0001,RNG0089,0.0,0.0,0.0,2113.0,ADJUSTED_CLOSE_UNRESOLVED
REQ0261,لابسا|1394,لابسا,1394,1395,t0,2015-07-19,2016-07-19,63363116407864462,IRO1ASAL0001,RNG0089,0.0,0.0,0.0,2381.0,ADJUSTED_CLOSE_UNRESOLVED
REQ0262,لبوتان|1394,لبوتان,1394,1395,tN,2016-07-18,2016-07-19,30650426998863332,IRO1BOTA0001,RNG0090,0.0,0.0,0.0,2868.0,ADJUSTED_CLOSE_UNRESOLVED
REQ0263,لبوتان|1394,لبوتان,1394,1395,t0,2015-07-19,2016-07-19,30650426998863332,IRO1BOTA0001,RNG0090,0.0,0.0,0.0,2676.0,ADJUSTED_CLOSE_UNRESOLVED
REQ0264,لخزر|1394,لخزر,1394,1395,t0,2015-07-19,2016-07-19,65414507129586385,IRO1KHAZ0001,RNG0091,0.0,0.0,0.0,6305.0,ADJUSTED_CLOSE_UNRESOLVED
REQ0265,لسرما|1394,لسرما,1394,1395,tN,2016-07-18,2016-07-19,55897939403232751,IRO1SRMA0001,RNG0092,0.0,0.0,0.0,1779.0,ADJUSTED_CLOSE_UNRESOLVED
REQ0266,لسرما|1394,لسرما,1394,1395,t0,2015-07-19,2016-07-19,55897939403232751,IRO1SRMA0001,RNG0092,0.0,0.0,0.0,2084.0,ADJUSTED_CLOSE_UNRESOLVED
REQ0267,همراه|1394,همراه,1394,1395,t0,2015-07-19,2016-07-19,68635710163497089,IRO1HMRZ0001,RNG0095,0.0,0.0,0.0,26842.0,ADJUSTED_CLOSE_UNRESOLVED
REQ0268,پدرخش|1394,پدرخش,1394,1395,t0,2015-07-19,2016-07-19,24079409192818584,IRO1DRKH0001,RNG0097,0.0,0.0,0.0,2816.0,ADJUSTED_CLOSE_UNRESOLVED
REQ0269,پسهند|1394,پسهند,1394,1395,t0,2015-07-19,2016-07-19,10120557300120078,IRO1SHND0001,RNG0099,0.0,0.0,0.0,5200.0,ADJUSTED_CLOSE_UNRESOLVED
REQ0270,پلاسک|1394,پلاسک,1394,1395,t0,2015-07-19,2016-07-19,57722642338781674,IRO1PLKK0001,RNG0100,0.0,0.0,0.0,1320.0,ADJUSTED_CLOSE_UNRESOLVED
REQ0271,چکارن|1394,چکارن,1394,1395,t0,2015-07-19,2016-07-19,53113471126689455,IRO1KRTI0001,RNG0102,0.0,0.0,0.0,2540.0,ADJUSTED_CLOSE_UNRESOLVED
REQ0272,کبافق|1394,کبافق,1394,1395,t0,2015-07-19,2016-07-19,43256212620530446,IRO1BAFG0001,RNG0104,0.0,0.0,0.0,2963.0,ADJUSTED_CLOSE_UNRESOLVED
REQ0273,کرازی|1394,کرازی,1394,1395,t0,2015-07-19,2016-07-19,57086055330734195,IRO1TSRZ0001,RNG0105,0.0,0.0,0.0,8099.0,ADJUSTED_CLOSE_UNRESOLVED
REQ0274,کفرا|1394,کفرا,1394,1395,t0,2015-07-19,2016-07-19,23837844039713715,IRO1NASI0001,RNG0106,0.0,0.0,0.0,8793.0,ADJUSTED_CLOSE_UNRESOLVED
REQ0275,کفپارس|1394,کفپارس,1394,1395,tN,2016-04-17,2016-04-18,19471788163911687,IRO1NSPS0001,RNG0107,0.0,0.0,0.0,6918.0,ADJUSTED_CLOSE_UNRESOLVED
REQ0276,کفپارس|1394,کفپارس,1394,1395,t0,2015-04-18,2016-04-18,19471788163911687,IRO1NSPS0001,RNG0107,0.0,0.0,0.0,4503.0,ADJUSTED_CLOSE_UNRESOLVED
REQ0277,کگاز|1394,کگاز,1394,1395,t0,2015-07-19,2016-07-19,62346804681275278,IRO1SGAZ0001,RNG0110,0.0,0.0,0.0,3717.0,ADJUSTED_CLOSE_UNRESOLVED
REQ0278,کگل|1394,کگل,1394,1395,t0,2015-07-19,2016-07-19,35700344742885862,IRO1GOLG0001,RNG0111,0.0,0.0,0.0,3041.0,ADJUSTED_CLOSE_UNRESOLVED
REQ0279,بالبر|1395,بالبر,1395,1396,tN,2017-01-18,2017-01-19,62952165421099192,IRO1KALZ0001,RNG0001,0.0,0.0,0.0,2756.0,ADJUSTED_CLOSE_UNRESOLVED
REQ0280,بترانس|1395,بترانس,1395,1396,t0,2016-07-19,2017-07-21,46752599569017089,IRO1TRNS0001,RNG0002,0.0,0.0,0.0,14935.0,ADJUSTED_CLOSE_UNRESOLVED
REQ0281,بکاب|1395,بکاب,1395,1396,tN,2017-01-18,2017-01-19,70219663893822560,IRO1JOSH0001,RNG0004,0.0,0.0,0.0,12351.0,ADJUSTED_CLOSE_UNRESOLVED
REQ0282,بکاب|1395,بکاب,1395,1396,t0,2016-01-18,2017-01-19,70219663893822560,IRO1JOSH0001,RNG0004,0.0,0.0,0.0,8291.0,ADJUSTED_CLOSE_UNRESOLVED
REQ0283,بکام|1395,بکام,1395,1396,tN,2017-07-19,2017-07-21,22382156782768756,IRO1KGND0001,RNG0005,0.0,0.0,0.0,2600.0,ADJUSTED_CLOSE_UNRESOLVED
REQ0284,تپمپی|1395,تپمپی,1395,1396,tN,2016-10-19,2016-10-21,43062880954780884,IRO1PIRN0001,RNG0006,0.0,0.0,0.0,3204.0,ADJUSTED_CLOSE_UNRESOLVED
REQ0285,تپمپی|1395,تپمپی,1395,1396,t0,2015-10-19,2016-10-21,43062880954780884,IRO1PIRN0001,RNG0006,0.0,0.0,0.0,3375.0,ADJUSTED_CLOSE_UNRESOLVED
REQ0286,تکمبا|1395,تکمبا,1395,1396,tN,2017-07-19,2017-07-21,30719054967088301,IRO1COMB0001,RNG0007,0.0,0.0,0.0,758.0,ADJUSTED_CLOSE_UNRESOLVED
REQ0287,تکمبا|1395,تکمبا,1395,1396,t0,2016-07-19,2017-07-21,30719054967088301,IRO1COMB0001,RNG0007,0.0,0.0,0.0,802.0,ADJUSTED_CLOSE_UNRESOLVED
REQ0288,جم|1395,جم,1395,1396,t0,2016-07-19,2017-07-21,32357363984168442,IRO1PJMZ0001,RNG0010,0.0,0.0,0.0,9436.0,ADJUSTED_CLOSE_UNRESOLVED
REQ0289,حپترو|1395,حپترو,1395,1396,tN,2017-07-19,2017-07-21,16369313804633525,IRO1HJPT0001,RNG0012,0.0,0.0,0.0,4128.0,ADJUSTED_CLOSE_UNRESOLVED
REQ0290,حپترو|1395,حپترو,1395,1396,t0,2016-07-19,2017-07-21,16369313804633525,IRO1HJPT0001,RNG0012,0.0,0.0,0.0,2946.0,ADJUSTED_CLOSE_UNRESOLVED
REQ0291,حکشتی|1395,حکشتی,1395,1396,tN,2016-10-19,2016-10-21,60610861509165508,IRO1KSHJ0001,RNG0013,0.0,0.0,0.0,4905.0,ADJUSTED_CLOSE_UNRESOLVED
REQ0292,خاذین|1395,خاذین,1395,1396,t0,2016-07-19,2017-07-21,42075223783409640,IRO1AZIN0001,RNG0014,0.0,0.0,0.0,971.0,ADJUSTED_CLOSE_UNRESOLVED
REQ0293,خبهمن|1395,خبهمن,1395,1396,tN,2017-07-19,2017-07-21,26824673819862694,IRO1BHMN0001,RNG0015,0.0,0.0,0.0,967.0,ADJUSTED_CLOSE_UNRESOLVED
REQ0294,خنصیر|1395,خنصیر,1395,1396,tN,2017-07-19,2017-07-21,17834623106317041,IRO1MNSR0001,RNG0020,0.0,0.0,0.0,3706.0,ADJUSTED_CLOSE_UNRESOLVED
REQ0295,خنصیر|1395,خنصیر,1395,1396,t0,2016-07-19,2017-07-21,17834623106317041,IRO1MNSR0001,RNG0020,0.0,0.0,0.0,2467.0,ADJUSTED_CLOSE_UNRESOLVED
REQ0296,خوساز|1395,خوساز,1395,1396,tN,2017-07-19,2017-07-21,31879190587976736,IRO1MESI0001,RNG0021,0.0,0.0,0.0,1876.0,ADJUSTED_CLOSE_UNRESOLVED
REQ0297,خوساز|1395,خوساز,1395,1396,t0,2016-07-19,2017-07-21,31879190587976736,IRO1MESI0001,RNG0021,0.0,0.0,0.0,3341.0,ADJUSTED_CLOSE_UNRESOLVED
REQ0298,دسینا|1395,دسینا,1395,1396,tN,2017-07-19,2017-07-21,11432067920374603,IRO1DSIN0001,RNG0027,0.0,0.0,0.0,21137.0,ADJUSTED_CLOSE_UNRESOLVED
REQ0299,دشیمی|1395,دشیمی,1395,1396,t0,2016-07-19,2017-07-21,33603212156438463,IRO1DDPK0001,RNG0028,0.0,0.0,0.0,4608.0,ADJUSTED_CLOSE_UNRESOLVED
REQ0300,زمگسا|1395,زمگسا,1395,1396,tN,2017-07-19,2017-07-21,5054819322815158,IRO1MAGS0001,RNG0032,0.0,0.0,0.0,6754.0,ADJUSTED_CLOSE_UNRESOLVED
REQ0301,ساراب|1395,ساراب,1395,1396,tN,2017-07-19,2017-07-21,4563413583000719,IRO1SDAB0001,RNG0034,0.0,0.0,0.0,1330.0,ADJUSTED_CLOSE_UNRESOLVED
REQ0302,ساروم|1395,ساروم,1395,1396,t0,2016-07-19,2017-07-21,15949743338644220,IRO1SURO0001,RNG0036,0.0,0.0,0.0,2618.0,ADJUSTED_CLOSE_UNRESOLVED
REQ0303,ستران|1395,ستران,1395,1396,tN,2017-07-19,2017-07-21,30829203706095076,IRO1STEH0001,RNG0039,0.0,0.0,0.0,2026.0,ADJUSTED_CLOSE_UNRESOLVED
REQ0304,سخاش|1395,سخاش,1395,1396,tN,2017-07-19,2017-07-21,4470657233334072,IRO1SKHS0001,RNG0040,0.0,0.0,0.0,8253.0,ADJUSTED_CLOSE_UNRESOLVED
REQ0305,سدشت|1395,سدشت,1395,1396,t0,2016-01-18,2017-01-19,27000326841257664,IRO1SDST0001,RNG0043,0.0,0.0,0.0,2081.0,ADJUSTED_CLOSE_UNRESOLVED
REQ0306,سصفها|1395,سصفها,1395,1396,tN,2017-07-19,2017-07-21,10568944722570445,IRO1SEFH0001,RNG0047,0.0,0.0,0.0,16339.0,ADJUSTED_CLOSE_UNRESOLVED
REQ0307,سمازن|1395,سمازن,1395,1396,tN,2017-04-18,2017-04-19,33808206014018431,IRO1SMAZ0001,RNG0050,0.0,0.0,0.0,4737.0,ADJUSTED_CLOSE_UNRESOLVED
REQ0308,سمازن|1395,سمازن,1395,1396,t0,2016-04-18,2017-04-19,33808206014018431,IRO1SMAZ0001,RNG0050,0.0,0.0,0.0,14108.0,ADJUSTED_CLOSE_UNRESOLVED
REQ0309,سنیر|1395,سنیر,1395,1396,tN,2017-07-19,2017-07-21,14231831499205396,IRO1SSNR0001,RNG0051,0.0,0.0,0.0,15218.0,ADJUSTED_CLOSE_UNRESOLVED
REQ0310,سنیر|1395,سنیر,1395,1396,t0,2016-07-19,2017-07-21,14231831499205396,IRO1SSNR0001,RNG0051,0.0,0.0,0.0,16013.0,ADJUSTED_CLOSE_UNRESOLVED
REQ0311,سیلام|1395,سیلام,1395,1396,tN,2017-05-17,2017-05-20,14617104402836487,IRO1SEIL0001,RNG0055,0.0,0.0,0.0,4197.0,ADJUSTED_CLOSE_UNRESOLVED
REQ0312,سیلام|1395,سیلام,1395,1396,t0,2016-05-17,2017-05-20,14617104402836487,IRO1SEIL0001,RNG0055,0.0,0.0,0.0,4919.0,ADJUSTED_CLOSE_UNRESOLVED
REQ0313,شبریز|1395,شبریز,1395,1396,tN,2017-07-19,2017-07-21,48753732042176709,IRO1PNTB0001,RNG0057,0.0,0.0,0.0,4733.0,ADJUSTED_CLOSE_UNRESOLVED
REQ0314,شبریز|1395,شبریز,1395,1396,t0,2016-07-19,2017-07-21,48753732042176709,IRO1PNTB0001,RNG0057,0.0,0.0,0.0,3826.0,ADJUSTED_CLOSE_UNRESOLVED
REQ0315,شبندر|1395,شبندر,1395,1396,tN,2017-07-19,2017-07-21,35366681030756042,IRO1PNBA0001,RNG0058,0.0,0.0,0.0,5153.0,ADJUSTED_CLOSE_UNRESOLVED
REQ0316,شبندر|1395,شبندر,1395,1396,t0,2016-07-19,2017-07-21,35366681030756042,IRO1PNBA0001,RNG0058,0.0,0.0,0.0,4760.0,ADJUSTED_CLOSE_UNRESOLVED
REQ0317,شدوص|1395,شدوص,1395,1396,tN,2017-07-19,2017-07-21,40611478183231802,IRO1DODE0001,RNG0059,0.0,0.0,0.0,2644.0,ADJUSTED_CLOSE_UNRESOLVED
REQ0318,شپنا|1395,شپنا,1395,1396,tN,2017-07-19,2017-07-21,7745894403636165,IRO1PNES0001,RNG0063,0.0,0.0,0.0,3046.0,ADJUSTED_CLOSE_UNRESOLVED
REQ0319,شپنا|1395,شپنا,1395,1396,t0,2016-07-19,2017-07-21,7745894403636165,IRO1PNES0001,RNG0063,0.0,0.0,0.0,2794.0,ADJUSTED_CLOSE_UNRESOLVED
REQ0320,غبهنوش|1395,غبهنوش,1395,1396,tN,2017-07-19,2017-07-21,17059960254855208,IRO1BENN0001,RNG0068,0.0,0.0,0.0,5018.0,ADJUSTED_CLOSE_UNRESOLVED
REQ0321,غبهنوش|1395,غبهنوش,1395,1396,t0,2016-07-19,2017-07-21,17059960254855208,IRO1BENN0001,RNG0068,0.0,0.0,0.0,6864.0,ADJUSTED_CLOSE_UNRESOLVED
REQ0322,غدام|1395,غدام,1395,1396,tN,2017-04-18,2017-04-19,2254054929817435,IRO1KDPS0001,RNG0069,0.0,0.0,0.0,7087.0,ADJUSTED_CLOSE_UNRESOLVED
REQ0323,غدام|1395,غدام,1395,1396,t0,2016-04-18,2017-04-19,2254054929817435,IRO1KDPS0001,RNG0069,0.0,0.0,0.0,9019.0,ADJUSTED_CLOSE_UNRESOLVED
REQ0324,غسالم|1395,غسالم,1395,1396,tN,2017-07-19,2017-07-21,28672095850798501,IRO1SLMN0001,RNG0070,0.0,0.0,0.0,2359.0,ADJUSTED_CLOSE_UNRESOLVED
REQ0325,غشهد|1395,غشهد,1395,1396,tN,2017-07-19,2017-07-21,20487994977117557,IRO1SHAD0001,RNG0072,0.0,0.0,0.0,2594.0,ADJUSTED_CLOSE_UNRESOLVED
REQ0326,غنوش|1395,غنوش,1395,1396,tN,2017-07-19,2017-07-21,48619517949257749,IRO1NOSH0001,RNG0073,0.0,0.0,0.0,3678.0,ADJUSTED_CLOSE_UNRESOLVED
REQ0327,غنوش|1395,غنوش,1395,1396,t0,2016-07-19,2017-07-21,48619517949257749,IRO1NOSH0001,RNG0073,0.0,0.0,0.0,3813.0,ADJUSTED_CLOSE_UNRESOLVED
REQ0328,غگل|1395,غگل,1395,1396,tN,2017-01-18,2017-01-19,22299894048845903,IRO1GCOZ0001,RNG0074,0.0,0.0,0.0,40910.0,ADJUSTED_CLOSE_UNRESOLVED
REQ0329,غگل|1395,غگل,1395,1396,t0,2016-01-18,2017-01-19,22299894048845903,IRO1GCOZ0001,RNG0074,0.0,0.0,0.0,34086.0,ADJUSTED_CLOSE_UNRESOLVED
REQ0330,فاذر|1395,فاذر,1395,1396,tN,2017-07-19,2017-07-21,38547060135156069,IRO1AZAB0001,RNG0075,0.0,0.0,0.0,3042.0,ADJUSTED_CLOSE_UNRESOLVED
REQ0331,فاذر|1395,فاذر,1395,1396,t0,2016-07-19,2017-07-21,38547060135156069,IRO1AZAB0001,RNG0075,0.0,0.0,0.0,5231.0,ADJUSTED_CLOSE_UNRESOLVED
REQ0332,فایرا|1395,فایرا,1395,1396,tN,2017-07-19,2017-07-21,65004959184388996,IRO1ALIR0001,RNG0076,0.0,0.0,0.0,330.0,ADJUSTED_CLOSE_UNRESOLVED
REQ0333,فایرا|1395,فایرا,1395,1396,t0,2016-07-19,2017-07-21,65004959184388996,IRO1ALIR0001,RNG0076,0.0,0.0,0.0,2828.0,ADJUSTED_CLOSE_UNRESOLVED
REQ0334,فباهنر|1395,فباهنر,1395,1396,tN,2017-07-19,2017-07-21,66772024744156373,IRO1BAHN0001,RNG0077,0.0,0.0,0.0,4325.0,ADJUSTED_CLOSE_UNRESOLVED
REQ0335,فجام|1395,فجام,1395,1396,t0,2016-07-19,2017-07-21,30765727085936322,IRO1JAMD0001,RNG0078,0.0,0.0,0.0,25661.0,ADJUSTED_CLOSE_UNRESOLVED
REQ0336,فجر|1395,فجر,1395,1396,t0,2016-07-19,2017-07-21,41302553376174581,IRO1FAJR0001,RNG0079,0.0,0.0,0.0,6853.0,ADJUSTED_CLOSE_UNRESOLVED
REQ0337,فخوز|1395,فخوز,1395,1396,t0,2016-07-19,2017-07-21,28864540805361867,IRO1FKHZ0001,RNG0080,0.0,0.0,0.0,2400.0,ADJUSTED_CLOSE_UNRESOLVED
REQ0338,فسپا|1395,فسپا,1395,1396,tN,2017-07-19,2017-07-21,8977441217024425,IRO1SEPA0001,RNG0083,0.0,0.0,0.0,2891.0,ADJUSTED_CLOSE_UNRESOLVED
REQ0339,فسپا|1395,فسپا,1395,1396,t0,2016-07-19,2017-07-21,8977441217024425,IRO1SEPA0001,RNG0083,0.0,0.0,0.0,2805.0,ADJUSTED_CLOSE_UNRESOLVED
REQ0340,فمراد|1395,فمراد,1395,1396,tN,2017-07-19,2017-07-21,18004480270695404,IRO1ALMR0001,RNG0084,0.0,0.0,0.0,3167.0,ADJUSTED_CLOSE_UNRESOLVED
REQ0341,فمراد|1395,فمراد,1395,1396,t0,2016-07-19,2017-07-21,18004480270695404,IRO1ALMR0001,RNG0084,0.0,0.0,0.0,2466.0,ADJUSTED_CLOSE_UNRESOLVED
REQ0342,فملی|1395,فملی,1395,1396,tN,2017-07-19,2017-07-21,35425587644337450,IRO1MSMI0001,RNG0085,0.0,0.0,0.0,1884.0,ADJUSTED_CLOSE_UNRESOLVED
REQ0343,فملی|1395,فملی,1395,1396,t0,2016-07-19,2017-07-21,35425587644337450,IRO1MSMI0001,RNG0085,0.0,0.0,0.0,1344.0,ADJUSTED_CLOSE_UNRESOLVED
REQ0344,فنورد|1395,فنورد,1395,1396,tN,2017-07-19,2017-07-21,56324206651661881,IRO1NGFO0001,RNG0086,0.0,0.0,0.0,5076.0,ADJUSTED_CLOSE_UNRESOLVED
REQ0345,فنورد|1395,فنورد,1395,1396,t0,2016-07-19,2017-07-21,56324206651661881,IRO1NGFO0001,RNG0086,0.0,0.0,0.0,4813.0,ADJUSTED_CLOSE_UNRESOLVED
REQ0346,فولاژ|1395,فولاژ,1395,1396,tN,2017-07-19,2017-07-21,40808043719554948,IRO1FAIR0001,RNG0087,0.0,0.0,0.0,1803.0,ADJUSTED_CLOSE_UNRESOLVED
REQ0347,فولاژ|1395,فولاژ,1395,1396,t0,2016-07-19,2017-07-21,40808043719554948,IRO1FAIR0001,RNG0087,0.0,0.0,0.0,1594.0,ADJUSTED_CLOSE_UNRESOLVED
REQ0348,فپنتا|1395,فپنتا,1395,1396,tN,2017-07-19,2017-07-21,68488673556087148,IRO1SPTA0001,RNG0088,0.0,0.0,0.0,13886.0,ADJUSTED_CLOSE_UNRESOLVED
REQ0349,لبوتان|1395,لبوتان,1395,1396,t0,2016-07-19,2017-07-21,30650426998863332,IRO1BOTA0001,RNG0090,0.0,0.0,0.0,2858.0,ADJUSTED_CLOSE_UNRESOLVED
REQ0350,لسرما|1395,لسرما,1395,1396,tN,2017-07-19,2017-07-21,55897939403232751,IRO1SRMA0001,RNG0092,0.0,0.0,0.0,5638.0,ADJUSTED_CLOSE_UNRESOLVED
REQ0351,لسرما|1395,لسرما,1395,1396,t0,2016-07-19,2017-07-21,55897939403232751,IRO1SRMA0001,RNG0092,0.0,0.0,0.0,1779.0,ADJUSTED_CLOSE_UNRESOLVED
REQ0352,پدرخش|1395,پدرخش,1395,1396,tN,2017-07-19,2017-07-21,24079409192818584,IRO1DRKH0001,RNG0097,0.0,0.0,0.0,3899.0,ADJUSTED_CLOSE_UNRESOLVED
REQ0353,پلاسک|1395,پلاسک,1395,1396,t0,2016-07-19,2017-07-21,57722642338781674,IRO1PLKK0001,RNG0100,0.0,0.0,0.0,1681.0,ADJUSTED_CLOSE_UNRESOLVED
REQ0354,کبافق|1395,کبافق,1395,1396,tN,2017-07-19,2017-07-21,43256212620530446,IRO1BAFG0001,RNG0104,0.0,0.0,0.0,12816.0,ADJUSTED_CLOSE_UNRESOLVED
REQ0355,کفپارس|1395,کفپارس,1395,1396,tN,2017-04-18,2017-04-19,19471788163911687,IRO1NSPS0001,RNG0107,0.0,0.0,0.0,4850.0,ADJUSTED_CLOSE_UNRESOLVED
REQ0356,کفپارس|1395,کفپارس,1395,1396,t0,2016-04-18,2017-04-19,19471788163911687,IRO1NSPS0001,RNG0107,0.0,0.0,0.0,6918.0,ADJUSTED_CLOSE_UNRESOLVED
REQ0357,کهمدا|1395,کهمدا,1395,1396,t0,2015-10-19,2016-10-21,67206358287598044,IRO1SHMD0001,RNG0108,0.0,0.0,0.0,5465.0,ADJUSTED_CLOSE_UNRESOLVED
REQ0358,کگل|1395,کگل,1395,1396,tN,2017-07-19,2017-07-21,35700344742885862,IRO1GOLG0001,RNG0111,0.0,0.0,0.0,2000.0,ADJUSTED_CLOSE_UNRESOLVED
REQ0359,بالبر|1396,بالبر,1396,1397,t0,2017-01-17,2018-01-20,62952165421099192,IRO1KALZ0001,RNG0001,0.0,0.0,0.0,2756.0,ADJUSTED_CLOSE_UNRESOLVED
REQ0360,بکاب|1396,بکاب,1396,1397,t0,2017-01-17,2018-01-20,70219663893822560,IRO1JOSH0001,RNG0004,0.0,0.0,0.0,12351.0,ADJUSTED_CLOSE_UNRESOLVED
REQ0361,بکام|1396,بکام,1396,1397,t0,2017-07-18,2018-07-20,22382156782768756,IRO1KGND0001,RNG0005,0.0,0.0,0.0,2600.0,ADJUSTED_CLOSE_UNRESOLVED
REQ0362,تپمپی|1396,تپمپی,1396,1397,t0,2016-10-22,2017-10-22,43062880954780884,IRO1PIRN0001,RNG0006,0.0,0.0,0.0,3054.0,ADJUSTED_CLOSE_UNRESOLVED
REQ0363,حپترو|1396,حپترو,1396,1397,tN,2018-07-18,2018-07-20,16369313804633525,IRO1HJPT0001,RNG0012,0.0,0.0,0.0,2302.0,ADJUSTED_CLOSE_UNRESOLVED
REQ0364,حپترو|1396,حپترو,1396,1397,t0,2017-07-18,2018-07-20,16369313804633525,IRO1HJPT0001,RNG0012,0.0,0.0,0.0,4128.0,ADJUSTED_CLOSE_UNRESOLVED
REQ0365,حکشتی|1396,حکشتی,1396,1397,tN,2017-10-21,2017-10-22,60610861509165508,IRO1KSHJ0001,RNG0013,0.0,0.0,0.0,4261.0,ADJUSTED_CLOSE_UNRESOLVED
REQ0366,حکشتی|1396,حکشتی,1396,1397,t0,2016-10-22,2017-10-22,60610861509165508,IRO1KSHJ0001,RNG0013,0.0,0.0,0.0,4905.0,ADJUSTED_CLOSE_UNRESOLVED
REQ0367,خبهمن|1396,خبهمن,1396,1397,tN,2018-07-18,2018-07-20,26824673819862694,IRO1BHMN0001,RNG0015,0.0,0.0,0.0,730.0,ADJUSTED_CLOSE_UNRESOLVED
REQ0368,خبهمن|1396,خبهمن,1396,1397,t0,2017-07-18,2018-07-20,26824673819862694,IRO1BHMN0001,RNG0015,0.0,0.0,0.0,967.0,ADJUSTED_CLOSE_UNRESOLVED
REQ0369,خنصیر|1396,خنصیر,1396,1397,t0,2017-07-18,2018-07-20,17834623106317041,IRO1MNSR0001,RNG0020,0.0,0.0,0.0,3706.0,ADJUSTED_CLOSE_UNRESOLVED
REQ0370,خوساز|1396,خوساز,1396,1397,t0,2017-07-18,2018-07-20,31879190587976736,IRO1MESI0001,RNG0021,0.0,0.0,0.0,1876.0,ADJUSTED_CLOSE_UNRESOLVED
REQ0371,دروز|1396,دروز,1396,1397,tN,2018-07-18,2018-07-20,40262275031537922,IRO1ROZD0001,RNG0025,0.0,0.0,0.0,2325.0,ADJUSTED_CLOSE_UNRESOLVED
REQ0372,دشیمی|1396,دشیمی,1396,1397,t0,2017-07-18,2018-07-20,33603212156438463,IRO1DDPK0001,RNG0028,0.0,0.0,0.0,3048.0,ADJUSTED_CLOSE_UNRESOLVED
REQ0373,زمگسا|1396,زمگسا,1396,1397,tN,2018-07-18,2018-07-20,5054819322815158,IRO1MAGS0001,RNG0032,0.0,0.0,0.0,2398.0,ADJUSTED_CLOSE_UNRESOLVED
REQ0374,ساراب|1396,ساراب,1396,1397,t0,2017-07-18,2018-07-20,4563413583000719,IRO1SDAB0001,RNG0034,0.0,0.0,0.0,1390.0,ADJUSTED_CLOSE_UNRESOLVED
REQ0375,ساربیل|1396,ساربیل,1396,1397,tN,2018-04-18,2018-04-19,34890845654517313,IRO1SADB0001,RNG0035,0.0,0.0,0.0,5937.0,ADJUSTED_CLOSE_UNRESOLVED
REQ0376,سبهان|1396,سبهان,1396,1397,t0,2017-07-18,2018-07-20,32525655729432562,IRO1SBHN0001,RNG0038,0.0,0.0,0.0,14535.0,ADJUSTED_CLOSE_UNRESOLVED
REQ0377,ستران|1396,ستران,1396,1397,tN,2018-07-18,2018-07-20,30829203706095076,IRO1STEH0001,RNG0039,0.0,0.0,0.0,1288.0,ADJUSTED_CLOSE_UNRESOLVED
REQ0378,ستران|1396,ستران,1396,1397,t0,2017-07-18,2018-07-20,30829203706095076,IRO1STEH0001,RNG0039,0.0,0.0,0.0,2026.0,ADJUSTED_CLOSE_UNRESOLVED
REQ0379,سخاش|1396,سخاش,1396,1397,tN,2018-07-18,2018-07-20,4470657233334072,IRO1SKHS0001,RNG0040,0.0,0.0,0.0,9156.0,ADJUSTED_CLOSE_UNRESOLVED
REQ0380,سخاش|1396,سخاش,1396,1397,t0,2017-07-18,2018-07-20,4470657233334072,IRO1SKHS0001,RNG0040,0.0,0.0,0.0,8253.0,ADJUSTED_CLOSE_UNRESOLVED
REQ0381,سخزر|1396,سخزر,1396,1397,tN,2018-07-18,2018-07-20,67327029014085707,IRO1SKAZ0001,RNG0041,0.0,0.0,0.0,3657.0,ADJUSTED_CLOSE_UNRESOLVED
REQ0382,سدشت|1396,سدشت,1396,1397,tN,2018-01-17,2018-01-20,27000326841257664,IRO1SDST0001,RNG0043,0.0,0.0,0.0,1776.0,ADJUSTED_CLOSE_UNRESOLVED
REQ0383,سصفها|1396,سصفها,1396,1397,tN,2018-07-18,2018-07-20,10568944722570445,IRO1SEFH0001,RNG0047,0.0,0.0,0.0,6390.0,ADJUSTED_CLOSE_UNRESOLVED
REQ0384,سمازن|1396,سمازن,1396,1397,tN,2018-04-18,2018-04-19,33808206014018431,IRO1SMAZ0001,RNG0050,0.0,0.0,0.0,2562.0,ADJUSTED_CLOSE_UNRESOLVED
REQ0385,سمازن|1396,سمازن,1396,1397,t0,2017-04-18,2018-04-19,33808206014018431,IRO1SMAZ0001,RNG0050,0.0,0.0,0.0,4737.0,ADJUSTED_CLOSE_UNRESOLVED
REQ0386,سنیر|1396,سنیر,1396,1397,tN,2018-07-18,2018-07-20,14231831499205396,IRO1SSNR0001,RNG0051,0.0,0.0,0.0,13360.0,ADJUSTED_CLOSE_UNRESOLVED
REQ0387,سنیر|1396,سنیر,1396,1397,t0,2017-07-18,2018-07-20,14231831499205396,IRO1SSNR0001,RNG0051,0.0,0.0,0.0,15218.0,ADJUSTED_CLOSE_UNRESOLVED
REQ0388,سیلام|1396,سیلام,1396,1397,tN,2018-05-19,2018-05-20,14617104402836487,IRO1SEIL0001,RNG0055,0.0,0.0,0.0,2300.0,ADJUSTED_CLOSE_UNRESOLVED
REQ0389,سیلام|1396,سیلام,1396,1397,t0,2017-05-20,2018-05-20,14617104402836487,IRO1SEIL0001,RNG0055,0.0,0.0,0.0,4197.0,ADJUSTED_CLOSE_UNRESOLVED
REQ0390,شبریز|1396,شبریز,1396,1397,t0,2017-07-18,2018-07-20,48753732042176709,IRO1PNTB0001,RNG0057,0.0,0.0,0.0,4733.0,ADJUSTED_CLOSE_UNRESOLVED
REQ0391,شبندر|1396,شبندر,1396,1397,tN,2018-07-18,2018-07-20,35366681030756042,IRO1PNBA0001,RNG0058,0.0,0.0,0.0,7219.0,ADJUSTED_CLOSE_UNRESOLVED
REQ0392,شبندر|1396,شبندر,1396,1397,t0,2017-07-18,2018-07-20,35366681030756042,IRO1PNBA0001,RNG0058,0.0,0.0,0.0,5153.0,ADJUSTED_CLOSE_UNRESOLVED
REQ0393,شدوص|1396,شدوص,1396,1397,t0,2017-07-18,2018-07-20,40611478183231802,IRO1DODE0001,RNG0059,0.0,0.0,0.0,2644.0,ADJUSTED_CLOSE_UNRESOLVED
REQ0394,شپارس|1396,شپارس,1396,1397,tN,2018-01-17,2018-01-20,61102694810476197,IRO1BMPS0001,RNG0062,0.0,0.0,0.0,1758.0,ADJUSTED_CLOSE_UNRESOLVED
REQ0395,شپنا|1396,شپنا,1396,1397,tN,2018-07-18,2018-07-20,7745894403636165,IRO1PNES0001,RNG0063,0.0,0.0,0.0,4233.0,ADJUSTED_CLOSE_UNRESOLVED
REQ0396,شپنا|1396,شپنا,1396,1397,t0,2017-07-18,2018-07-20,7745894403636165,IRO1PNES0001,RNG0063,0.0,0.0,0.0,3046.0,ADJUSTED_CLOSE_UNRESOLVED
REQ0397,غبهنوش|1396,غبهنوش,1396,1397,tN,2018-07-18,2018-07-20,17059960254855208,IRO1BENN0001,RNG0068,0.0,0.0,0.0,4089.0,ADJUSTED_CLOSE_UNRESOLVED
REQ0398,غبهنوش|1396,غبهنوش,1396,1397,t0,2017-07-18,2018-07-20,17059960254855208,IRO1BENN0001,RNG0068,0.0,0.0,0.0,5018.0,ADJUSTED_CLOSE_UNRESOLVED
REQ0399,غدام|1396,غدام,1396,1397,tN,2018-04-18,2018-04-19,2254054929817435,IRO1KDPS0001,RNG0069,0.0,0.0,0.0,6904.0,ADJUSTED_CLOSE_UNRESOLVED
REQ0400,غدام|1396,غدام,1396,1397,t0,2017-04-18,2018-04-19,2254054929817435,IRO1KDPS0001,RNG0069,0.0,0.0,0.0,7087.0,ADJUSTED_CLOSE_UNRESOLVED
REQ0401,غسالم|1396,غسالم,1396,1397,t0,2017-07-18,2018-07-20,28672095850798501,IRO1SLMN0001,RNG0070,0.0,0.0,0.0,2359.0,ADJUSTED_CLOSE_UNRESOLVED
REQ0402,غشهد|1396,غشهد,1396,1397,t0,2017-07-18,2018-07-20,20487994977117557,IRO1SHAD0001,RNG0072,0.0,0.0,0.0,2594.0,ADJUSTED_CLOSE_UNRESOLVED
REQ0403,غنوش|1396,غنوش,1396,1397,tN,2018-07-18,2018-07-20,48619517949257749,IRO1NOSH0001,RNG0073,0.0,0.0,0.0,3319.0,ADJUSTED_CLOSE_UNRESOLVED
REQ0404,غنوش|1396,غنوش,1396,1397,t0,2017-07-18,2018-07-20,48619517949257749,IRO1NOSH0001,RNG0073,0.0,0.0,0.0,3678.0,ADJUSTED_CLOSE_UNRESOLVED
REQ0405,غگل|1396,غگل,1396,1397,tN,2018-01-17,2018-01-20,22299894048845903,IRO1GCOZ0001,RNG0074,0.0,0.0,0.0,17650.0,ADJUSTED_CLOSE_UNRESOLVED
REQ0406,غگل|1396,غگل,1396,1397,t0,2017-01-17,2018-01-20,22299894048845903,IRO1GCOZ0001,RNG0074,0.0,0.0,0.0,40910.0,ADJUSTED_CLOSE_UNRESOLVED
REQ0407,فاذر|1396,فاذر,1396,1397,tN,2018-07-18,2018-07-20,38547060135156069,IRO1AZAB0001,RNG0075,0.0,0.0,0.0,3042.0,ADJUSTED_CLOSE_UNRESOLVED
REQ0408,فاذر|1396,فاذر,1396,1397,t0,2017-07-18,2018-07-20,38547060135156069,IRO1AZAB0001,RNG0075,0.0,0.0,0.0,3042.0,ADJUSTED_CLOSE_UNRESOLVED
REQ0409,فایرا|1396,فایرا,1396,1397,t0,2017-07-18,2018-07-20,65004959184388996,IRO1ALIR0001,RNG0076,0.0,0.0,0.0,330.0,ADJUSTED_CLOSE_UNRESOLVED
REQ0410,فباهنر|1396,فباهنر,1396,1397,t0,2017-07-18,2018-07-20,66772024744156373,IRO1BAHN0001,RNG0077,0.0,0.0,0.0,4325.0,ADJUSTED_CLOSE_UNRESOLVED
REQ0411,فجام|1396,فجام,1396,1397,tN,2018-07-18,2018-07-20,30765727085936322,IRO1JAMD0001,RNG0078,0.0,0.0,0.0,7497.0,ADJUSTED_CLOSE_UNRESOLVED
REQ0412,فجر|1396,فجر,1396,1397,t0,2017-07-18,2018-07-20,41302553376174581,IRO1FAJR0001,RNG0079,0.0,0.0,0.0,11051.0,ADJUSTED_CLOSE_UNRESOLVED
REQ0413,فسپا|1396,فسپا,1396,1397,tN,2018-07-18,2018-07-20,8977441217024425,IRO1SEPA0001,RNG0083,0.0,0.0,0.0,1683.0,ADJUSTED_CLOSE_UNRESOLVED
REQ0414,فمراد|1396,فمراد,1396,1397,tN,2018-07-18,2018-07-20,18004480270695404,IRO1ALMR0001,RNG0084,0.0,0.0,0.0,6263.0,ADJUSTED_CLOSE_UNRESOLVED
REQ0415,فملی|1396,فملی,1396,1397,t0,2017-07-18,2018-07-20,35425587644337450,IRO1MSMI0001,RNG0085,0.0,0.0,0.0,1884.0,ADJUSTED_CLOSE_UNRESOLVED
REQ0416,فنورد|1396,فنورد,1396,1397,tN,2018-07-18,2018-07-20,56324206651661881,IRO1NGFO0001,RNG0086,0.0,0.0,0.0,7931.0,ADJUSTED_CLOSE_UNRESOLVED
REQ0417,فولاژ|1396,فولاژ,1396,1397,tN,2018-07-18,2018-07-20,40808043719554948,IRO1FAIR0001,RNG0087,0.0,0.0,0.0,1491.0,ADJUSTED_CLOSE_UNRESOLVED
REQ0418,فولاژ|1396,فولاژ,1396,1397,t0,2017-07-18,2018-07-20,40808043719554948,IRO1FAIR0001,RNG0087,0.0,0.0,0.0,1803.0,ADJUSTED_CLOSE_UNRESOLVED
REQ0419,فپنتا|1396,فپنتا,1396,1397,tN,2018-07-18,2018-07-20,68488673556087148,IRO1SPTA0001,RNG0088,0.0,0.0,0.0,14086.0,ADJUSTED_CLOSE_UNRESOLVED
REQ0420,فپنتا|1396,فپنتا,1396,1397,t0,2017-07-18,2018-07-20,68488673556087148,IRO1SPTA0001,RNG0088,0.0,0.0,0.0,13886.0,ADJUSTED_CLOSE_UNRESOLVED
REQ0421,لابسا|1396,لابسا,1396,1397,tN,2018-07-18,2018-07-20,63363116407864462,IRO1ASAL0001,RNG0089,0.0,0.0,0.0,1866.0,ADJUSTED_CLOSE_UNRESOLVED
REQ0422,لابسا|1396,لابسا,1396,1397,t0,2017-07-18,2018-07-20,63363116407864462,IRO1ASAL0001,RNG0089,0.0,0.0,0.0,3014.0,ADJUSTED_CLOSE_UNRESOLVED
REQ0423,لسرما|1396,لسرما,1396,1397,tN,2018-07-18,2018-07-20,55897939403232751,IRO1SRMA0001,RNG0092,0.0,0.0,0.0,2547.0,ADJUSTED_CLOSE_UNRESOLVED
REQ0424,لسرما|1396,لسرما,1396,1397,t0,2017-07-18,2018-07-20,55897939403232751,IRO1SRMA0001,RNG0092,0.0,0.0,0.0,5638.0,ADJUSTED_CLOSE_UNRESOLVED
REQ0425,های وب|1396,های وب,1396,1397,tN,2018-07-18,2018-07-20,43362635835198978,IRO1HWEB0001,RNG0094,0.0,0.0,0.0,5980.0,ADJUSTED_CLOSE_UNRESOLVED
REQ0426,های وب|1396,های وب,1396,1397,t0,2017-08-27,2018-07-20,43362635835198978,IRO1HWEB0001,RNG0094,0.0,0.0,0.0,1000.0,ADJUSTED_CLOSE_UNRESOLVED
REQ0427,پدرخش|1396,پدرخش,1396,1397,t0,2017-07-18,2018-07-20,24079409192818584,IRO1DRKH0001,RNG0097,0.0,0.0,0.0,3899.0,ADJUSTED_CLOSE_UNRESOLVED
REQ0428,چکارن|1396,چکارن,1396,1397,tN,2018-07-18,2018-07-20,53113471126689455,IRO1KRTI0001,RNG0102,0.0,0.0,0.0,6379.0,ADJUSTED_CLOSE_UNRESOLVED
REQ0429,کاوه|1396,کاوه,1396,1397,t0,2017-07-18,2018-07-20,60350996279289099,IRO1KVEH0001,RNG0103,0.0,0.0,0.0,1000.0,ADJUSTED_CLOSE_UNRESOLVED
REQ0430,کبافق|1396,کبافق,1396,1397,t0,2017-07-18,2018-07-20,43256212620530446,IRO1BAFG0001,RNG0104,0.0,0.0,0.0,12816.0,ADJUSTED_CLOSE_UNRESOLVED
REQ0431,کفپارس|1396,کفپارس,1396,1397,tN,2018-04-18,2018-04-19,19471788163911687,IRO1NSPS0001,RNG0107,0.0,0.0,0.0,2702.0,ADJUSTED_CLOSE_UNRESOLVED
REQ0432,کفپارس|1396,کفپارس,1396,1397,t0,2017-04-18,2018-04-19,19471788163911687,IRO1NSPS0001,RNG0107,0.0,0.0,0.0,4850.0,ADJUSTED_CLOSE_UNRESOLVED
REQ0433,کهمدا|1396,کهمدا,1396,1397,tN,2017-10-21,2017-10-22,67206358287598044,IRO1SHMD0001,RNG0108,0.0,0.0,0.0,7502.0,ADJUSTED_CLOSE_UNRESOLVED
REQ0434,کگل|1396,کگل,1396,1397,t0,2017-07-18,2018-07-20,35700344742885862,IRO1GOLG0001,RNG0111,0.0,0.0,0.0,2000.0,ADJUSTED_CLOSE_UNRESOLVED
REQ0435,بالبر|1397,بالبر,1397,1398,tN,2019-01-19,2019-01-20,62952165421099192,IRO1KALZ0001,RNG0001,0.0,0.0,0.0,2278.0,ADJUSTED_CLOSE_UNRESOLVED
REQ0436,تکمبا|1397,تکمبا,1397,1398,tN,2019-07-17,2019-07-20,30719054967088301,IRO1COMB0001,RNG0007,0.0,0.0,0.0,1802.0,ADJUSTED_CLOSE_UNRESOLVED
REQ0437,حپترو|1397,حپترو,1397,1398,tN,2019-07-17,2019-07-20,16369313804633525,IRO1HJPT0001,RNG0012,0.0,0.0,0.0,9476.0,ADJUSTED_CLOSE_UNRESOLVED
REQ0438,حکشتی|1397,حکشتی,1397,1398,t0,2017-10-21,2018-10-22,60610861509165508,IRO1KSHJ0001,RNG0013,0.0,0.0,0.0,4261.0,ADJUSTED_CLOSE_UNRESOLVED
REQ0439,خاذین|1397,خاذین,1397,1398,tN,2019-07-17,2019-07-20,42075223783409640,IRO1AZIN0001,RNG0014,0.0,0.0,0.0,2603.0,ADJUSTED_CLOSE_UNRESOLVED
REQ0440,خبهمن|1397,خبهمن,1397,1398,t0,2018-07-17,2019-07-20,26824673819862694,IRO1BHMN0001,RNG0015,0.0,0.0,0.0,730.0,ADJUSTED_CLOSE_UNRESOLVED
REQ0441,خرینگ|1397,خرینگ,1397,1398,tN,2019-07-17,2019-07-20,45895339414786358,IRO1RINM0001,RNG0017,0.0,0.0,0.0,4198.0,ADJUSTED_CLOSE_UNRESOLVED
REQ0442,دروز|1397,دروز,1397,1398,tN,2019-07-17,2019-07-20,40262275031537922,IRO1ROZD0001,RNG0025,0.0,0.0,0.0,4274.0,ADJUSTED_CLOSE_UNRESOLVED
REQ0443,دسینا|1397,دسینا,1397,1398,tN,2019-07-17,2019-07-20,11432067920374603,IRO1DSIN0001,RNG0027,0.0,0.0,0.0,15606.0,ADJUSTED_CLOSE_UNRESOLVED
REQ0444,دیران|1397,دیران,1397,1398,t0,2018-07-17,2019-07-20,69090868458637360,IRO1IRDR0001,RNG0029,0.0,0.0,0.0,1572.0,ADJUSTED_CLOSE_UNRESOLVED
REQ0445,رمپنا|1397,رمپنا,1397,1398,t0,2017-08-21,2018-08-22,67126881188552864,IRO1MAPN0001,RNG0031,0.0,0.0,0.0,7116.0,ADJUSTED_CLOSE_UNRESOLVED
REQ0446,زپارس|1397,زپارس,1397,1398,tN,2019-04-17,2019-04-19,33420285433308219,IRO1ZPRS0001,RNG0033,0.0,0.0,0.0,10243.0,ADJUSTED_CLOSE_UNRESOLVED
REQ0447,زپارس|1397,زپارس,1397,1398,t0,2018-05-05,2019-04-19,33420285433308219,IRO1ZPRS0001,RNG0033,0.0,0.0,0.0,1000.0,ADJUSTED_CLOSE_UNRESOLVED
REQ0448,ساراب|1397,ساراب,1397,1398,tN,2019-07-17,2019-07-20,4563413583000719,IRO1SDAB0001,RNG0034,0.0,0.0,0.0,3721.0,ADJUSTED_CLOSE_UNRESOLVED
REQ0449,ساربیل|1397,ساربیل,1397,1398,t0,2018-04-17,2019-04-19,34890845654517313,IRO1SADB0001,RNG0035,0.0,0.0,0.0,5937.0,ADJUSTED_CLOSE_UNRESOLVED
REQ0450,سخاش|1397,سخاش,1397,1398,t0,2018-07-17,2019-07-20,4470657233334072,IRO1SKHS0001,RNG0040,0.0,0.0,0.0,9156.0,ADJUSTED_CLOSE_UNRESOLVED
REQ0451,سخزر|1397,سخزر,1397,1398,t0,2018-07-17,2019-07-20,67327029014085707,IRO1SKAZ0001,RNG0041,0.0,0.0,0.0,3657.0,ADJUSTED_CLOSE_UNRESOLVED
REQ0452,سدشت|1397,سدشت,1397,1398,t0,2018-01-20,2019-01-20,27000326841257664,IRO1SDST0001,RNG0043,0.0,0.0,0.0,1776.0,ADJUSTED_CLOSE_UNRESOLVED
REQ0453,سمازن|1397,سمازن,1397,1398,t0,2018-04-17,2019-04-19,33808206014018431,IRO1SMAZ0001,RNG0050,0.0,0.0,0.0,2562.0,ADJUSTED_CLOSE_UNRESOLVED
REQ0454,سنیر|1397,سنیر,1397,1398,t0,2018-07-17,2019-07-20,14231831499205396,IRO1SSNR0001,RNG0051,0.0,0.0,0.0,13360.0,ADJUSTED_CLOSE_UNRESOLVED
REQ0455,سهگمت|1397,سهگمت,1397,1398,tN,2019-05-19,2019-05-20,41284516796232939,IRO1SHGN0001,RNG0052,0.0,0.0,0.0,4020.0,ADJUSTED_CLOSE_UNRESOLVED
REQ0456,سیلام|1397,سیلام,1397,1398,tN,2019-05-19,2019-05-20,14617104402836487,IRO1SEIL0001,RNG0055,0.0,0.0,0.0,6556.0,ADJUSTED_CLOSE_UNRESOLVED
REQ0457,سیلام|1397,سیلام,1397,1398,t0,2018-05-19,2019-05-20,14617104402836487,IRO1SEIL0001,RNG0055,0.0,0.0,0.0,2300.0,ADJUSTED_CLOSE_UNRESOLVED
REQ0458,شلعاب|1397,شلعاب,1397,1398,tN,2019-07-17,2019-07-20,39116664428676213,IRO1LEAB0001,RNG0061,0.0,0.0,0.0,4494.0,ADJUSTED_CLOSE_UNRESOLVED
REQ0459,شپارس|1397,شپارس,1397,1398,t0,2018-01-20,2019-01-20,61102694810476197,IRO1BMPS0001,RNG0062,0.0,0.0,0.0,1758.0,ADJUSTED_CLOSE_UNRESOLVED
REQ0460,شپنا|1397,شپنا,1397,1398,tN,2019-07-17,2019-07-20,7745894403636165,IRO1PNES0001,RNG0063,0.0,0.0,0.0,11715.0,ADJUSTED_CLOSE_UNRESOLVED
REQ0461,غبهنوش|1397,غبهنوش,1397,1398,tN,2019-07-17,2019-07-20,17059960254855208,IRO1BENN0001,RNG0068,0.0,0.0,0.0,12719.0,ADJUSTED_CLOSE_UNRESOLVED
REQ0462,غدام|1397,غدام,1397,1398,t0,2018-04-17,2019-04-19,2254054929817435,IRO1KDPS0001,RNG0069,0.0,0.0,0.0,6904.0,ADJUSTED_CLOSE_UNRESOLVED
REQ0463,غسالم|1397,غسالم,1397,1398,tN,2019-07-17,2019-07-20,28672095850798501,IRO1SLMN0001,RNG0070,0.0,0.0,0.0,20964.0,ADJUSTED_CLOSE_UNRESOLVED
REQ0464,غسالم|1397,غسالم,1397,1398,t0,2018-07-17,2019-07-20,28672095850798501,IRO1SLMN0001,RNG0070,0.0,0.0,0.0,3548.0,ADJUSTED_CLOSE_UNRESOLVED
REQ0465,غشهد|1397,غشهد,1397,1398,t0,2018-07-17,2019-07-20,20487994977117557,IRO1SHAD0001,RNG0072,0.0,0.0,0.0,1736.0,ADJUSTED_CLOSE_UNRESOLVED
REQ0466,غگل|1397,غگل,1397,1398,tN,2019-01-19,2019-01-20,22299894048845903,IRO1GCOZ0001,RNG0074,0.0,0.0,0.0,11121.0,ADJUSTED_CLOSE_UNRESOLVED
REQ0467,غگل|1397,غگل,1397,1398,t0,2018-01-20,2019-01-20,22299894048845903,IRO1GCOZ0001,RNG0074,0.0,0.0,0.0,17650.0,ADJUSTED_CLOSE_UNRESOLVED
REQ0468,فاذر|1397,فاذر,1397,1398,t0,2018-07-17,2019-07-20,38547060135156069,IRO1AZAB0001,RNG0075,0.0,0.0,0.0,3042.0,ADJUSTED_CLOSE_UNRESOLVED
REQ0469,فسپا|1397,فسپا,1397,1398,t0,2018-07-17,2019-07-20,8977441217024425,IRO1SEPA0001,RNG0083,0.0,0.0,0.0,1683.0,ADJUSTED_CLOSE_UNRESOLVED
REQ0470,فمراد|1397,فمراد,1397,1398,t0,2018-07-17,2019-07-20,18004480270695404,IRO1ALMR0001,RNG0084,0.0,0.0,0.0,6263.0,ADJUSTED_CLOSE_UNRESOLVED
REQ0471,فملی|1397,فملی,1397,1398,tN,2019-07-17,2019-07-20,35425587644337450,IRO1MSMI0001,RNG0085,0.0,0.0,0.0,4269.0,ADJUSTED_CLOSE_UNRESOLVED
REQ0472,فنورد|1397,فنورد,1397,1398,t0,2018-07-17,2019-07-20,56324206651661881,IRO1NGFO0001,RNG0086,0.0,0.0,0.0,7931.0,ADJUSTED_CLOSE_UNRESOLVED
REQ0473,فولاژ|1397,فولاژ,1397,1398,tN,2019-07-17,2019-07-20,40808043719554948,IRO1FAIR0001,RNG0087,0.0,0.0,0.0,6177.0,ADJUSTED_CLOSE_UNRESOLVED
REQ0474,فولاژ|1397,فولاژ,1397,1398,t0,2018-07-17,2019-07-20,40808043719554948,IRO1FAIR0001,RNG0087,0.0,0.0,0.0,1491.0,ADJUSTED_CLOSE_UNRESOLVED
REQ0475,لسرما|1397,لسرما,1397,1398,tN,2019-07-17,2019-07-20,55897939403232751,IRO1SRMA0001,RNG0092,0.0,0.0,0.0,5656.0,ADJUSTED_CLOSE_UNRESOLVED
REQ0476,های وب|1397,های وب,1397,1398,tN,2019-07-17,2019-07-20,43362635835198978,IRO1HWEB0001,RNG0094,0.0,0.0,0.0,6933.0,ADJUSTED_CLOSE_UNRESOLVED
REQ0477,های وب|1397,های وب,1397,1398,t0,2018-07-17,2019-07-20,43362635835198978,IRO1HWEB0001,RNG0094,0.0,0.0,0.0,5980.0,ADJUSTED_CLOSE_UNRESOLVED
REQ0478,پارس|1397,پارس,1397,1398,tN,2019-07-17,2019-07-20,6110133418282108,IRO1PARS0001,RNG0096,0.0,0.0,0.0,49306.0,ADJUSTED_CLOSE_UNRESOLVED
REQ0479,چافست|1397,چافست,1397,1398,tN,2019-01-19,2019-01-20,23936607891892333,IRO1OFST0001,RNG0101,0.0,0.0,0.0,5617.0,ADJUSTED_CLOSE_UNRESOLVED
REQ0480,کبافق|1397,کبافق,1397,1398,tN,2019-07-17,2019-07-20,43256212620530446,IRO1BAFG0001,RNG0104,0.0,0.0,0.0,50331.0,ADJUSTED_CLOSE_UNRESOLVED
REQ0481,کفپارس|1397,کفپارس,1397,1398,t0,2018-04-17,2019-04-19,19471788163911687,IRO1NSPS0001,RNG0107,0.0,0.0,0.0,2702.0,ADJUSTED_CLOSE_UNRESOLVED
REQ0482,کهمدا|1397,کهمدا,1397,1398,t0,2017-10-21,2018-10-22,67206358287598044,IRO1SHMD0001,RNG0108,0.0,0.0,0.0,7502.0,ADJUSTED_CLOSE_UNRESOLVED
REQ0483,بالبر|1398,بالبر,1398,1399,t0,2019-01-19,2020-01-20,62952165421099192,IRO1KALZ0001,RNG0001,0.0,0.0,0.0,2278.0,ADJUSTED_CLOSE_UNRESOLVED
REQ0484,بکاب|1398,بکاب,1398,1399,tN,2020-01-19,2020-01-20,70219663893822560,IRO1JOSH0001,RNG0004,0.0,0.0,0.0,58692.0,ADJUSTED_CLOSE_UNRESOLVED
REQ0485,بکام|1398,بکام,1398,1399,tN,2020-07-18,2020-07-19,22382156782768756,IRO1KGND0001,RNG0005,0.0,0.0,0.0,9120.0,ADJUSTED_CLOSE_UNRESOLVED
REQ0486,تپمپی|1398,تپمپی,1398,1399,tN,2019-10-21,2019-10-22,43062880954780884,IRO1PIRN0001,RNG0006,0.0,0.0,0.0,11001.0,ADJUSTED_CLOSE_UNRESOLVED
REQ0487,تکمبا|1398,تکمبا,1398,1399,t0,2019-07-20,2020-07-19,30719054967088301,IRO1COMB0001,RNG0007,0.0,0.0,0.0,1802.0,ADJUSTED_CLOSE_UNRESOLVED
REQ0488,حپترو|1398,حپترو,1398,1399,t0,2019-07-20,2020-07-19,16369313804633525,IRO1HJPT0001,RNG0012,0.0,0.0,0.0,9476.0,ADJUSTED_CLOSE_UNRESOLVED
REQ0489,حکشتی|1398,حکشتی,1398,1399,tN,2019-10-21,2019-10-22,60610861509165508,IRO1KSHJ0001,RNG0013,0.0,0.0,0.0,5827.0,ADJUSTED_CLOSE_UNRESOLVED
REQ0490,خاذین|1398,خاذین,1398,1399,t0,2019-07-20,2020-07-19,42075223783409640,IRO1AZIN0001,RNG0014,0.0,0.0,0.0,2603.0,ADJUSTED_CLOSE_UNRESOLVED
REQ0491,خرینگ|1398,خرینگ,1398,1399,t0,2019-07-20,2020-07-19,45895339414786358,IRO1RINM0001,RNG0017,0.0,0.0,0.0,4198.0,ADJUSTED_CLOSE_UNRESOLVED
REQ0492,دروز|1398,دروز,1398,1399,t0,2019-07-20,2020-07-19,40262275031537922,IRO1ROZD0001,RNG0025,0.0,0.0,0.0,4274.0,ADJUSTED_CLOSE_UNRESOLVED
REQ0493,دسینا|1398,دسینا,1398,1399,t0,2019-07-20,2020-07-19,11432067920374603,IRO1DSIN0001,RNG0027,0.0,0.0,0.0,17736.0,ADJUSTED_CLOSE_UNRESOLVED
REQ0494,رمپنا|1398,رمپنا,1398,1399,tN,2019-08-21,2019-08-22,67126881188552864,IRO1MAPN0001,RNG0031,0.0,0.0,0.0,8180.0,ADJUSTED_CLOSE_UNRESOLVED
REQ0495,زپارس|1398,زپارس,1398,1399,tN,2020-04-15,2020-04-18,33420285433308219,IRO1ZPRS0001,RNG0033,0.0,0.0,0.0,55730.0,ADJUSTED_CLOSE_UNRESOLVED
REQ0496,ساراب|1398,ساراب,1398,1399,t0,2019-07-20,2020-07-19,4563413583000719,IRO1SDAB0001,RNG0034,0.0,0.0,0.0,3451.0,ADJUSTED_CLOSE_UNRESOLVED
REQ0497,سصفها|1398,سصفها,1398,1399,t0,2019-07-20,2020-07-19,10568944722570445,IRO1SEFH0001,RNG0047,0.0,0.0,0.0,12680.0,ADJUSTED_CLOSE_UNRESOLVED
REQ0498,سمازن|1398,سمازن,1398,1399,tN,2020-04-15,2020-04-18,33808206014018431,IRO1SMAZ0001,RNG0050,0.0,0.0,0.0,10860.0,ADJUSTED_CLOSE_UNRESOLVED
REQ0499,سمازن|1398,سمازن,1398,1399,t0,2019-04-15,2020-04-18,33808206014018431,IRO1SMAZ0001,RNG0050,0.0,0.0,0.0,2800.0,ADJUSTED_CLOSE_UNRESOLVED
REQ0500,سهگمت|1398,سهگمت,1398,1399,t0,2019-05-18,2020-05-19,41284516796232939,IRO1SHGN0001,RNG0052,0.0,0.0,0.0,4020.0,ADJUSTED_CLOSE_UNRESOLVED
REQ0501,شبندر|1398,شبندر,1398,1399,t0,2019-07-20,2020-07-19,35366681030756042,IRO1PNBA0001,RNG0058,0.0,0.0,0.0,14941.0,ADJUSTED_CLOSE_UNRESOLVED
REQ0502,شلعاب|1398,شلعاب,1398,1399,t0,2019-07-20,2020-07-19,39116664428676213,IRO1LEAB0001,RNG0061,0.0,0.0,0.0,4494.0,ADJUSTED_CLOSE_UNRESOLVED
REQ0503,شپنا|1398,شپنا,1398,1399,tN,2020-07-18,2020-07-19,7745894403636165,IRO1PNES0001,RNG0063,0.0,0.0,0.0,37620.0,ADJUSTED_CLOSE_UNRESOLVED
REQ0504,شپنا|1398,شپنا,1398,1399,t0,2019-07-20,2020-07-19,7745894403636165,IRO1PNES0001,RNG0063,0.0,0.0,0.0,10915.0,ADJUSTED_CLOSE_UNRESOLVED
REQ0505,غبهنوش|1398,غبهنوش,1398,1399,t0,2019-07-20,2020-07-19,17059960254855208,IRO1BENN0001,RNG0068,0.0,0.0,0.0,12719.0,ADJUSTED_CLOSE_UNRESOLVED
REQ0506,غگل|1398,غگل,1398,1399,tN,2020-01-19,2020-01-20,22299894048845903,IRO1GCOZ0001,RNG0074,0.0,0.0,0.0,62396.0,ADJUSTED_CLOSE_UNRESOLVED
REQ0507,غگل|1398,غگل,1398,1399,t0,2019-01-19,2020-01-20,22299894048845903,IRO1GCOZ0001,RNG0074,0.0,0.0,0.0,11121.0,ADJUSTED_CLOSE_UNRESOLVED
REQ0508,فاذر|1398,فاذر,1398,1399,tN,2020-07-18,2020-07-19,38547060135156069,IRO1AZAB0001,RNG0075,0.0,0.0,0.0,36860.0,ADJUSTED_CLOSE_UNRESOLVED
REQ0509,فاذر|1398,فاذر,1398,1399,t0,2019-07-20,2020-07-19,38547060135156069,IRO1AZAB0001,RNG0075,0.0,0.0,0.0,4032.0,ADJUSTED_CLOSE_UNRESOLVED
REQ0510,فجام|1398,فجام,1398,1399,tN,2020-07-18,2020-07-19,30765727085936322,IRO1JAMD0001,RNG0078,0.0,0.0,0.0,69210.0,ADJUSTED_CLOSE_UNRESOLVED
REQ0511,فولاژ|1398,فولاژ,1398,1399,tN,2020-07-18,2020-07-19,40808043719554948,IRO1FAIR0001,RNG0087,0.0,0.0,0.0,37970.0,ADJUSTED_CLOSE_UNRESOLVED
REQ0512,فولاژ|1398,فولاژ,1398,1399,t0,2019-07-20,2020-07-19,40808043719554948,IRO1FAIR0001,RNG0087,0.0,0.0,0.0,6177.0,ADJUSTED_CLOSE_UNRESOLVED
REQ0513,فپنتا|1398,فپنتا,1398,1399,tN,2020-07-18,2020-07-19,68488673556087148,IRO1SPTA0001,RNG0088,0.0,0.0,0.0,243200.0,ADJUSTED_CLOSE_UNRESOLVED
REQ0514,لسرما|1398,لسرما,1398,1399,t0,2019-07-20,2020-07-19,55897939403232751,IRO1SRMA0001,RNG0092,0.0,0.0,0.0,5516.0,ADJUSTED_CLOSE_UNRESOLVED
REQ0515,های وب|1398,های وب,1398,1399,t0,2019-07-20,2020-07-19,43362635835198978,IRO1HWEB0001,RNG0094,0.0,0.0,0.0,6933.0,ADJUSTED_CLOSE_UNRESOLVED
REQ0516,پارس|1398,پارس,1398,1399,t0,2019-07-20,2020-07-19,6110133418282108,IRO1PARS0001,RNG0096,0.0,0.0,0.0,40006.0,ADJUSTED_CLOSE_UNRESOLVED
REQ0517,چافست|1398,چافست,1398,1399,tN,2020-01-19,2020-01-20,23936607891892333,IRO1OFST0001,RNG0101,0.0,0.0,0.0,13903.0,ADJUSTED_CLOSE_UNRESOLVED
REQ0518,چافست|1398,چافست,1398,1399,t0,2019-01-19,2020-01-20,23936607891892333,IRO1OFST0001,RNG0101,0.0,0.0,0.0,5617.0,ADJUSTED_CLOSE_UNRESOLVED
REQ0519,چکارن|1398,چکارن,1398,1399,t0,2019-07-20,2020-07-19,53113471126689455,IRO1KRTI0001,RNG0102,0.0,0.0,0.0,39161.0,ADJUSTED_CLOSE_UNRESOLVED
REQ0520,کاوه|1398,کاوه,1398,1399,tN,2020-07-18,2020-07-19,60350996279289099,IRO1KVEH0001,RNG0103,0.0,0.0,0.0,20010.0,ADJUSTED_CLOSE_UNRESOLVED
REQ0521,کاوه|1398,کاوه,1398,1399,t0,2019-07-20,2020-07-19,60350996279289099,IRO1KVEH0001,RNG0103,0.0,0.0,0.0,4756.0,ADJUSTED_CLOSE_UNRESOLVED
REQ0522,کویر|1398,کویر,1398,1399,t0,2019-09-24,2020-07-19,43545527030854340,IRO1KVIR0001,RNG0109,0.0,0.0,0.0,1000.0,ADJUSTED_CLOSE_UNRESOLVED
REQ0523,کگاز|1398,کگاز,1398,1399,t0,2019-07-20,2020-07-19,62346804681275278,IRO1SGAZ0001,RNG0110,0.0,0.0,0.0,8218.0,ADJUSTED_CLOSE_UNRESOLVED
