unique_request_id,request_id
UNQ0001,REQ0142
UNQ0001,REQ0269
UNQ0002,REQ0080
UNQ0003,REQ0079
UNQ0003,REQ0208
UNQ0004,REQ0306
UNQ0005,REQ0383
UNQ0006,REQ0497
UNQ0007,REQ0058
UNQ0007,REQ0186
UNQ0008,REQ0298
UNQ0009,REQ0443
UNQ0010,REQ0493
UNQ0011,REQ0078
UNQ0011,REQ0207
UNQ0012,REQ0086
UNQ0013,REQ0085
UNQ0013,REQ0214
UNQ0014,REQ0213
UNQ0015,REQ0310
UNQ0016,REQ0387
UNQ0017,REQ0309
UNQ0018,REQ0454
UNQ0019,REQ0386
UNQ0020,REQ0016
UNQ0020,REQ0090
UNQ0021,REQ0216
UNQ0022,REQ0089
UNQ0023,REQ0312
UNQ0024,REQ0215
UNQ0025,REQ0311
UNQ0026,REQ0389
UNQ0027,REQ0388
UNQ0027,REQ0457
UNQ0028,REQ0456
UNQ0029,REQ0067
UNQ0029,REQ0196
UNQ0030,REQ0302
UNQ0031,REQ0041
UNQ0031,REQ0168
UNQ0032,REQ0167
UNQ0033,REQ0290
UNQ0034,REQ0364
UNQ0035,REQ0289
UNQ0036,REQ0363
UNQ0037,REQ0437
UNQ0038,REQ0488
UNQ0039,REQ0017
UNQ0040,REQ0104
UNQ0041,REQ0103
UNQ0041,REQ0228
UNQ0042,REQ0227
UNQ0043,REQ0321
UNQ0044,REQ0398
UNQ0045,REQ0320
UNQ0046,REQ0397
UNQ0047,REQ0461
UNQ0048,REQ0505
UNQ0049,REQ0049
UNQ0049,REQ0177
UNQ0050,REQ0050
UNQ0050,REQ0178
UNQ0051,REQ0295
UNQ0052,REQ0369
UNQ0053,REQ0294
UNQ0054,REQ0127
UNQ0055,REQ0126
UNQ0055,REQ0252
UNQ0056,REQ0251
UNQ0057,REQ0341
UNQ0058,REQ0340
UNQ0059,REQ0470
UNQ0060,REQ0414
UNQ0061,REQ0053
UNQ0061,REQ0181
UNQ0062,REQ0027
UNQ0063,REQ0026
UNQ0064,REQ0152
UNQ0065,REQ0151
UNQ0065,REQ0276
UNQ0066,REQ0275
UNQ0067,REQ0356
UNQ0068,REQ0355
UNQ0068,REQ0432
UNQ0069,REQ0481
UNQ0070,REQ0431
UNQ0071,REQ0020
UNQ0072,REQ0110
UNQ0073,REQ0109
UNQ0073,REQ0233
UNQ0074,REQ0402
UNQ0075,REQ0325
UNQ0076,REQ0465
UNQ0077,REQ0001
UNQ0078,REQ0023
UNQ0079,REQ0022
UNQ0080,REQ0114
UNQ0081,REQ0113
UNQ0081,REQ0237
UNQ0082,REQ0329
UNQ0083,REQ0236
UNQ0084,REQ0406
UNQ0085,REQ0328
UNQ0086,REQ0405
UNQ0087,REQ0467
UNQ0088,REQ0466
UNQ0088,REQ0507
UNQ0089,REQ0506
UNQ0090,REQ0036
UNQ0090,REQ0161
UNQ0091,REQ0361
UNQ0092,REQ0283
UNQ0093,REQ0485
UNQ0094,REQ0018
UNQ0095,REQ0105
UNQ0096,REQ0229
UNQ0097,REQ0323
UNQ0098,REQ0322
UNQ0098,REQ0400
UNQ0099,REQ0462
UNQ0100,REQ0399
UNQ0101,REQ0025
UNQ0102,REQ0150
UNQ0103,REQ0149
UNQ0103,REQ0274
UNQ0104,REQ0144
UNQ0105,REQ0479
UNQ0105,REQ0518
UNQ0106,REQ0517
UNQ0107,REQ0141
UNQ0107,REQ0268
UNQ0108,REQ0427
UNQ0109,REQ0352
UNQ0110,REQ0045
UNQ0110,REQ0173
UNQ0111,REQ0368
UNQ0112,REQ0293
UNQ0113,REQ0440
UNQ0114,REQ0367
UNQ0115,REQ0013
UNQ0116,REQ0012
UNQ0117,REQ0075
UNQ0118,REQ0074
UNQ0118,REQ0205
UNQ0119,REQ0305
UNQ0120,REQ0382
UNQ0121,REQ0452
UNQ0122,REQ0077
UNQ0123,REQ0076
UNQ0123,REQ0206
UNQ0124,REQ0102
UNQ0125,REQ0101
UNQ0125,REQ0226
UNQ0126,REQ0019
UNQ0127,REQ0107
UNQ0128,REQ0106
UNQ0128,REQ0231
UNQ0129,REQ0230
UNQ0130,REQ0401
UNQ0131,REQ0324
UNQ0132,REQ0464
UNQ0133,REQ0463
UNQ0134,REQ0122
UNQ0134,REQ0246
UNQ0135,REQ0337
UNQ0136,REQ0136
UNQ0137,REQ0135
UNQ0137,REQ0263
UNQ0138,REQ0262
UNQ0139,REQ0349
UNQ0140,REQ0039
UNQ0140,REQ0164
UNQ0141,REQ0287
UNQ0142,REQ0286
UNQ0143,REQ0436
UNQ0144,REQ0487
UNQ0145,REQ0120
UNQ0146,REQ0119
UNQ0146,REQ0243
UNQ0147,REQ0242
UNQ0148,REQ0335
UNQ0149,REQ0411
UNQ0150,REQ0510
UNQ0151,REQ0071
UNQ0151,REQ0200
UNQ0152,REQ0378
UNQ0153,REQ0303
UNQ0154,REQ0377
UNQ0155,REQ0108
UNQ0155,REQ0232
UNQ0156,REQ0006
UNQ0157,REQ0051
UNQ0157,REQ0179
UNQ0158,REQ0297
UNQ0159,REQ0370
UNQ0160,REQ0296
UNQ0161,REQ0166
UNQ0162,REQ0165
UNQ0163,REQ0288
UNQ0164,REQ0010
UNQ0165,REQ0070
UNQ0165,REQ0199
UNQ0166,REQ0376
UNQ0167,REQ0002
UNQ0168,REQ0447
UNQ0169,REQ0446
UNQ0170,REQ0495
UNQ0171,REQ0060
UNQ0172,REQ0059
UNQ0172,REQ0188
UNQ0173,REQ0187
UNQ0174,REQ0299
UNQ0175,REQ0372
UNQ0176,REQ0052
UNQ0176,REQ0180
UNQ0177,REQ0014
UNQ0178,REQ0084
UNQ0179,REQ0083
UNQ0179,REQ0212
UNQ0180,REQ0308
UNQ0181,REQ0211
UNQ0182,REQ0307
UNQ0182,REQ0385
UNQ0183,REQ0453
UNQ0184,REQ0384
UNQ0185,REQ0499
UNQ0186,REQ0498
UNQ0187,REQ0066
UNQ0188,REQ0065
UNQ0188,REQ0195
UNQ0189,REQ0194
UNQ0190,REQ0449
UNQ0191,REQ0375
UNQ0192,REQ0093
UNQ0192,REQ0219
UNQ0193,REQ0316
UNQ0194,REQ0392
UNQ0195,REQ0315
UNQ0196,REQ0391
UNQ0197,REQ0501
UNQ0198,REQ0128
UNQ0198,REQ0254
UNQ0199,REQ0253
UNQ0200,REQ0343
UNQ0201,REQ0415
UNQ0202,REQ0342
UNQ0203,REQ0471
UNQ0204,REQ0155
UNQ0204,REQ0278
UNQ0205,REQ0434
UNQ0206,REQ0358
UNQ0207,REQ0115
UNQ0207,REQ0238
UNQ0208,REQ0331
UNQ0209,REQ0408
UNQ0210,REQ0330
UNQ0211,REQ0468
UNQ0212,REQ0407
UNQ0213,REQ0509
UNQ0214,REQ0508
UNQ0215,REQ0097
UNQ0215,REQ0222
UNQ0216,REQ0458
UNQ0217,REQ0502
UNQ0218,REQ0007
UNQ0219,REQ0056
UNQ0220,REQ0055
UNQ0220,REQ0184
UNQ0221,REQ0183
UNQ0222,REQ0371
UNQ0223,REQ0442
UNQ0224,REQ0492
UNQ0225,REQ0062
UNQ0225,REQ0190
UNQ0226,REQ0094
UNQ0226,REQ0220
UNQ0227,REQ0393
UNQ0228,REQ0317
UNQ0229,REQ0131
UNQ0229,REQ0257
UNQ0230,REQ0256
UNQ0231,REQ0347
UNQ0232,REQ0418
UNQ0233,REQ0346
UNQ0234,REQ0474
UNQ0235,REQ0417
UNQ0236,REQ0473
UNQ0237,REQ0512
UNQ0238,REQ0511
UNQ0239,REQ0123
UNQ0239,REQ0247
UNQ0240,REQ0087
UNQ0241,REQ0500
UNQ0242,REQ0455
UNQ0243,REQ0121
UNQ0243,REQ0245
UNQ0244,REQ0244
UNQ0245,REQ0336
UNQ0246,REQ0412
UNQ0247,REQ0204
UNQ0248,REQ0044
UNQ0248,REQ0172
UNQ0249,REQ0171
UNQ0250,REQ0292
UNQ0251,REQ0439
UNQ0252,REQ0490
UNQ0253,REQ0038
UNQ0254,REQ0037
UNQ0254,REQ0163
UNQ0255,REQ0285
UNQ0256,REQ0162
UNQ0257,REQ0284
UNQ0258,REQ0362
UNQ0259,REQ0486
UNQ0260,REQ0024
UNQ0261,REQ0147
UNQ0262,REQ0146
UNQ0262,REQ0272
UNQ0263,REQ0430
UNQ0264,REQ0354
UNQ0265,REQ0480
UNQ0266,REQ0426
UNQ0267,REQ0477
UNQ0268,REQ0425
UNQ0269,REQ0476
UNQ0270,REQ0515
UNQ0271,REQ0522
UNQ0272,REQ0008
UNQ0273,REQ0057
UNQ0273,REQ0185
UNQ0274,REQ0096
UNQ0275,REQ0095
UNQ0275,REQ0221
UNQ0276,REQ0072
UNQ0276,REQ0202
UNQ0277,REQ0201
UNQ0278,REQ0380
UNQ0279,REQ0304
UNQ0280,REQ0450
UNQ0281,REQ0379
UNQ0282,REQ0064
UNQ0282,REQ0193
UNQ0283,REQ0192
UNQ0284,REQ0374
UNQ0285,REQ0301
UNQ0286,REQ0448
UNQ0287,REQ0496
UNQ0288,REQ0047
UNQ0288,REQ0175
UNQ0289,REQ0441
UNQ0290,REQ0491
UNQ0291,REQ0033
UNQ0292,REQ0032
UNQ0292,REQ0158
UNQ0293,REQ0157
UNQ0294,REQ0280
UNQ0295,REQ0021
UNQ0296,REQ0112
UNQ0297,REQ0111
UNQ0297,REQ0235
UNQ0298,REQ0234
UNQ0299,REQ0327
UNQ0300,REQ0404
UNQ0301,REQ0326
UNQ0302,REQ0403
UNQ0303,REQ0092
UNQ0303,REQ0218
UNQ0304,REQ0314
UNQ0305,REQ0390
UNQ0306,REQ0313
UNQ0307,REQ0063
UNQ0307,REQ0191
UNQ0308,REQ0300
UNQ0309,REQ0373
UNQ0310,REQ0081
UNQ0310,REQ0209
UNQ0311,REQ0145
UNQ0311,REQ0271
UNQ0312,REQ0428
UNQ0313,REQ0519
UNQ0314,REQ0124
UNQ0314,REQ0248
UNQ0315,REQ0140
UNQ0316,REQ0139
UNQ0316,REQ0266
UNQ0317,REQ0265
UNQ0318,REQ0351
UNQ0319,REQ0424
UNQ0320,REQ0350
UNQ0321,REQ0423
UNQ0322,REQ0475
UNQ0323,REQ0514
UNQ0324,REQ0130
UNQ0325,REQ0129
UNQ0325,REQ0255
UNQ0326,REQ0345
UNQ0327,REQ0344
UNQ0328,REQ0472
UNQ0329,REQ0416
UNQ0330,REQ0148
UNQ0330,REQ0273
UNQ0331,REQ0143
UNQ0331,REQ0270
UNQ0332,REQ0353
UNQ0333,REQ0429
UNQ0334,REQ0521
UNQ0335,REQ0520
UNQ0336,REQ0040
UNQ0337,REQ0004
UNQ0338,REQ0003
UNQ0338,REQ0043
UNQ0339,REQ0042
UNQ0339,REQ0170
UNQ0340,REQ0169
UNQ0341,REQ0291
UNQ0342,REQ0366
UNQ0343,REQ0365
UNQ0343,REQ0438
UNQ0344,REQ0489
UNQ0345,REQ0082
UNQ0345,REQ0210
UNQ0346,REQ0478
UNQ0347,REQ0516
UNQ0348,REQ0098
UNQ0348,REQ0224
UNQ0349,REQ0223
UNQ0350,REQ0394
UNQ0351,REQ0459
UNQ0352,REQ0029
UNQ0353,REQ0028
UNQ0354,REQ0154
UNQ0355,REQ0153
UNQ0355,REQ0277
UNQ0356,REQ0523
UNQ0357,REQ0031
UNQ0358,REQ0030
UNQ0358,REQ0156
UNQ0359,REQ0359
UNQ0360,REQ0279
UNQ0361,REQ0435
UNQ0361,REQ0483
UNQ0362,REQ0134
UNQ0362,REQ0261
UNQ0363,REQ0260
UNQ0364,REQ0422
UNQ0365,REQ0421
UNQ0366,REQ0117
UNQ0367,REQ0116
UNQ0367,REQ0240
UNQ0368,REQ0239
UNQ0369,REQ0333
UNQ0370,REQ0409
UNQ0371,REQ0332
UNQ0372,REQ0015
UNQ0373,REQ0088
UNQ0374,REQ0138
UNQ0375,REQ0137
UNQ0375,REQ0264
UNQ0376,REQ0069
UNQ0377,REQ0068
UNQ0377,REQ0198
UNQ0378,REQ0197
UNQ0379,REQ0054
UNQ0379,REQ0182
UNQ0380,REQ0118
UNQ0380,REQ0241
UNQ0381,REQ0410
UNQ0382,REQ0334
UNQ0383,REQ0445
UNQ0384,REQ0494
UNQ0385,REQ0357
UNQ0386,REQ0433
UNQ0386,REQ0482
UNQ0387,REQ0011
UNQ0388,REQ0073
UNQ0388,REQ0203
UNQ0389,REQ0451
UNQ0390,REQ0381
UNQ0391,REQ0133
UNQ0392,REQ0132
UNQ0392,REQ0259
UNQ0393,REQ0258
UNQ0394,REQ0420
UNQ0395,REQ0348
UNQ0396,REQ0419
UNQ0397,REQ0513
UNQ0398,REQ0267
UNQ0399,REQ0009
UNQ0400,REQ0061
UNQ0400,REQ0189
UNQ0401,REQ0444
UNQ0402,REQ0035
UNQ0403,REQ0034
UNQ0403,REQ0160
UNQ0404,REQ0282
UNQ0405,REQ0159
UNQ0406,REQ0360
UNQ0407,REQ0281
UNQ0408,REQ0484
UNQ0409,REQ0005
UNQ0410,REQ0046
UNQ0410,REQ0174
UNQ0411,REQ0048
UNQ0411,REQ0176
UNQ0412,REQ0091
UNQ0412,REQ0217
UNQ0413,REQ0100
UNQ0414,REQ0099
UNQ0414,REQ0225
UNQ0415,REQ0319
UNQ0416,REQ0396
UNQ0417,REQ0318
UNQ0418,REQ0395
UNQ0419,REQ0460
UNQ0420,REQ0504
UNQ0421,REQ0503
UNQ0422,REQ0125
UNQ0422,REQ0250
UNQ0423,REQ0249
UNQ0424,REQ0339
UNQ0425,REQ0338
UNQ0426,REQ0469
UNQ0427,REQ0413
