unique_request_id,reference_type,reference_id
UNQ0001,LOW_RETURN_PAIR,سیلام|1393
UNQ0002,LOW_RETURN_PAIR,ساروم|1394
UNQ0003,LOW_RETURN_PAIR,غشهد|1394
UNQ0004,LOW_RETURN_PAIR,غشهد|1395
UNQ0005,LOW_RETURN_PAIR,غدام|1393
UNQ0006,LOW_RETURN_PAIR,سدشت|1397
UNQ0007,LOW_RETURN_PAIR,سدور|1393
UNQ0008,LOW_RETURN_PAIR,غسالم|1393
UNQ0009,LOW_RETURN_PAIR,غسالم|1394
UNQ0010,LOW_RETURN_PAIR,غسالم|1395
UNQ0011,LOW_RETURN_PAIR,فجام|1396
UNQ0012,LOW_RETURN_PAIR,سخاش|1393
UNQ0013,LOW_RETURN_PAIR,سخاش|1394
UNQ0014,LOW_RETURN_PAIR,سخاش|1395
UNQ0015,LOW_RETURN_PAIR,غنوش|1392
UNQ0016,LOW_RETURN_PAIR,فنورد|1393
UNQ0017,LOW_RETURN_PAIR,فنورد|1395
UNQ0018,LOW_RETURN_PAIR,فنورد|1396
UNQ0019,LOW_RETURN_PAIR,ثشرق|1393
UNQ0020,LOW_RETURN_PAIR,سقاین|1393
UNQ0021,LOW_RETURN_PAIR,شپارس|1393
UNQ0022,LOW_RETURN_PAIR,سبجنو|1395
UNQ0023,LOW_RETURN_PAIR,سبجنو|1396
UNQ0024,LOW_RETURN_PAIR,سخزر|1394
UNQ0025,LOW_RETURN_PAIR,سخزر|1395
UNQ0026,LOW_RETURN_PAIR,فپنتا|1393
UNQ0027,LOW_RETURN_PAIR,فسپا|1395
UNQ0028,ENDPOINT_OCCURRENCE,REQ0142
UNQ0028,ENDPOINT_OCCURRENCE,REQ0269
UNQ0029,ENDPOINT_OCCURRENCE,REQ0080
UNQ0030,ENDPOINT_OCCURRENCE,REQ0079
UNQ0030,ENDPOINT_OCCURRENCE,REQ0208
UNQ0031,ENDPOINT_OCCURRENCE,REQ0306
UNQ0032,ENDPOINT_OCCURRENCE,REQ0383
UNQ0033,ENDPOINT_OCCURRENCE,REQ0497
UNQ0034,ENDPOINT_OCCURRENCE,REQ0058
UNQ0034,ENDPOINT_OCCURRENCE,REQ0186
UNQ0035,ENDPOINT_OCCURRENCE,REQ0298
UNQ0036,ENDPOINT_OCCURRENCE,REQ0443
UNQ0037,ENDPOINT_OCCURRENCE,REQ0493
UNQ0038,ENDPOINT_OCCURRENCE,REQ0078
UNQ0038,ENDPOINT_OCCURRENCE,REQ0207
UNQ0039,ENDPOINT_OCCURRENCE,REQ0086
UNQ0040,ENDPOINT_OCCURRENCE,REQ0085
UNQ0040,ENDPOINT_OCCURRENCE,REQ0214
UNQ0041,ENDPOINT_OCCURRENCE,REQ0213
UNQ0042,ENDPOINT_OCCURRENCE,REQ0310
UNQ0043,ENDPOINT_OCCURRENCE,REQ0387
UNQ0044,ENDPOINT_OCCURRENCE,REQ0309
UNQ0045,ENDPOINT_OCCURRENCE,REQ0454
UNQ0046,ENDPOINT_OCCURRENCE,REQ0386
UNQ0047,ENDPOINT_OCCURRENCE,REQ0016
UNQ0047,ENDPOINT_OCCURRENCE,REQ0090
UNQ0048,ENDPOINT_OCCURRENCE,REQ0216
UNQ0049,ENDPOINT_OCCURRENCE,REQ0089
UNQ0050,ENDPOINT_OCCURRENCE,REQ0312
UNQ0051,ENDPOINT_OCCURRENCE,REQ0215
UNQ0052,ENDPOINT_OCCURRENCE,REQ0311
UNQ0053,ENDPOINT_OCCURRENCE,REQ0389
UNQ0054,ENDPOINT_OCCURRENCE,REQ0388
UNQ0054,ENDPOINT_OCCURRENCE,REQ0457
UNQ0055,ENDPOINT_OCCURRENCE,REQ0456
UNQ0056,ENDPOINT_OCCURRENCE,REQ0067
UNQ0056,ENDPOINT_OCCURRENCE,REQ0196
UNQ0057,ENDPOINT_OCCURRENCE,REQ0302
UNQ0058,ENDPOINT_OCCURRENCE,REQ0041
UNQ0058,ENDPOINT_OCCURRENCE,REQ0168
UNQ0059,ENDPOINT_OCCURRENCE,REQ0167
UNQ0060,ENDPOINT_OCCURRENCE,REQ0290
UNQ0061,ENDPOINT_OCCURRENCE,REQ0364
UNQ0062,ENDPOINT_OCCURRENCE,REQ0289
UNQ0063,ENDPOINT_OCCURRENCE,REQ0363
UNQ0064,ENDPOINT_OCCURRENCE,REQ0437
UNQ0065,ENDPOINT_OCCURRENCE,REQ0488
UNQ0066,ENDPOINT_OCCURRENCE,REQ0017
UNQ0067,ENDPOINT_OCCURRENCE,REQ0104
UNQ0068,ENDPOINT_OCCURRENCE,REQ0103
UNQ0068,ENDPOINT_OCCURRENCE,REQ0228
UNQ0069,ENDPOINT_OCCURRENCE,REQ0227
UNQ0070,ENDPOINT_OCCURRENCE,REQ0321
UNQ0071,ENDPOINT_OCCURRENCE,REQ0398
UNQ0072,ENDPOINT_OCCURRENCE,REQ0320
UNQ0073,ENDPOINT_OCCURRENCE,REQ0397
UNQ0074,ENDPOINT_OCCURRENCE,REQ0461
UNQ0075,ENDPOINT_OCCURRENCE,REQ0505
UNQ0076,ENDPOINT_OCCURRENCE,REQ0049
UNQ0076,ENDPOINT_OCCURRENCE,REQ0177
UNQ0077,ENDPOINT_OCCURRENCE,REQ0050
UNQ0077,ENDPOINT_OCCURRENCE,REQ0178
UNQ0078,ENDPOINT_OCCURRENCE,REQ0295
UNQ0079,ENDPOINT_OCCURRENCE,REQ0369
UNQ0080,ENDPOINT_OCCURRENCE,REQ0294
UNQ0081,ENDPOINT_OCCURRENCE,REQ0127
UNQ0082,ENDPOINT_OCCURRENCE,REQ0126
UNQ0082,ENDPOINT_OCCURRENCE,REQ0252
UNQ0083,ENDPOINT_OCCURRENCE,REQ0251
UNQ0084,ENDPOINT_OCCURRENCE,REQ0341
UNQ0085,ENDPOINT_OCCURRENCE,REQ0340
UNQ0086,ENDPOINT_OCCURRENCE,REQ0470
UNQ0087,ENDPOINT_OCCURRENCE,REQ0414
UNQ0088,ENDPOINT_OCCURRENCE,REQ0053
UNQ0088,ENDPOINT_OCCURRENCE,REQ0181
UNQ0089,ENDPOINT_OCCURRENCE,REQ0027
UNQ0090,ENDPOINT_OCCURRENCE,REQ0026
UNQ0091,ENDPOINT_OCCURRENCE,REQ0152
UNQ0092,ENDPOINT_OCCURRENCE,REQ0151
UNQ0092,ENDPOINT_OCCURRENCE,REQ0276
UNQ0093,ENDPOINT_OCCURRENCE,REQ0275
UNQ0094,ENDPOINT_OCCURRENCE,REQ0356
UNQ0095,ENDPOINT_OCCURRENCE,REQ0355
UNQ0095,ENDPOINT_OCCURRENCE,REQ0432
UNQ0096,ENDPOINT_OCCURRENCE,REQ0481
UNQ0097,ENDPOINT_OCCURRENCE,REQ0431
UNQ0098,ENDPOINT_OCCURRENCE,REQ0020
UNQ0099,ENDPOINT_OCCURRENCE,REQ0110
UNQ0100,ENDPOINT_OCCURRENCE,REQ0109
UNQ0100,ENDPOINT_OCCURRENCE,REQ0233
UNQ0101,ENDPOINT_OCCURRENCE,REQ0402
UNQ0102,ENDPOINT_OCCURRENCE,REQ0325
UNQ0103,ENDPOINT_OCCURRENCE,REQ0465
UNQ0104,ENDPOINT_OCCURRENCE,REQ0001
UNQ0105,ENDPOINT_OCCURRENCE,REQ0023
UNQ0106,ENDPOINT_OCCURRENCE,REQ0022
UNQ0107,ENDPOINT_OCCURRENCE,REQ0114
UNQ0108,ENDPOINT_OCCURRENCE,REQ0113
UNQ0108,ENDPOINT_OCCURRENCE,REQ0237
UNQ0109,ENDPOINT_OCCURRENCE,REQ0329
UNQ0110,ENDPOINT_OCCURRENCE,REQ0236
UNQ0111,ENDPOINT_OCCURRENCE,REQ0406
UNQ0112,ENDPOINT_OCCURRENCE,REQ0328
UNQ0113,ENDPOINT_OCCURRENCE,REQ0405
UNQ0114,ENDPOINT_OCCURRENCE,REQ0467
UNQ0115,ENDPOINT_OCCURRENCE,REQ0466
UNQ0115,ENDPOINT_OCCURRENCE,REQ0507
UNQ0116,ENDPOINT_OCCURRENCE,REQ0506
UNQ0117,ENDPOINT_OCCURRENCE,REQ0036
UNQ0117,ENDPOINT_OCCURRENCE,REQ0161
UNQ0118,ENDPOINT_OCCURRENCE,REQ0361
UNQ0119,ENDPOINT_OCCURRENCE,REQ0283
UNQ0120,ENDPOINT_OCCURRENCE,REQ0485
UNQ0121,ENDPOINT_OCCURRENCE,REQ0018
UNQ0122,ENDPOINT_OCCURRENCE,REQ0105
UNQ0123,ENDPOINT_OCCURRENCE,REQ0229
UNQ0124,ENDPOINT_OCCURRENCE,REQ0323
UNQ0125,ENDPOINT_OCCURRENCE,REQ0322
UNQ0125,ENDPOINT_OCCURRENCE,REQ0400
UNQ0126,ENDPOINT_OCCURRENCE,REQ0462
UNQ0127,ENDPOINT_OCCURRENCE,REQ0399
UNQ0128,ENDPOINT_OCCURRENCE,REQ0025
UNQ0129,ENDPOINT_OCCURRENCE,REQ0150
UNQ0130,ENDPOINT_OCCURRENCE,REQ0149
UNQ0130,ENDPOINT_OCCURRENCE,REQ0274
UNQ0131,ENDPOINT_OCCURRENCE,REQ0144
UNQ0132,ENDPOINT_OCCURRENCE,REQ0479
UNQ0132,ENDPOINT_OCCURRENCE,REQ0518
UNQ0133,ENDPOINT_OCCURRENCE,REQ0517
UNQ0134,ENDPOINT_OCCURRENCE,REQ0141
UNQ0134,ENDPOINT_OCCURRENCE,REQ0268
UNQ0135,ENDPOINT_OCCURRENCE,REQ0427
UNQ0136,ENDPOINT_OCCURRENCE,REQ0352
UNQ0137,ENDPOINT_OCCURRENCE,REQ0045
UNQ0137,ENDPOINT_OCCURRENCE,REQ0173
UNQ0138,ENDPOINT_OCCURRENCE,REQ0368
UNQ0139,ENDPOINT_OCCURRENCE,REQ0293
UNQ0140,ENDPOINT_OCCURRENCE,REQ0440
UNQ0141,ENDPOINT_OCCURRENCE,REQ0367
UNQ0142,ENDPOINT_OCCURRENCE,REQ0013
UNQ0143,ENDPOINT_OCCURRENCE,REQ0012
UNQ0144,ENDPOINT_OCCURRENCE,REQ0075
UNQ0145,ENDPOINT_OCCURRENCE,REQ0074
UNQ0145,ENDPOINT_OCCURRENCE,REQ0205
UNQ0146,ENDPOINT_OCCURRENCE,REQ0305
UNQ0147,ENDPOINT_OCCURRENCE,REQ0382
UNQ0148,ENDPOINT_OCCURRENCE,REQ0452
UNQ0149,ENDPOINT_OCCURRENCE,REQ0077
UNQ0150,ENDPOINT_OCCURRENCE,REQ0076
UNQ0150,ENDPOINT_OCCURRENCE,REQ0206
UNQ0151,ENDPOINT_OCCURRENCE,REQ0102
UNQ0152,ENDPOINT_OCCURRENCE,REQ0101
UNQ0152,ENDPOINT_OCCURRENCE,REQ0226
UNQ0153,ENDPOINT_OCCURRENCE,REQ0019
UNQ0154,ENDPOINT_OCCURRENCE,REQ0107
UNQ0155,ENDPOINT_OCCURRENCE,REQ0106
UNQ0155,ENDPOINT_OCCURRENCE,REQ0231
UNQ0156,ENDPOINT_OCCURRENCE,REQ0230
UNQ0157,ENDPOINT_OCCURRENCE,REQ0401
UNQ0158,ENDPOINT_OCCURRENCE,REQ0324
UNQ0159,ENDPOINT_OCCURRENCE,REQ0464
UNQ0160,ENDPOINT_OCCURRENCE,REQ0463
UNQ0161,ENDPOINT_OCCURRENCE,REQ0122
UNQ0161,ENDPOINT_OCCURRENCE,REQ0246
UNQ0162,ENDPOINT_OCCURRENCE,REQ0337
UNQ0163,ENDPOINT_OCCURRENCE,REQ0136
UNQ0164,ENDPOINT_OCCURRENCE,REQ0135
UNQ0164,ENDPOINT_OCCURRENCE,REQ0263
UNQ0165,ENDPOINT_OCCURRENCE,REQ0262
UNQ0166,ENDPOINT_OCCURRENCE,REQ0349
UNQ0167,ENDPOINT_OCCURRENCE,REQ0039
UNQ0167,ENDPOINT_OCCURRENCE,REQ0164
UNQ0168,ENDPOINT_OCCURRENCE,REQ0287
UNQ0169,ENDPOINT_OCCURRENCE,REQ0286
UNQ0170,ENDPOINT_OCCURRENCE,REQ0436
UNQ0171,ENDPOINT_OCCURRENCE,REQ0487
UNQ0172,ENDPOINT_OCCURRENCE,REQ0120
UNQ0173,ENDPOINT_OCCURRENCE,REQ0119
UNQ0173,ENDPOINT_OCCURRENCE,REQ0243
UNQ0174,ENDPOINT_OCCURRENCE,REQ0242
UNQ0175,ENDPOINT_OCCURRENCE,REQ0335
UNQ0176,ENDPOINT_OCCURRENCE,REQ0411
UNQ0177,ENDPOINT_OCCURRENCE,REQ0510
UNQ0178,ENDPOINT_OCCURRENCE,REQ0071
UNQ0178,ENDPOINT_OCCURRENCE,REQ0200
UNQ0179,ENDPOINT_OCCURRENCE,REQ0378
UNQ0180,ENDPOINT_OCCURRENCE,REQ0303
UNQ0181,ENDPOINT_OCCURRENCE,REQ0377
UNQ0182,ENDPOINT_OCCURRENCE,REQ0108
UNQ0182,ENDPOINT_OCCURRENCE,REQ0232
UNQ0183,ENDPOINT_OCCURRENCE,REQ0006
UNQ0184,ENDPOINT_OCCURRENCE,REQ0051
UNQ0184,ENDPOINT_OCCURRENCE,REQ0179
UNQ0185,ENDPOINT_OCCURRENCE,REQ0297
UNQ0186,ENDPOINT_OCCURRENCE,REQ0370
UNQ0187,ENDPOINT_OCCURRENCE,REQ0296
UNQ0188,ENDPOINT_OCCURRENCE,REQ0166
UNQ0189,ENDPOINT_OCCURRENCE,REQ0165
UNQ0190,ENDPOINT_OCCURRENCE,REQ0288
UNQ0191,ENDPOINT_OCCURRENCE,REQ0010
UNQ0192,ENDPOINT_OCCURRENCE,REQ0070
UNQ0192,ENDPOINT_OCCURRENCE,REQ0199
UNQ0193,ENDPOINT_OCCURRENCE,REQ0376
UNQ0194,ENDPOINT_OCCURRENCE,REQ0002
UNQ0195,ENDPOINT_OCCURRENCE,REQ0447
UNQ0196,ENDPOINT_OCCURRENCE,REQ0446
UNQ0197,ENDPOINT_OCCURRENCE,REQ0495
UNQ0198,ENDPOINT_OCCURRENCE,REQ0060
UNQ0199,ENDPOINT_OCCURRENCE,REQ0059
UNQ0199,ENDPOINT_OCCURRENCE,REQ0188
UNQ0200,ENDPOINT_OCCURRENCE,REQ0187
UNQ0201,ENDPOINT_OCCURRENCE,REQ0299
UNQ0202,ENDPOINT_OCCURRENCE,REQ0372
UNQ0203,ENDPOINT_OCCURRENCE,REQ0052
UNQ0203,ENDPOINT_OCCURRENCE,REQ0180
UNQ0204,ENDPOINT_OCCURRENCE,REQ0014
UNQ0205,ENDPOINT_OCCURRENCE,REQ0084
UNQ0206,ENDPOINT_OCCURRENCE,REQ0083
UNQ0206,ENDPOINT_OCCURRENCE,REQ0212
UNQ0207,ENDPOINT_OCCURRENCE,REQ0308
UNQ0208,ENDPOINT_OCCURRENCE,REQ0211
UNQ0209,ENDPOINT_OCCURRENCE,REQ0307
UNQ0209,ENDPOINT_OCCURRENCE,REQ0385
UNQ0210,ENDPOINT_OCCURRENCE,REQ0453
UNQ0211,ENDPOINT_OCCURRENCE,REQ0384
UNQ0212,ENDPOINT_OCCURRENCE,REQ0499
UNQ0213,ENDPOINT_OCCURRENCE,REQ0498
UNQ0214,ENDPOINT_OCCURRENCE,REQ0066
UNQ0215,ENDPOINT_OCCURRENCE,REQ0065
UNQ0215,ENDPOINT_OCCURRENCE,REQ0195
UNQ0216,ENDPOINT_OCCURRENCE,REQ0194
UNQ0217,ENDPOINT_OCCURRENCE,REQ0449
UNQ0218,ENDPOINT_OCCURRENCE,REQ0375
UNQ0219,ENDPOINT_OCCURRENCE,REQ0093
UNQ0219,ENDPOINT_OCCURRENCE,REQ0219
UNQ0220,ENDPOINT_OCCURRENCE,REQ0316
UNQ0221,ENDPOINT_OCCURRENCE,REQ0392
UNQ0222,ENDPOINT_OCCURRENCE,REQ0315
UNQ0223,ENDPOINT_OCCURRENCE,REQ0391
UNQ0224,ENDPOINT_OCCURRENCE,REQ0501
UNQ0225,ENDPOINT_OCCURRENCE,REQ0128
UNQ0225,ENDPOINT_OCCURRENCE,REQ0254
UNQ0226,ENDPOINT_OCCURRENCE,REQ0253
UNQ0227,ENDPOINT_OCCURRENCE,REQ0343
UNQ0228,ENDPOINT_OCCURRENCE,REQ0415
UNQ0229,ENDPOINT_OCCURRENCE,REQ0342
UNQ0230,ENDPOINT_OCCURRENCE,REQ0471
UNQ0231,ENDPOINT_OCCURRENCE,REQ0155
UNQ0231,ENDPOINT_OCCURRENCE,REQ0278
UNQ0232,ENDPOINT_OCCURRENCE,REQ0434
UNQ0233,ENDPOINT_OCCURRENCE,REQ0358
UNQ0234,ENDPOINT_OCCURRENCE,REQ0115
UNQ0234,ENDPOINT_OCCURRENCE,REQ0238
UNQ0235,ENDPOINT_OCCURRENCE,REQ0331
UNQ0236,ENDPOINT_OCCURRENCE,REQ0408
UNQ0237,ENDPOINT_OCCURRENCE,REQ0330
UNQ0238,ENDPOINT_OCCURRENCE,REQ0468
UNQ0239,ENDPOINT_OCCURRENCE,REQ0407
UNQ0240,ENDPOINT_OCCURRENCE,REQ0509
UNQ0241,ENDPOINT_OCCURRENCE,REQ0508
UNQ0242,ENDPOINT_OCCURRENCE,REQ0097
UNQ0242,ENDPOINT_OCCURRENCE,REQ0222
UNQ0243,ENDPOINT_OCCURRENCE,REQ0458
UNQ0244,ENDPOINT_OCCURRENCE,REQ0502
UNQ0245,ENDPOINT_OCCURRENCE,REQ0007
UNQ0246,ENDPOINT_OCCURRENCE,REQ0056
UNQ0247,ENDPOINT_OCCURRENCE,REQ0055
UNQ0247,ENDPOINT_OCCURRENCE,REQ0184
UNQ0248,ENDPOINT_OCCURRENCE,REQ0183
UNQ0249,ENDPOINT_OCCURRENCE,REQ0371
UNQ0250,ENDPOINT_OCCURRENCE,REQ0442
UNQ0251,ENDPOINT_OCCURRENCE,REQ0492
UNQ0252,ENDPOINT_OCCURRENCE,REQ0062
UNQ0252,ENDPOINT_OCCURRENCE,REQ0190
UNQ0253,ENDPOINT_OCCURRENCE,REQ0094
UNQ0253,ENDPOINT_OCCURRENCE,REQ0220
UNQ0254,ENDPOINT_OCCURRENCE,REQ0393
UNQ0255,ENDPOINT_OCCURRENCE,REQ0317
UNQ0256,ENDPOINT_OCCURRENCE,REQ0131
UNQ0256,ENDPOINT_OCCURRENCE,REQ0257
UNQ0257,ENDPOINT_OCCURRENCE,REQ0256
UNQ0258,ENDPOINT_OCCURRENCE,REQ0347
UNQ0259,ENDPOINT_OCCURRENCE,REQ0418
UNQ0260,ENDPOINT_OCCURRENCE,REQ0346
UNQ0261,ENDPOINT_OCCURRENCE,REQ0474
UNQ0262,ENDPOINT_OCCURRENCE,REQ0417
UNQ0263,ENDPOINT_OCCURRENCE,REQ0473
UNQ0264,ENDPOINT_OCCURRENCE,REQ0512
UNQ0265,ENDPOINT_OCCURRENCE,REQ0511
UNQ0266,ENDPOINT_OCCURRENCE,REQ0123
UNQ0266,ENDPOINT_OCCURRENCE,REQ0247
UNQ0267,ENDPOINT_OCCURRENCE,REQ0087
UNQ0268,ENDPOINT_OCCURRENCE,REQ0500
UNQ0269,ENDPOINT_OCCURRENCE,REQ0455
UNQ0270,ENDPOINT_OCCURRENCE,REQ0121
UNQ0270,ENDPOINT_OCCURRENCE,REQ0245
UNQ0271,ENDPOINT_OCCURRENCE,REQ0244
UNQ0272,ENDPOINT_OCCURRENCE,REQ0336
UNQ0273,ENDPOINT_OCCURRENCE,REQ0412
UNQ0274,ENDPOINT_OCCURRENCE,REQ0204
UNQ0275,ENDPOINT_OCCURRENCE,REQ0044
UNQ0275,ENDPOINT_OCCURRENCE,REQ0172
UNQ0276,ENDPOINT_OCCURRENCE,REQ0171
UNQ0277,ENDPOINT_OCCURRENCE,REQ0292
UNQ0278,ENDPOINT_OCCURRENCE,REQ0439
UNQ0279,ENDPOINT_OCCURRENCE,REQ0490
UNQ0280,ENDPOINT_OCCURRENCE,REQ0038
UNQ0281,ENDPOINT_OCCURRENCE,REQ0037
UNQ0281,ENDPOINT_OCCURRENCE,REQ0163
UNQ0282,ENDPOINT_OCCURRENCE,REQ0285
UNQ0283,ENDPOINT_OCCURRENCE,REQ0162
UNQ0284,ENDPOINT_OCCURRENCE,REQ0284
UNQ0285,ENDPOINT_OCCURRENCE,REQ0362
UNQ0286,ENDPOINT_OCCURRENCE,REQ0486
UNQ0287,ENDPOINT_OCCURRENCE,REQ0024
UNQ0288,ENDPOINT_OCCURRENCE,REQ0147
UNQ0289,ENDPOINT_OCCURRENCE,REQ0146
UNQ0289,ENDPOINT_OCCURRENCE,REQ0272
UNQ0290,ENDPOINT_OCCURRENCE,REQ0430
UNQ0291,ENDPOINT_OCCURRENCE,REQ0354
UNQ0292,ENDPOINT_OCCURRENCE,REQ0480
UNQ0293,ENDPOINT_OCCURRENCE,REQ0426
UNQ0294,ENDPOINT_OCCURRENCE,REQ0477
UNQ0295,ENDPOINT_OCCURRENCE,REQ0425
UNQ0296,ENDPOINT_OCCURRENCE,REQ0476
UNQ0297,ENDPOINT_OCCURRENCE,REQ0515
UNQ0298,ENDPOINT_OCCURRENCE,REQ0522
UNQ0299,ENDPOINT_OCCURRENCE,REQ0008
UNQ0300,ENDPOINT_OCCURRENCE,REQ0057
UNQ0300,ENDPOINT_OCCURRENCE,REQ0185
UNQ0301,ENDPOINT_OCCURRENCE,REQ0096
UNQ0302,ENDPOINT_OCCURRENCE,REQ0095
UNQ0302,ENDPOINT_OCCURRENCE,REQ0221
UNQ0303,ENDPOINT_OCCURRENCE,REQ0072
UNQ0303,ENDPOINT_OCCURRENCE,REQ0202
UNQ0304,ENDPOINT_OCCURRENCE,REQ0201
UNQ0305,ENDPOINT_OCCURRENCE,REQ0380
UNQ0306,ENDPOINT_OCCURRENCE,REQ0304
UNQ0307,ENDPOINT_OCCURRENCE,REQ0450
UNQ0308,ENDPOINT_OCCURRENCE,REQ0379
UNQ0309,ENDPOINT_OCCURRENCE,REQ0064
UNQ0309,ENDPOINT_OCCURRENCE,REQ0193
UNQ0310,ENDPOINT_OCCURRENCE,REQ0192
UNQ0311,ENDPOINT_OCCURRENCE,REQ0374
UNQ0312,ENDPOINT_OCCURRENCE,REQ0301
UNQ0313,ENDPOINT_OCCURRENCE,REQ0448
UNQ0314,ENDPOINT_OCCURRENCE,REQ0496
UNQ0315,ENDPOINT_OCCURRENCE,REQ0047
UNQ0315,ENDPOINT_OCCURRENCE,REQ0175
UNQ0316,ENDPOINT_OCCURRENCE,REQ0441
UNQ0317,ENDPOINT_OCCURRENCE,REQ0491
UNQ0318,ENDPOINT_OCCURRENCE,REQ0033
UNQ0319,ENDPOINT_OCCURRENCE,REQ0032
UNQ0319,ENDPOINT_OCCURRENCE,REQ0158
UNQ0320,ENDPOINT_OCCURRENCE,REQ0157
UNQ0321,ENDPOINT_OCCURRENCE,REQ0280
UNQ0322,ENDPOINT_OCCURRENCE,REQ0021
UNQ0323,ENDPOINT_OCCURRENCE,REQ0112
UNQ0324,ENDPOINT_OCCURRENCE,REQ0111
UNQ0324,ENDPOINT_OCCURRENCE,REQ0235
UNQ0325,ENDPOINT_OCCURRENCE,REQ0234
UNQ0326,ENDPOINT_OCCURRENCE,REQ0327
UNQ0327,ENDPOINT_OCCURRENCE,REQ0404
UNQ0328,ENDPOINT_OCCURRENCE,REQ0326
UNQ0329,ENDPOINT_OCCURRENCE,REQ0403
UNQ0330,ENDPOINT_OCCURRENCE,REQ0092
UNQ0330,ENDPOINT_OCCURRENCE,REQ0218
UNQ0331,ENDPOINT_OCCURRENCE,REQ0314
UNQ0332,ENDPOINT_OCCURRENCE,REQ0390
UNQ0333,ENDPOINT_OCCURRENCE,REQ0313
UNQ0334,ENDPOINT_OCCURRENCE,REQ0063
UNQ0334,ENDPOINT_OCCURRENCE,REQ0191
UNQ0335,ENDPOINT_OCCURRENCE,REQ0300
UNQ0336,ENDPOINT_OCCURRENCE,REQ0373
UNQ0337,ENDPOINT_OCCURRENCE,REQ0081
UNQ0337,ENDPOINT_OCCURRENCE,REQ0209
UNQ0338,ENDPOINT_OCCURRENCE,REQ0145
UNQ0338,ENDPOINT_OCCURRENCE,REQ0271
UNQ0339,ENDPOINT_OCCURRENCE,REQ0428
UNQ0340,ENDPOINT_OCCURRENCE,REQ0519
UNQ0341,ENDPOINT_OCCURRENCE,REQ0124
UNQ0341,ENDPOINT_OCCURRENCE,REQ0248
UNQ0342,ENDPOINT_OCCURRENCE,REQ0140
UNQ0343,ENDPOINT_OCCURRENCE,REQ0139
UNQ0343,ENDPOINT_OCCURRENCE,REQ0266
UNQ0344,ENDPOINT_OCCURRENCE,REQ0265
UNQ0345,ENDPOINT_OCCURRENCE,REQ0351
UNQ0346,ENDPOINT_OCCURRENCE,REQ0424
UNQ0347,ENDPOINT_OCCURRENCE,REQ0350
UNQ0348,ENDPOINT_OCCURRENCE,REQ0423
UNQ0349,ENDPOINT_OCCURRENCE,REQ0475
UNQ0350,ENDPOINT_OCCURRENCE,REQ0514
UNQ0351,ENDPOINT_OCCURRENCE,REQ0130
UNQ0352,ENDPOINT_OCCURRENCE,REQ0129
UNQ0352,ENDPOINT_OCCURRENCE,REQ0255
UNQ0353,ENDPOINT_OCCURRENCE,REQ0345
UNQ0354,ENDPOINT_OCCURRENCE,REQ0344
UNQ0355,ENDPOINT_OCCURRENCE,REQ0472
UNQ0356,ENDPOINT_OCCURRENCE,REQ0416
UNQ0357,ENDPOINT_OCCURRENCE,REQ0148
UNQ0357,ENDPOINT_OCCURRENCE,REQ0273
UNQ0358,ENDPOINT_OCCURRENCE,REQ0143
UNQ0358,ENDPOINT_OCCURRENCE,REQ0270
UNQ0359,ENDPOINT_OCCURRENCE,REQ0353
UNQ0360,ENDPOINT_OCCURRENCE,REQ0429
UNQ0361,ENDPOINT_OCCURRENCE,REQ0521
UNQ0362,ENDPOINT_OCCURRENCE,REQ0520
UNQ0363,ENDPOINT_OCCURRENCE,REQ0040
UNQ0364,ENDPOINT_OCCURRENCE,REQ0004
UNQ0365,ENDPOINT_OCCURRENCE,REQ0003
UNQ0365,ENDPOINT_OCCURRENCE,REQ0043
UNQ0366,ENDPOINT_OCCURRENCE,REQ0042
UNQ0366,ENDPOINT_OCCURRENCE,REQ0170
UNQ0367,ENDPOINT_OCCURRENCE,REQ0169
UNQ0368,ENDPOINT_OCCURRENCE,REQ0291
UNQ0369,ENDPOINT_OCCURRENCE,REQ0366
UNQ0370,ENDPOINT_OCCURRENCE,REQ0365
UNQ0370,ENDPOINT_OCCURRENCE,REQ0438
UNQ0371,ENDPOINT_OCCURRENCE,REQ0489
UNQ0372,ENDPOINT_OCCURRENCE,REQ0082
UNQ0372,ENDPOINT_OCCURRENCE,REQ0210
UNQ0373,ENDPOINT_OCCURRENCE,REQ0478
UNQ0374,ENDPOINT_OCCURRENCE,REQ0516
UNQ0375,ENDPOINT_OCCURRENCE,REQ0098
UNQ0375,ENDPOINT_OCCURRENCE,REQ0224
UNQ0376,ENDPOINT_OCCURRENCE,REQ0223
UNQ0377,ENDPOINT_OCCURRENCE,REQ0394
UNQ0378,ENDPOINT_OCCURRENCE,REQ0459
UNQ0379,ENDPOINT_OCCURRENCE,REQ0029
UNQ0380,ENDPOINT_OCCURRENCE,REQ0028
UNQ0381,ENDPOINT_OCCURRENCE,REQ0154
UNQ0382,ENDPOINT_OCCURRENCE,REQ0153
UNQ0382,ENDPOINT_OCCURRENCE,REQ0277
UNQ0383,ENDPOINT_OCCURRENCE,REQ0523
UNQ0384,ENDPOINT_OCCURRENCE,REQ0031
UNQ0385,ENDPOINT_OCCURRENCE,REQ0030
UNQ0385,ENDPOINT_OCCURRENCE,REQ0156
UNQ0386,ENDPOINT_OCCURRENCE,REQ0359
UNQ0387,ENDPOINT_OCCURRENCE,REQ0279
UNQ0388,ENDPOINT_OCCURRENCE,REQ0435
UNQ0388,ENDPOINT_OCCURRENCE,REQ0483
UNQ0389,ENDPOINT_OCCURRENCE,REQ0134
UNQ0389,ENDPOINT_OCCURRENCE,REQ0261
UNQ0390,ENDPOINT_OCCURRENCE,REQ0260
UNQ0391,ENDPOINT_OCCURRENCE,REQ0422
UNQ0392,ENDPOINT_OCCURRENCE,REQ0421
UNQ0393,ENDPOINT_OCCURRENCE,REQ0117
UNQ0394,ENDPOINT_OCCURRENCE,REQ0116
UNQ0394,ENDPOINT_OCCURRENCE,REQ0240
UNQ0395,ENDPOINT_OCCURRENCE,REQ0239
UNQ0396,ENDPOINT_OCCURRENCE,REQ0333
UNQ0397,ENDPOINT_OCCURRENCE,REQ0409
UNQ0398,ENDPOINT_OCCURRENCE,REQ0332
UNQ0399,ENDPOINT_OCCURRENCE,REQ0015
UNQ0400,ENDPOINT_OCCURRENCE,REQ0088
UNQ0401,ENDPOINT_OCCURRENCE,REQ0138
UNQ0402,ENDPOINT_OCCURRENCE,REQ0137
UNQ0402,ENDPOINT_OCCURRENCE,REQ0264
UNQ0403,ENDPOINT_OCCURRENCE,REQ0069
UNQ0404,ENDPOINT_OCCURRENCE,REQ0068
UNQ0404,ENDPOINT_OCCURRENCE,REQ0198
UNQ0405,ENDPOINT_OCCURRENCE,REQ0197
UNQ0406,ENDPOINT_OCCURRENCE,REQ0054
UNQ0406,ENDPOINT_OCCURRENCE,REQ0182
UNQ0407,ENDPOINT_OCCURRENCE,REQ0118
UNQ0407,ENDPOINT_OCCURRENCE,REQ0241
UNQ0408,ENDPOINT_OCCURRENCE,REQ0410
UNQ0409,ENDPOINT_OCCURRENCE,REQ0334
UNQ0410,ENDPOINT_OCCURRENCE,REQ0445
UNQ0411,ENDPOINT_OCCURRENCE,REQ0494
UNQ0412,ENDPOINT_OCCURRENCE,REQ0357
UNQ0413,ENDPOINT_OCCURRENCE,REQ0433
UNQ0413,ENDPOINT_OCCURRENCE,REQ0482
UNQ0414,ENDPOINT_OCCURRENCE,REQ0011
UNQ0415,ENDPOINT_OCCURRENCE,REQ0073
UNQ0415,ENDPOINT_OCCURRENCE,REQ0203
UNQ0416,ENDPOINT_OCCURRENCE,REQ0451
UNQ0417,ENDPOINT_OCCURRENCE,REQ0381
UNQ0418,ENDPOINT_OCCURRENCE,REQ0133
UNQ0419,ENDPOINT_OCCURRENCE,REQ0132
UNQ0419,ENDPOINT_OCCURRENCE,REQ0259
UNQ0420,ENDPOINT_OCCURRENCE,REQ0258
UNQ0421,ENDPOINT_OCCURRENCE,REQ0420
UNQ0422,ENDPOINT_OCCURRENCE,REQ0348
UNQ0423,ENDPOINT_OCCURRENCE,REQ0419
UNQ0424,ENDPOINT_OCCURRENCE,REQ0513
UNQ0425,ENDPOINT_OCCURRENCE,REQ0267
UNQ0426,ENDPOINT_OCCURRENCE,REQ0009
UNQ0427,ENDPOINT_OCCURRENCE,REQ0061
UNQ0427,ENDPOINT_OCCURRENCE,REQ0189
UNQ0428,ENDPOINT_OCCURRENCE,REQ0444
UNQ0429,ENDPOINT_OCCURRENCE,REQ0035
UNQ0430,ENDPOINT_OCCURRENCE,REQ0034
UNQ0430,ENDPOINT_OCCURRENCE,REQ0160
UNQ0431,ENDPOINT_OCCURRENCE,REQ0282
UNQ0432,ENDPOINT_OCCURRENCE,REQ0159
UNQ0433,ENDPOINT_OCCURRENCE,REQ0360
UNQ0434,ENDPOINT_OCCURRENCE,REQ0281
UNQ0435,ENDPOINT_OCCURRENCE,REQ0484
UNQ0436,ENDPOINT_OCCURRENCE,REQ0005
UNQ0437,ENDPOINT_OCCURRENCE,REQ0046
UNQ0437,ENDPOINT_OCCURRENCE,REQ0174
UNQ0438,ENDPOINT_OCCURRENCE,REQ0048
UNQ0438,ENDPOINT_OCCURRENCE,REQ0176
UNQ0439,ENDPOINT_OCCURRENCE,REQ0091
UNQ0439,ENDPOINT_OCCURRENCE,REQ0217
UNQ0440,ENDPOINT_OCCURRENCE,REQ0100
UNQ0441,ENDPOINT_OCCURRENCE,REQ0099
UNQ0441,ENDPOINT_OCCURRENCE,REQ0225
UNQ0442,ENDPOINT_OCCURRENCE,REQ0319
UNQ0443,ENDPOINT_OCCURRENCE,REQ0396
UNQ0444,ENDPOINT_OCCURRENCE,REQ0318
UNQ0445,ENDPOINT_OCCURRENCE,REQ0395
UNQ0446,ENDPOINT_OCCURRENCE,REQ0460
UNQ0447,ENDPOINT_OCCURRENCE,REQ0504
UNQ0448,ENDPOINT_OCCURRENCE,REQ0503
UNQ0449,ENDPOINT_OCCURRENCE,REQ0125
UNQ0449,ENDPOINT_OCCURRENCE,REQ0250
UNQ0450,ENDPOINT_OCCURRENCE,REQ0249
UNQ0451,ENDPOINT_OCCURRENCE,REQ0339
UNQ0452,ENDPOINT_OCCURRENCE,REQ0338
UNQ0453,ENDPOINT_OCCURRENCE,REQ0469
UNQ0454,ENDPOINT_OCCURRENCE,REQ0413
