unique_request_id,request_type,InsCode,ISIN,ticker,endpoint_date,range_start_date,range_end_date,occurrence_count,evidence_reason,qTotCap,qTotTran5J,zTotTran,raw_close
UNQ0001,RANGE,14617104402836487,IRO1SEIL0001,سیلام,,2014-05-19,2015-05-19,1,LOW_RETURN_SEQUENCE_SEMANTICS,,,,
UNQ0002,RANGE,15949743338644220,IRO1SURO0001,ساروم,,2015-07-19,2016-07-18,1,LOW_RETURN_SEQUENCE_SEMANTICS,,,,
UNQ0003,RANGE,20487994977117557,IRO1SHAD0001,غشهد,,2015-07-19,2016-07-18,1,LOW_RETURN_SEQUENCE_SEMANTICS,,,,
UNQ0004,RANGE,20487994977117557,IRO1SHAD0001,غشهد,,2016-07-19,2017-07-19,1,LOW_RETURN_SEQUENCE_SEMANTICS,,,,
UNQ0005,RANGE,2254054929817435,IRO1KDPS0001,غدام,,2014-04-19,2015-04-18,1,LOW_RETURN_SEQUENCE_SEMANTICS,,,,
UNQ0006,RANGE,27000326841257664,IRO1SDST0001,سدشت,,2018-01-20,2019-01-19,1,LOW_RETURN_SEQUENCE_SEMANTICS,,,,
UNQ0007,RANGE,27218386411183410,IRO1SDOR0001,سدور,,2014-07-20,2015-07-19,1,LOW_RETURN_SEQUENCE_SEMANTICS,,,,
UNQ0008,RANGE,28672095850798501,IRO1SLMN0001,غسالم,,2014-07-20,2015-07-19,1,LOW_RETURN_SEQUENCE_SEMANTICS,,,,
UNQ0009,RANGE,28672095850798501,IRO1SLMN0001,غسالم,,2015-07-19,2016-07-18,1,LOW_RETURN_SEQUENCE_SEMANTICS,,,,
UNQ0010,RANGE,28672095850798501,IRO1SLMN0001,غسالم,,2016-07-19,2017-07-19,1,LOW_RETURN_SEQUENCE_SEMANTICS,,,,
UNQ0011,RANGE,30765727085936322,IRO1JAMD0001,فجام,,2017-07-18,2018-07-18,1,LOW_RETURN_SEQUENCE_SEMANTICS,,,,
UNQ0012,RANGE,4470657233334072,IRO1SKHS0001,سخاش,,2014-07-20,2015-07-19,1,LOW_RETURN_SEQUENCE_SEMANTICS,,,,
UNQ0013,RANGE,4470657233334072,IRO1SKHS0001,سخاش,,2015-07-19,2016-07-18,1,LOW_RETURN_SEQUENCE_SEMANTICS,,,,
UNQ0014,RANGE,4470657233334072,IRO1SKHS0001,سخاش,,2016-07-19,2017-07-19,1,LOW_RETURN_SEQUENCE_SEMANTICS,,,,
UNQ0015,RANGE,48619517949257749,IRO1NOSH0001,غنوش,,2013-07-16,2014-07-16,1,LOW_RETURN_SEQUENCE_SEMANTICS,,,,
UNQ0016,RANGE,56324206651661881,IRO1NGFO0001,فنورد,,2014-07-20,2015-07-19,1,LOW_RETURN_SEQUENCE_SEMANTICS,,,,
UNQ0017,RANGE,56324206651661881,IRO1NGFO0001,فنورد,,2016-07-19,2017-07-19,1,LOW_RETURN_SEQUENCE_SEMANTICS,,,,
UNQ0018,RANGE,56324206651661881,IRO1NGFO0001,فنورد,,2017-07-18,2018-07-18,1,LOW_RETURN_SEQUENCE_SEMANTICS,,,,
UNQ0019,RANGE,6043384171800349,IRO1PMSZ0001,ثشرق,,2014-05-11,2015-01-19,1,LOW_RETURN_SEQUENCE_SEMANTICS,,,,
UNQ0020,RANGE,60654872678917533,IRO1SGEN0001,سقاین,,2014-07-20,2015-07-19,1,LOW_RETURN_SEQUENCE_SEMANTICS,,,,
UNQ0021,RANGE,61102694810476197,IRO1BMPS0001,شپارس,,2014-01-20,2015-01-19,1,LOW_RETURN_SEQUENCE_SEMANTICS,,,,
UNQ0022,RANGE,66295665969375744,IRO1SBOJ0001,سبجنو,,2016-07-19,2017-07-19,1,LOW_RETURN_SEQUENCE_SEMANTICS,,,,
UNQ0023,RANGE,66295665969375744,IRO1SBOJ0001,سبجنو,,2017-07-18,2018-07-18,1,LOW_RETURN_SEQUENCE_SEMANTICS,,,,
UNQ0024,RANGE,67327029014085707,IRO1SKAZ0001,سخزر,,2015-07-19,2016-07-18,1,LOW_RETURN_SEQUENCE_SEMANTICS,,,,
UNQ0025,RANGE,67327029014085707,IRO1SKAZ0001,سخزر,,2016-07-19,2017-07-19,1,LOW_RETURN_SEQUENCE_SEMANTICS,,,,
UNQ0026,RANGE,68488673556087148,IRO1SPTA0001,فپنتا,,2014-07-20,2015-07-19,1,LOW_RETURN_SEQUENCE_SEMANTICS,,,,
UNQ0027,RANGE,8977441217024425,IRO1SEPA0001,فسپا,,2016-07-19,2017-07-19,1,LOW_RETURN_SEQUENCE_SEMANTICS,,,,
UNQ0028,POINT_DATE,10120557300120078,IRO1SHND0001,پسهند,2015-07-19,,,2,ENDPOINT_SEMANTICS,0.0,0.0,0.0,5200.0
UNQ0029,POINT_DATE,10568944722570445,IRO1SEFH0001,سصفها,2014-07-20,,,1,ENDPOINT_SEMANTICS,0.0,0.0,0.0,13726.0
UNQ0030,POINT_DATE,10568944722570445,IRO1SEFH0001,سصفها,2015-07-19,,,2,ENDPOINT_SEMANTICS,0.0,0.0,0.0,15222.0
UNQ0031,POINT_DATE,10568944722570445,IRO1SEFH0001,سصفها,2017-07-19,,,1,ENDPOINT_SEMANTICS,0.0,0.0,0.0,16339.0
UNQ0032,POINT_DATE,10568944722570445,IRO1SEFH0001,سصفها,2018-07-18,,,1,ENDPOINT_SEMANTICS,0.0,0.0,0.0,6390.0
UNQ0033,POINT_DATE,10568944722570445,IRO1SEFH0001,سصفها,2019-07-20,,,1,ENDPOINT_SEMANTICS,0.0,0.0,0.0,12680.0
UNQ0034,POINT_DATE,11432067920374603,IRO1DSIN0001,دسینا,2015-07-19,,,2,ENDPOINT_SEMANTICS,0.0,0.0,0.0,13909.0
UNQ0035,POINT_DATE,11432067920374603,IRO1DSIN0001,دسینا,2017-07-19,,,1,ENDPOINT_SEMANTICS,0.0,0.0,0.0,21137.0
UNQ0036,POINT_DATE,11432067920374603,IRO1DSIN0001,دسینا,2019-07-17,,,1,ENDPOINT_SEMANTICS,0.0,0.0,0.0,15606.0
UNQ0037,POINT_DATE,11432067920374603,IRO1DSIN0001,دسینا,2019-07-20,,,1,ENDPOINT_SEMANTICS,0.0,0.0,0.0,17736.0
UNQ0038,POINT_DATE,11964419322927535,IRO1SROD0001,سرود,2015-07-19,,,2,ENDPOINT_SEMANTICS,0.0,0.0,0.0,3003.0
UNQ0039,POINT_DATE,14231831499205396,IRO1SSNR0001,سنیر,2014-07-20,,,1,ENDPOINT_SEMANTICS,0.0,0.0,0.0,20406.0
UNQ0040,POINT_DATE,14231831499205396,IRO1SSNR0001,سنیر,2015-07-19,,,2,ENDPOINT_SEMANTICS,0.0,0.0,0.0,17672.0
UNQ0041,POINT_DATE,14231831499205396,IRO1SSNR0001,سنیر,2016-07-18,,,1,ENDPOINT_SEMANTICS,0.0,0.0,0.0,16013.0
UNQ0042,POINT_DATE,14231831499205396,IRO1SSNR0001,سنیر,2016-07-19,,,1,ENDPOINT_SEMANTICS,0.0,0.0,0.0,16013.0
UNQ0043,POINT_DATE,14231831499205396,IRO1SSNR0001,سنیر,2017-07-18,,,1,ENDPOINT_SEMANTICS,0.0,0.0,0.0,15218.0
UNQ0044,POINT_DATE,14231831499205396,IRO1SSNR0001,سنیر,2017-07-19,,,1,ENDPOINT_SEMANTICS,0.0,0.0,0.0,15218.0
UNQ0045,POINT_DATE,14231831499205396,IRO1SSNR0001,سنیر,2018-07-17,,,1,ENDPOINT_SEMANTICS,0.0,0.0,0.0,13360.0
UNQ0046,POINT_DATE,14231831499205396,IRO1SSNR0001,سنیر,2018-07-18,,,1,ENDPOINT_SEMANTICS,0.0,0.0,0.0,13360.0
UNQ0047,POINT_DATE,14617104402836487,IRO1SEIL0001,سیلام,2014-05-19,,,2,BOTH,0.0,0.0,0.0,8507.0
UNQ0048,POINT_DATE,14617104402836487,IRO1SEIL0001,سیلام,2015-05-18,,,1,BOTH,0.0,0.0,0.0,6988.0
UNQ0049,POINT_DATE,14617104402836487,IRO1SEIL0001,سیلام,2015-05-19,,,1,BOTH,0.0,0.0,0.0,6988.0
UNQ0050,POINT_DATE,14617104402836487,IRO1SEIL0001,سیلام,2016-05-17,,,1,ENDPOINT_SEMANTICS,0.0,0.0,0.0,4919.0
UNQ0051,POINT_DATE,14617104402836487,IRO1SEIL0001,سیلام,2016-05-18,,,1,ENDPOINT_SEMANTICS,0.0,0.0,0.0,4919.0
UNQ0052,POINT_DATE,14617104402836487,IRO1SEIL0001,سیلام,2017-05-17,,,1,ENDPOINT_SEMANTICS,0.0,0.0,0.0,4197.0
UNQ0053,POINT_DATE,14617104402836487,IRO1SEIL0001,سیلام,2017-05-20,,,1,ENDPOINT_SEMANTICS,0.0,0.0,0.0,4197.0
UNQ0054,POINT_DATE,14617104402836487,IRO1SEIL0001,سیلام,2018-05-19,,,2,ENDPOINT_SEMANTICS,0.0,0.0,0.0,2300.0
UNQ0055,POINT_DATE,14617104402836487,IRO1SEIL0001,سیلام,2019-05-19,,,1,ENDPOINT_SEMANTICS,0.0,0.0,0.0,6556.0
UNQ0056,POINT_DATE,15949743338644220,IRO1SURO0001,ساروم,2015-07-19,,,2,BOTH,0.0,0.0,0.0,4706.0
UNQ0057,POINT_DATE,15949743338644220,IRO1SURO0001,ساروم,2016-07-19,,,1,ENDPOINT_SEMANTICS,0.0,0.0,0.0,2618.0
UNQ0058,POINT_DATE,16369313804633525,IRO1HJPT0001,حپترو,2015-07-19,,,2,ENDPOINT_SEMANTICS,0.0,0.0,0.0,2892.0
UNQ0059,POINT_DATE,16369313804633525,IRO1HJPT0001,حپترو,2016-07-18,,,1,ENDPOINT_SEMANTICS,0.0,0.0,0.0,2946.0
UNQ0060,POINT_DATE,16369313804633525,IRO1HJPT0001,حپترو,2016-07-19,,,1,ENDPOINT_SEMANTICS,0.0,0.0,0.0,2946.0
UNQ0061,POINT_DATE,16369313804633525,IRO1HJPT0001,حپترو,2017-07-18,,,1,ENDPOINT_SEMANTICS,0.0,0.0,0.0,4128.0
UNQ0062,POINT_DATE,16369313804633525,IRO1HJPT0001,حپترو,2017-07-19,,,1,ENDPOINT_SEMANTICS,0.0,0.0,0.0,4128.0
UNQ0063,POINT_DATE,16369313804633525,IRO1HJPT0001,حپترو,2018-07-18,,,1,ENDPOINT_SEMANTICS,0.0,0.0,0.0,2302.0
UNQ0064,POINT_DATE,16369313804633525,IRO1HJPT0001,حپترو,2019-07-17,,,1,ENDPOINT_SEMANTICS,0.0,0.0,0.0,9476.0
UNQ0065,POINT_DATE,16369313804633525,IRO1HJPT0001,حپترو,2019-07-20,,,1,ENDPOINT_SEMANTICS,0.0,0.0,0.0,9476.0
UNQ0066,POINT_DATE,17059960254855208,IRO1BENN0001,غبهنوش,2014-07-16,,,1,ENDPOINT_SEMANTICS,0.0,0.0,0.0,10497.0
UNQ0067,POINT_DATE,17059960254855208,IRO1BENN0001,غبهنوش,2014-07-20,,,1,ENDPOINT_SEMANTICS,0.0,0.0,0.0,10497.0
UNQ0068,POINT_DATE,17059960254855208,IRO1BENN0001,غبهنوش,2015-07-19,,,2,ENDPOINT_SEMANTICS,0.0,0.0,0.0,4233.0
UNQ0069,POINT_DATE,17059960254855208,IRO1BENN0001,غبهنوش,2016-07-18,,,1,ENDPOINT_SEMANTICS,0.0,0.0,0.0,6864.0
UNQ0070,POINT_DATE,17059960254855208,IRO1BENN0001,غبهنوش,2016-07-19,,,1,ENDPOINT_SEMANTICS,0.0,0.0,0.0,6864.0
UNQ0071,POINT_DATE,17059960254855208,IRO1BENN0001,غبهنوش,2017-07-18,,,1,ENDPOINT_SEMANTICS,0.0,0.0,0.0,5018.0
UNQ0072,POINT_DATE,17059960254855208,IRO1BENN0001,غبهنوش,2017-07-19,,,1,ENDPOINT_SEMANTICS,0.0,0.0,0.0,5018.0
UNQ0073,POINT_DATE,17059960254855208,IRO1BENN0001,غبهنوش,2018-07-18,,,1,ENDPOINT_SEMANTICS,0.0,0.0,0.0,4089.0
UNQ0074,POINT_DATE,17059960254855208,IRO1BENN0001,غبهنوش,2019-07-17,,,1,ENDPOINT_SEMANTICS,0.0,0.0,0.0,12719.0
UNQ0075,POINT_DATE,17059960254855208,IRO1BENN0001,غبهنوش,2019-07-20,,,1,ENDPOINT_SEMANTICS,0.0,0.0,0.0,12719.0
UNQ0076,POINT_DATE,17330546482145553,IRO1MHKM0001,خمهر,2015-07-19,,,2,ENDPOINT_SEMANTICS,0.0,0.0,0.0,1786.0
UNQ0077,POINT_DATE,17834623106317041,IRO1MNSR0001,خنصیر,2015-07-19,,,2,ENDPOINT_SEMANTICS,0.0,0.0,0.0,3837.0
UNQ0078,POINT_DATE,17834623106317041,IRO1MNSR0001,خنصیر,2016-07-19,,,1,ENDPOINT_SEMANTICS,0.0,0.0,0.0,2467.0
UNQ0079,POINT_DATE,17834623106317041,IRO1MNSR0001,خنصیر,2017-07-18,,,1,ENDPOINT_SEMANTICS,0.0,0.0,0.0,3706.0
UNQ0080,POINT_DATE,17834623106317041,IRO1MNSR0001,خنصیر,2017-07-19,,,1,ENDPOINT_SEMANTICS,0.0,0.0,0.0,3706.0
UNQ0081,POINT_DATE,18004480270695404,IRO1ALMR0001,فمراد,2014-07-20,,,1,ENDPOINT_SEMANTICS,0.0,0.0,0.0,8680.0
UNQ0082,POINT_DATE,18004480270695404,IRO1ALMR0001,فمراد,2015-07-19,,,2,ENDPOINT_SEMANTICS,0.0,0.0,0.0,2298.0
UNQ0083,POINT_DATE,18004480270695404,IRO1ALMR0001,فمراد,2016-07-18,,,1,ENDPOINT_SEMANTICS,0.0,0.0,0.0,2466.0
UNQ0084,POINT_DATE,18004480270695404,IRO1ALMR0001,فمراد,2016-07-19,,,1,ENDPOINT_SEMANTICS,0.0,0.0,0.0,2466.0
UNQ0085,POINT_DATE,18004480270695404,IRO1ALMR0001,فمراد,2017-07-19,,,1,ENDPOINT_SEMANTICS,0.0,0.0,0.0,3167.0
UNQ0086,POINT_DATE,18004480270695404,IRO1ALMR0001,فمراد,2018-07-17,,,1,ENDPOINT_SEMANTICS,0.0,0.0,0.0,6263.0
UNQ0087,POINT_DATE,18004480270695404,IRO1ALMR0001,فمراد,2018-07-18,,,1,ENDPOINT_SEMANTICS,0.0,0.0,0.0,6263.0
UNQ0088,POINT_DATE,19257295292088310,IRO1INDM0001,خکمک,2015-07-19,,,2,ENDPOINT_SEMANTICS,0.0,0.0,0.0,1077.0
UNQ0089,POINT_DATE,19471788163911687,IRO1NSPS0001,کفپارس,2013-04-16,,,1,ENDPOINT_SEMANTICS,0.0,0.0,0.0,1285.0
UNQ0090,POINT_DATE,19471788163911687,IRO1NSPS0001,کفپارس,2014-04-16,,,1,ENDPOINT_SEMANTICS,0.0,0.0,0.0,3558.0
UNQ0091,POINT_DATE,19471788163911687,IRO1NSPS0001,کفپارس,2014-04-19,,,1,ENDPOINT_SEMANTICS,0.0,0.0,0.0,3558.0
UNQ0092,POINT_DATE,19471788163911687,IRO1NSPS0001,کفپارس,2015-04-18,,,2,ENDPOINT_SEMANTICS,0.0,0.0,0.0,4503.0
UNQ0093,POINT_DATE,19471788163911687,IRO1NSPS0001,کفپارس,2016-04-17,,,1,ENDPOINT_SEMANTICS,0.0,0.0,0.0,6918.0
UNQ0094,POINT_DATE,19471788163911687,IRO1NSPS0001,کفپارس,2016-04-18,,,1,ENDPOINT_SEMANTICS,0.0,0.0,0.0,6918.0
UNQ0095,POINT_DATE,19471788163911687,IRO1NSPS0001,کفپارس,2017-04-18,,,2,ENDPOINT_SEMANTICS,0.0,0.0,0.0,4850.0
UNQ0096,POINT_DATE,19471788163911687,IRO1NSPS0001,کفپارس,2018-04-17,,,1,ENDPOINT_SEMANTICS,0.0,0.0,0.0,2702.0
UNQ0097,POINT_DATE,19471788163911687,IRO1NSPS0001,کفپارس,2018-04-18,,,1,ENDPOINT_SEMANTICS,0.0,0.0,0.0,2702.0
UNQ0098,POINT_DATE,20487994977117557,IRO1SHAD0001,غشهد,2014-07-16,,,1,ENDPOINT_SEMANTICS,0.0,0.0,0.0,2337.0
UNQ0099,POINT_DATE,20487994977117557,IRO1SHAD0001,غشهد,2014-07-20,,,1,ENDPOINT_SEMANTICS,0.0,0.0,0.0,2337.0
UNQ0100,POINT_DATE,20487994977117557,IRO1SHAD0001,غشهد,2015-07-19,,,2,BOTH,0.0,0.0,0.0,2115.0
UNQ0101,POINT_DATE,20487994977117557,IRO1SHAD0001,غشهد,2017-07-18,,,1,BOTH,0.0,0.0,0.0,2594.0
UNQ0102,POINT_DATE,20487994977117557,IRO1SHAD0001,غشهد,2017-07-19,,,1,BOTH,0.0,0.0,0.0,2594.0
UNQ0103,POINT_DATE,20487994977117557,IRO1SHAD0001,غشهد,2018-07-17,,,1,ENDPOINT_SEMANTICS,0.0,0.0,0.0,1736.0
UNQ0104,POINT_DATE,22086876724551482,IRO1MOTJ0001,بموتو,2013-01-19,,,1,ENDPOINT_SEMANTICS,0.0,0.0,0.0,3336.0
UNQ0105,POINT_DATE,22299894048845903,IRO1GCOZ0001,غگل,2013-01-19,,,1,ENDPOINT_SEMANTICS,0.0,0.0,0.0,16268.0
UNQ0106,POINT_DATE,22299894048845903,IRO1GCOZ0001,غگل,2014-01-18,,,1,ENDPOINT_SEMANTICS,0.0,0.0,0.0,37442.0
UNQ0107,POINT_DATE,22299894048845903,IRO1GCOZ0001,غگل,2014-01-20,,,1,ENDPOINT_SEMANTICS,0.0,0.0,0.0,37442.0
UNQ0108,POINT_DATE,22299894048845903,IRO1GCOZ0001,غگل,2015-01-19,,,2,ENDPOINT_SEMANTICS,0.0,0.0,0.0,19755.0
UNQ0109,POINT_DATE,22299894048845903,IRO1GCOZ0001,غگل,2016-01-18,,,1,ENDPOINT_SEMANTICS,0.0,0.0,0.0,34086.0
UNQ0110,POINT_DATE,22299894048845903,IRO1GCOZ0001,غگل,2016-01-19,,,1,ENDPOINT_SEMANTICS,0.0,0.0,0.0,34086.0
UNQ0111,POINT_DATE,22299894048845903,IRO1GCOZ0001,غگل,2017-01-17,,,1,ENDPOINT_SEMANTICS,0.0,0.0,0.0,40910.0
UNQ0112,POINT_DATE,22299894048845903,IRO1GCOZ0001,غگل,2017-01-18,,,1,ENDPOINT_SEMANTICS,0.0,0.0,0.0,40910.0
UNQ0113,POINT_DATE,22299894048845903,IRO1GCOZ0001,غگل,2018-01-17,,,1,ENDPOINT_SEMANTICS,0.0,0.0,0.0,17650.0
UNQ0114,POINT_DATE,22299894048845903,IRO1GCOZ0001,غگل,2018-01-20,,,1,ENDPOINT_SEMANTICS,0.0,0.0,0.0,17650.0
UNQ0115,POINT_DATE,22299894048845903,IRO1GCOZ0001,غگل,2019-01-19,,,2,ENDPOINT_SEMANTICS,0.0,0.0,0.0,11121.0
UNQ0116,POINT_DATE,22299894048845903,IRO1GCOZ0001,غگل,2020-01-19,,,1,ENDPOINT_SEMANTICS,0.0,0.0,0.0,62396.0
UNQ0117,POINT_DATE,22382156782768756,IRO1KGND0001,بکام,2015-07-19,,,2,ENDPOINT_SEMANTICS,0.0,0.0,0.0,1682.0
UNQ0118,POINT_DATE,22382156782768756,IRO1KGND0001,بکام,2017-07-18,,,1,ENDPOINT_SEMANTICS,0.0,0.0,0.0,2600.0
UNQ0119,POINT_DATE,22382156782768756,IRO1KGND0001,بکام,2017-07-19,,,1,ENDPOINT_SEMANTICS,0.0,0.0,0.0,2600.0
UNQ0120,POINT_DATE,22382156782768756,IRO1KGND0001,بکام,2020-07-18,,,1,ENDPOINT_SEMANTICS,0.0,0.0,0.0,9120.0
UNQ0121,POINT_DATE,2254054929817435,IRO1KDPS0001,غدام,2014-04-16,,,1,ENDPOINT_SEMANTICS,0.0,0.0,0.0,13553.0
UNQ0122,POINT_DATE,2254054929817435,IRO1KDPS0001,غدام,2014-04-19,,,1,BOTH,0.0,0.0,0.0,13153.0
UNQ0123,POINT_DATE,2254054929817435,IRO1KDPS0001,غدام,2016-04-17,,,1,ENDPOINT_SEMANTICS,0.0,0.0,0.0,9019.0
UNQ0124,POINT_DATE,2254054929817435,IRO1KDPS0001,غدام,2016-04-18,,,1,ENDPOINT_SEMANTICS,0.0,0.0,0.0,9019.0
UNQ0125,POINT_DATE,2254054929817435,IRO1KDPS0001,غدام,2017-04-18,,,2,ENDPOINT_SEMANTICS,0.0,0.0,0.0,7087.0
UNQ0126,POINT_DATE,2254054929817435,IRO1KDPS0001,غدام,2018-04-17,,,1,ENDPOINT_SEMANTICS,0.0,0.0,0.0,6904.0
UNQ0127,POINT_DATE,2254054929817435,IRO1KDPS0001,غدام,2018-04-18,,,1,ENDPOINT_SEMANTICS,0.0,0.0,0.0,6904.0
UNQ0128,POINT_DATE,23837844039713715,IRO1NASI0001,کفرا,2014-07-16,,,1,ENDPOINT_SEMANTICS,0.0,0.0,0.0,16685.0
UNQ0129,POINT_DATE,23837844039713715,IRO1NASI0001,کفرا,2014-07-20,,,1,ENDPOINT_SEMANTICS,0.0,0.0,0.0,16685.0
UNQ0130,POINT_DATE,23837844039713715,IRO1NASI0001,کفرا,2015-07-19,,,2,ENDPOINT_SEMANTICS,0.0,0.0,0.0,8793.0
UNQ0131,POINT_DATE,23936607891892333,IRO1OFST0001,چافست,2014-01-20,,,1,ENDPOINT_SEMANTICS,0.0,0.0,0.0,12344.0
UNQ0132,POINT_DATE,23936607891892333,IRO1OFST0001,چافست,2019-01-19,,,2,ENDPOINT_SEMANTICS,0.0,0.0,0.0,5617.0
UNQ0133,POINT_DATE,23936607891892333,IRO1OFST0001,چافست,2020-01-19,,,1,ENDPOINT_SEMANTICS,0.0,0.0,0.0,13903.0
UNQ0134,POINT_DATE,24079409192818584,IRO1DRKH0001,پدرخش,2015-07-19,,,2,ENDPOINT_SEMANTICS,0.0,0.0,0.0,2816.0
UNQ0135,POINT_DATE,24079409192818584,IRO1DRKH0001,پدرخش,2017-07-18,,,1,ENDPOINT_SEMANTICS,0.0,0.0,0.0,3899.0
UNQ0136,POINT_DATE,24079409192818584,IRO1DRKH0001,پدرخش,2017-07-19,,,1,ENDPOINT_SEMANTICS,0.0,0.0,0.0,3899.0
UNQ0137,POINT_DATE,26824673819862694,IRO1BHMN0001,خبهمن,2015-07-19,,,2,ENDPOINT_SEMANTICS,0.0,0.0,0.0,2329.0
UNQ0138,POINT_DATE,26824673819862694,IRO1BHMN0001,خبهمن,2017-07-18,,,1,ENDPOINT_SEMANTICS,0.0,0.0,0.0,967.0
UNQ0139,POINT_DATE,26824673819862694,IRO1BHMN0001,خبهمن,2017-07-19,,,1,ENDPOINT_SEMANTICS,0.0,0.0,0.0,967.0
UNQ0140,POINT_DATE,26824673819862694,IRO1BHMN0001,خبهمن,2018-07-17,,,1,ENDPOINT_SEMANTICS,0.0,0.0,0.0,730.0
UNQ0141,POINT_DATE,26824673819862694,IRO1BHMN0001,خبهمن,2018-07-18,,,1,ENDPOINT_SEMANTICS,0.0,0.0,0.0,730.0
UNQ0142,POINT_DATE,27000326841257664,IRO1SDST0001,سدشت,2013-01-19,,,1,ENDPOINT_SEMANTICS,0.0,0.0,0.0,3058.0
UNQ0143,POINT_DATE,27000326841257664,IRO1SDST0001,سدشت,2014-01-18,,,1,ENDPOINT_SEMANTICS,0.0,0.0,0.0,3384.0
UNQ0144,POINT_DATE,27000326841257664,IRO1SDST0001,سدشت,2014-01-20,,,1,ENDPOINT_SEMANTICS,0.0,0.0,0.0,2984.0
UNQ0145,POINT_DATE,27000326841257664,IRO1SDST0001,سدشت,2015-01-19,,,2,ENDPOINT_SEMANTICS,0.0,0.0,0.0,2458.0
UNQ0146,POINT_DATE,27000326841257664,IRO1SDST0001,سدشت,2016-01-18,,,1,ENDPOINT_SEMANTICS,0.0,0.0,0.0,2081.0
UNQ0147,POINT_DATE,27000326841257664,IRO1SDST0001,سدشت,2018-01-17,,,1,ENDPOINT_SEMANTICS,0.0,0.0,0.0,1776.0
UNQ0148,POINT_DATE,27000326841257664,IRO1SDST0001,سدشت,2018-01-20,,,1,BOTH,0.0,0.0,0.0,1776.0
UNQ0149,POINT_DATE,27218386411183410,IRO1SDOR0001,سدور,2014-07-20,,,1,BOTH,0.0,0.0,0.0,16474.0
UNQ0150,POINT_DATE,27218386411183410,IRO1SDOR0001,سدور,2015-07-19,,,2,BOTH,0.0,0.0,0.0,8855.0
UNQ0151,POINT_DATE,27308217070238237,IRO1CRBN0001,شکربن,2014-07-20,,,1,ENDPOINT_SEMANTICS,0.0,0.0,0.0,2908.0
UNQ0152,POINT_DATE,27308217070238237,IRO1CRBN0001,شکربن,2015-07-19,,,2,ENDPOINT_SEMANTICS,0.0,0.0,0.0,3117.0
UNQ0153,POINT_DATE,28672095850798501,IRO1SLMN0001,غسالم,2014-07-16,,,1,ENDPOINT_SEMANTICS,0.0,0.0,0.0,2983.0
UNQ0154,POINT_DATE,28672095850798501,IRO1SLMN0001,غسالم,2014-07-20,,,1,BOTH,0.0,0.0,0.0,2833.0
UNQ0155,POINT_DATE,28672095850798501,IRO1SLMN0001,غسالم,2015-07-19,,,2,BOTH,0.0,0.0,0.0,2039.0
UNQ0156,POINT_DATE,28672095850798501,IRO1SLMN0001,غسالم,2016-07-18,,,1,BOTH,0.0,0.0,0.0,1742.0
UNQ0157,POINT_DATE,28672095850798501,IRO1SLMN0001,غسالم,2017-07-18,,,1,BOTH,0.0,0.0,0.0,2359.0
UNQ0158,POINT_DATE,28672095850798501,IRO1SLMN0001,غسالم,2017-07-19,,,1,BOTH,0.0,0.0,0.0,2359.0
UNQ0159,POINT_DATE,28672095850798501,IRO1SLMN0001,غسالم,2018-07-17,,,1,ENDPOINT_SEMANTICS,0.0,0.0,0.0,3548.0
UNQ0160,POINT_DATE,28672095850798501,IRO1SLMN0001,غسالم,2019-07-17,,,1,ENDPOINT_SEMANTICS,0.0,0.0,0.0,20964.0
UNQ0161,POINT_DATE,28864540805361867,IRO1FKHZ0001,فخوز,2015-07-19,,,2,ENDPOINT_SEMANTICS,0.0,0.0,0.0,3420.0
UNQ0162,POINT_DATE,28864540805361867,IRO1FKHZ0001,فخوز,2016-07-19,,,1,ENDPOINT_SEMANTICS,0.0,0.0,0.0,2400.0
UNQ0163,POINT_DATE,30650426998863332,IRO1BOTA0001,لبوتان,2014-07-20,,,1,ENDPOINT_SEMANTICS,0.0,0.0,0.0,2344.0
UNQ0164,POINT_DATE,30650426998863332,IRO1BOTA0001,لبوتان,2015-07-19,,,2,ENDPOINT_SEMANTICS,0.0,0.0,0.0,2676.0
UNQ0165,POINT_DATE,30650426998863332,IRO1BOTA0001,لبوتان,2016-07-18,,,1,ENDPOINT_SEMANTICS,0.0,0.0,0.0,2868.0
UNQ0166,POINT_DATE,30650426998863332,IRO1BOTA0001,لبوتان,2016-07-19,,,1,ENDPOINT_SEMANTICS,0.0,0.0,0.0,2858.0
UNQ0167,POINT_DATE,30719054967088301,IRO1COMB0001,تکمبا,2015-07-19,,,2,ENDPOINT_SEMANTICS,0.0,0.0,0.0,998.0
UNQ0168,POINT_DATE,30719054967088301,IRO1COMB0001,تکمبا,2016-07-19,,,1,ENDPOINT_SEMANTICS,0.0,0.0,0.0,802.0
UNQ0169,POINT_DATE,30719054967088301,IRO1COMB0001,تکمبا,2017-07-19,,,1,ENDPOINT_SEMANTICS,0.0,0.0,0.0,758.0
UNQ0170,POINT_DATE,30719054967088301,IRO1COMB0001,تکمبا,2019-07-17,,,1,ENDPOINT_SEMANTICS,0.0,0.0,0.0,1802.0
UNQ0171,POINT_DATE,30719054967088301,IRO1COMB0001,تکمبا,2019-07-20,,,1,ENDPOINT_SEMANTICS,0.0,0.0,0.0,1802.0
UNQ0172,POINT_DATE,30765727085936322,IRO1JAMD0001,فجام,2014-07-20,,,1,ENDPOINT_SEMANTICS,0.0,0.0,0.0,12368.0
UNQ0173,POINT_DATE,30765727085936322,IRO1JAMD0001,فجام,2015-07-19,,,2,ENDPOINT_SEMANTICS,0.0,0.0,0.0,11760.0
UNQ0174,POINT_DATE,30765727085936322,IRO1JAMD0001,فجام,2016-07-18,,,1,ENDPOINT_SEMANTICS,0.0,0.0,0.0,25661.0
UNQ0175,POINT_DATE,30765727085936322,IRO1JAMD0001,فجام,2016-07-19,,,1,ENDPOINT_SEMANTICS,0.0,0.0,0.0,25661.0
UNQ0176,POINT_DATE,30765727085936322,IRO1JAMD0001,فجام,2018-07-18,,,1,BOTH,0.0,0.0,0.0,7497.0
UNQ0177,POINT_DATE,30765727085936322,IRO1JAMD0001,فجام,2020-07-18,,,1,ENDPOINT_SEMANTICS,0.0,0.0,0.0,69210.0
UNQ0178,POINT_DATE,30829203706095076,IRO1STEH0001,ستران,2015-07-19,,,2,ENDPOINT_SEMANTICS,0.0,0.0,0.0,2099.0
UNQ0179,POINT_DATE,30829203706095076,IRO1STEH0001,ستران,2017-07-18,,,1,ENDPOINT_SEMANTICS,0.0,0.0,0.0,2026.0
UNQ0180,POINT_DATE,30829203706095076,IRO1STEH0001,ستران,2017-07-19,,,1,ENDPOINT_SEMANTICS,0.0,0.0,0.0,2026.0
UNQ0181,POINT_DATE,30829203706095076,IRO1STEH0001,ستران,2018-07-18,,,1,ENDPOINT_SEMANTICS,0.0,0.0,0.0,1288.0
UNQ0182,POINT_DATE,31791737198597563,IRO1SPKH0001,غشان,2015-07-19,,,2,ENDPOINT_SEMANTICS,0.0,0.0,0.0,5164.0
UNQ0183,POINT_DATE,31879190587976736,IRO1MESI0001,خوساز,2013-07-16,,,1,ENDPOINT_SEMANTICS,0.0,0.0,0.0,822.0
UNQ0184,POINT_DATE,31879190587976736,IRO1MESI0001,خوساز,2015-07-19,,,2,ENDPOINT_SEMANTICS,0.0,0.0,0.0,2636.0
UNQ0185,POINT_DATE,31879190587976736,IRO1MESI0001,خوساز,2016-07-19,,,1,ENDPOINT_SEMANTICS,0.0,0.0,0.0,3341.0
UNQ0186,POINT_DATE,31879190587976736,IRO1MESI0001,خوساز,2017-07-18,,,1,ENDPOINT_SEMANTICS,0.0,0.0,0.0,1876.0
UNQ0187,POINT_DATE,31879190587976736,IRO1MESI0001,خوساز,2017-07-19,,,1,ENDPOINT_SEMANTICS,0.0,0.0,0.0,1876.0
UNQ0188,POINT_DATE,32357363984168442,IRO1PJMZ0001,جم,2015-08-08,,,1,ENDPOINT_SEMANTICS,0.0,0.0,0.0,1000.0
UNQ0189,POINT_DATE,32357363984168442,IRO1PJMZ0001,جم,2016-07-18,,,1,ENDPOINT_SEMANTICS,0.0,0.0,0.0,9436.0
UNQ0190,POINT_DATE,32357363984168442,IRO1PJMZ0001,جم,2016-07-19,,,1,ENDPOINT_SEMANTICS,0.0,0.0,0.0,9436.0
UNQ0191,POINT_DATE,32525655729432562,IRO1SBHN0001,سبهان,2013-07-16,,,1,ENDPOINT_SEMANTICS,0.0,0.0,0.0,45580.0
UNQ0192,POINT_DATE,32525655729432562,IRO1SBHN0001,سبهان,2015-07-19,,,2,ENDPOINT_SEMANTICS,0.0,0.0,0.0,24832.0
UNQ0193,POINT_DATE,32525655729432562,IRO1SBHN0001,سبهان,2017-07-18,,,1,ENDPOINT_SEMANTICS,0.0,0.0,0.0,14535.0
UNQ0194,POINT_DATE,32845891587040106,IRO1NSTH0001,ثنوسا,2013-01-19,,,1,ENDPOINT_SEMANTICS,0.0,0.0,0.0,3855.0
UNQ0195,POINT_DATE,33420285433308219,IRO1ZPRS0001,زپارس,2018-05-05,,,1,ENDPOINT_SEMANTICS,0.0,0.0,0.0,1000.0
UNQ0196,POINT_DATE,33420285433308219,IRO1ZPRS0001,زپارس,2019-04-17,,,1,ENDPOINT_SEMANTICS,0.0,0.0,0.0,10243.0
UNQ0197,POINT_DATE,33420285433308219,IRO1ZPRS0001,زپارس,2020-04-15,,,1,ENDPOINT_SEMANTICS,0.0,0.0,0.0,55730.0
UNQ0198,POINT_DATE,33603212156438463,IRO1DDPK0001,دشیمی,2014-07-20,,,1,ENDPOINT_SEMANTICS,0.0,0.0,0.0,6441.0
UNQ0199,POINT_DATE,33603212156438463,IRO1DDPK0001,دشیمی,2015-07-19,,,2,ENDPOINT_SEMANTICS,0.0,0.0,0.0,6305.0
UNQ0200,POINT_DATE,33603212156438463,IRO1DDPK0001,دشیمی,2016-07-18,,,1,ENDPOINT_SEMANTICS,0.0,0.0,0.0,4608.0
UNQ0201,POINT_DATE,33603212156438463,IRO1DDPK0001,دشیمی,2016-07-19,,,1,ENDPOINT_SEMANTICS,0.0,0.0,0.0,4608.0
UNQ0202,POINT_DATE,33603212156438463,IRO1DDPK0001,دشیمی,2017-07-18,,,1,ENDPOINT_SEMANTICS,0.0,0.0,0.0,3048.0
UNQ0203,POINT_DATE,33783140337377394,IRO1CHAR0001,خچرخش,2015-07-19,,,2,ENDPOINT_SEMANTICS,0.0,0.0,0.0,1798.0
UNQ0204,POINT_DATE,33808206014018431,IRO1SMAZ0001,سمازن,2014-07-16,,,1,ENDPOINT_SEMANTICS,0.0,0.0,0.0,20313.0
UNQ0205,POINT_DATE,33808206014018431,IRO1SMAZ0001,سمازن,2014-07-20,,,1,ENDPOINT_SEMANTICS,0.0,0.0,0.0,20313.0
UNQ0206,POINT_DATE,33808206014018431,IRO1SMAZ0001,سمازن,2015-07-19,,,2,ENDPOINT_SEMANTICS,0.0,0.0,0.0,14416.0
UNQ0207,POINT_DATE,33808206014018431,IRO1SMAZ0001,سمازن,2016-04-18,,,1,ENDPOINT_SEMANTICS,0.0,0.0,0.0,14108.0
UNQ0208,POINT_DATE,33808206014018431,IRO1SMAZ0001,سمازن,2016-07-18,,,1,ENDPOINT_SEMANTICS,0.0,0.0,0.0,12744.0
UNQ0209,POINT_DATE,33808206014018431,IRO1SMAZ0001,سمازن,2017-04-18,,,2,ENDPOINT_SEMANTICS,0.0,0.0,0.0,4737.0
UNQ0210,POINT_DATE,33808206014018431,IRO1SMAZ0001,سمازن,2018-04-17,,,1,ENDPOINT_SEMANTICS,0.0,0.0,0.0,2562.0
UNQ0211,POINT_DATE,33808206014018431,IRO1SMAZ0001,سمازن,2018-04-18,,,1,ENDPOINT_SEMANTICS,0.0,0.0,0.0,2562.0
UNQ0212,POINT_DATE,33808206014018431,IRO1SMAZ0001,سمازن,2019-04-15,,,1,ENDPOINT_SEMANTICS,0.0,0.0,0.0,2800.0
UNQ0213,POINT_DATE,33808206014018431,IRO1SMAZ0001,سمازن,2020-04-15,,,1,ENDPOINT_SEMANTICS,0.0,0.0,0.0,10860.0
UNQ0214,POINT_DATE,34890845654517313,IRO1SADB0001,ساربیل,2014-04-19,,,1,ENDPOINT_SEMANTICS,0.0,0.0,0.0,14578.0
UNQ0215,POINT_DATE,34890845654517313,IRO1SADB0001,ساربیل,2015-04-18,,,2,ENDPOINT_SEMANTICS,0.0,0.0,0.0,18244.0
UNQ0216,POINT_DATE,34890845654517313,IRO1SADB0001,ساربیل,2016-04-17,,,1,ENDPOINT_SEMANTICS,0.0,0.0,0.0,16915.0
UNQ0217,POINT_DATE,34890845654517313,IRO1SADB0001,ساربیل,2018-04-17,,,1,ENDPOINT_SEMANTICS,0.0,0.0,0.0,5937.0
UNQ0218,POINT_DATE,34890845654517313,IRO1SADB0001,ساربیل,2018-04-18,,,1,ENDPOINT_SEMANTICS,0.0,0.0,0.0,5937.0
UNQ0219,POINT_DATE,35366681030756042,IRO1PNBA0001,شبندر,2015-07-19,,,2,ENDPOINT_SEMANTICS,0.0,0.0,0.0,5817.0
UNQ0220,POINT_DATE,35366681030756042,IRO1PNBA0001,شبندر,2016-07-19,,,1,ENDPOINT_SEMANTICS,0.0,0.0,0.0,4760.0
UNQ0221,POINT_DATE,35366681030756042,IRO1PNBA0001,شبندر,2017-07-18,,,1,ENDPOINT_SEMANTICS,0.0,0.0,0.0,5153.0
UNQ0222,POINT_DATE,35366681030756042,IRO1PNBA0001,شبندر,2017-07-19,,,1,ENDPOINT_SEMANTICS,0.0,0.0,0.0,5153.0
UNQ0223,POINT_DATE,35366681030756042,IRO1PNBA0001,شبندر,2018-07-18,,,1,ENDPOINT_SEMANTICS,0.0,0.0,0.0,7219.0
UNQ0224,POINT_DATE,35366681030756042,IRO1PNBA0001,شبندر,2019-07-20,,,1,ENDPOINT_SEMANTICS,0.0,0.0,0.0,14941.0
UNQ0225,POINT_DATE,35425587644337450,IRO1MSMI0001,فملی,2015-07-19,,,2,ENDPOINT_SEMANTICS,0.0,0.0,0.0,1837.0
UNQ0226,POINT_DATE,35425587644337450,IRO1MSMI0001,فملی,2016-07-18,,,1,ENDPOINT_SEMANTICS,0.0,0.0,0.0,1397.0
UNQ0227,POINT_DATE,35425587644337450,IRO1MSMI0001,فملی,2016-07-19,,,1,ENDPOINT_SEMANTICS,0.0,0.0,0.0,1344.0
UNQ0228,POINT_DATE,35425587644337450,IRO1MSMI0001,فملی,2017-07-18,,,1,ENDPOINT_SEMANTICS,0.0,0.0,0.0,1884.0
UNQ0229,POINT_DATE,35425587644337450,IRO1MSMI0001,فملی,2017-07-19,,,1,ENDPOINT_SEMANTICS,0.0,0.0,0.0,1884.0
UNQ0230,POINT_DATE,35425587644337450,IRO1MSMI0001,فملی,2019-07-17,,,1,ENDPOINT_SEMANTICS,0.0,0.0,0.0,4269.0
UNQ0231,POINT_DATE,35700344742885862,IRO1GOLG0001,کگل,2015-07-19,,,2,ENDPOINT_SEMANTICS,0.0,0.0,0.0,3041.0
UNQ0232,POINT_DATE,35700344742885862,IRO1GOLG0001,کگل,2017-07-18,,,1,ENDPOINT_SEMANTICS,0.0,0.0,0.0,2000.0
UNQ0233,POINT_DATE,35700344742885862,IRO1GOLG0001,کگل,2017-07-19,,,1,ENDPOINT_SEMANTICS,0.0,0.0,0.0,2000.0
UNQ0234,POINT_DATE,38547060135156069,IRO1AZAB0001,فاذر,2015-07-19,,,2,ENDPOINT_SEMANTICS,0.0,0.0,0.0,2967.0
UNQ0235,POINT_DATE,38547060135156069,IRO1AZAB0001,فاذر,2016-07-19,,,1,ENDPOINT_SEMANTICS,0.0,0.0,0.0,5231.0
UNQ0236,POINT_DATE,38547060135156069,IRO1AZAB0001,فاذر,2017-07-18,,,1,ENDPOINT_SEMANTICS,0.0,0.0,0.0,3042.0
UNQ0237,POINT_DATE,38547060135156069,IRO1AZAB0001,فاذر,2017-07-19,,,1,ENDPOINT_SEMANTICS,0.0,0.0,0.0,3042.0
UNQ0238,POINT_DATE,38547060135156069,IRO1AZAB0001,فاذر,2018-07-17,,,1,ENDPOINT_SEMANTICS,0.0,0.0,0.0,3042.0
UNQ0239,POINT_DATE,38547060135156069,IRO1AZAB0001,فاذر,2018-07-18,,,1,ENDPOINT_SEMANTICS,0.0,0.0,0.0,3042.0
UNQ0240,POINT_DATE,38547060135156069,IRO1AZAB0001,فاذر,2019-07-20,,,1,ENDPOINT_SEMANTICS,0.0,0.0,0.0,4032.0
UNQ0241,POINT_DATE,38547060135156069,IRO1AZAB0001,فاذر,2020-07-18,,,1,ENDPOINT_SEMANTICS,0.0,0.0,0.0,36860.0
UNQ0242,POINT_DATE,39116664428676213,IRO1LEAB0001,شلعاب,2015-07-19,,,2,ENDPOINT_SEMANTICS,0.0,0.0,0.0,1926.0
UNQ0243,POINT_DATE,39116664428676213,IRO1LEAB0001,شلعاب,2019-07-17,,,1,ENDPOINT_SEMANTICS,0.0,0.0,0.0,4494.0
UNQ0244,POINT_DATE,39116664428676213,IRO1LEAB0001,شلعاب,2019-07-20,,,1,ENDPOINT_SEMANTICS,0.0,0.0,0.0,4494.0
UNQ0245,POINT_DATE,40262275031537922,IRO1ROZD0001,دروز,2014-07-16,,,1,ENDPOINT_SEMANTICS,0.0,0.0,0.0,6001.0
UNQ0246,POINT_DATE,40262275031537922,IRO1ROZD0001,دروز,2014-07-20,,,1,ENDPOINT_SEMANTICS,0.0,0.0,0.0,5951.0
UNQ0247,POINT_DATE,40262275031537922,IRO1ROZD0001,دروز,2015-07-19,,,2,ENDPOINT_SEMANTICS,0.0,0.0,0.0,5341.0
UNQ0248,POINT_DATE,40262275031537922,IRO1ROZD0001,دروز,2016-07-18,,,1,ENDPOINT_SEMANTICS,0.0,0.0,0.0,5216.0
UNQ0249,POINT_DATE,40262275031537922,IRO1ROZD0001,دروز,2018-07-18,,,1,ENDPOINT_SEMANTICS,0.0,0.0,0.0,2325.0
UNQ0250,POINT_DATE,40262275031537922,IRO1ROZD0001,دروز,2019-07-17,,,1,ENDPOINT_SEMANTICS,0.0,0.0,0.0,4274.0
UNQ0251,POINT_DATE,40262275031537922,IRO1ROZD0001,دروز,2019-07-20,,,1,ENDPOINT_SEMANTICS,0.0,0.0,0.0,4274.0
UNQ0252,POINT_DATE,40505767672724777,IRO1INFO0001,رانفور,2015-07-19,,,2,ENDPOINT_SEMANTICS,0.0,0.0,0.0,12217.0
UNQ0253,POINT_DATE,40611478183231802,IRO1DODE0001,شدوص,2015-07-19,,,2,ENDPOINT_SEMANTICS,0.0,0.0,0.0,2498.0
UNQ0254,POINT_DATE,40611478183231802,IRO1DODE0001,شدوص,2017-07-18,,,1,ENDPOINT_SEMANTICS,0.0,0.0,0.0,2644.0
UNQ0255,POINT_DATE,40611478183231802,IRO1DODE0001,شدوص,2017-07-19,,,1,ENDPOINT_SEMANTICS,0.0,0.0,0.0,2644.0
UNQ0256,POINT_DATE,40808043719554948,IRO1FAIR0001,فولاژ,2015-07-19,,,2,ENDPOINT_SEMANTICS,0.0,0.0,0.0,1606.0
UNQ0257,POINT_DATE,40808043719554948,IRO1FAIR0001,فولاژ,2016-07-18,,,1,ENDPOINT_SEMANTICS,0.0,0.0,0.0,1594.0
UNQ0258,POINT_DATE,40808043719554948,IRO1FAIR0001,فولاژ,2016-07-19,,,1,ENDPOINT_SEMANTICS,0.0,0.0,0.0,1594.0
UNQ0259,POINT_DATE,40808043719554948,IRO1FAIR0001,فولاژ,2017-07-18,,,1,ENDPOINT_SEMANTICS,0.0,0.0,0.0,1803.0
UNQ0260,POINT_DATE,40808043719554948,IRO1FAIR0001,فولاژ,2017-07-19,,,1,ENDPOINT_SEMANTICS,0.0,0.0,0.0,1803.0
UNQ0261,POINT_DATE,40808043719554948,IRO1FAIR0001,فولاژ,2018-07-17,,,1,ENDPOINT_SEMANTICS,0.0,0.0,0.0,1491.0
UNQ0262,POINT_DATE,40808043719554948,IRO1FAIR0001,فولاژ,2018-07-18,,,1,ENDPOINT_SEMANTICS,0.0,0.0,0.0,1491.0
UNQ0263,POINT_DATE,40808043719554948,IRO1FAIR0001,فولاژ,2019-07-17,,,1,ENDPOINT_SEMANTICS,0.0,0.0,0.0,6177.0
UNQ0264,POINT_DATE,40808043719554948,IRO1FAIR0001,فولاژ,2019-07-20,,,1,ENDPOINT_SEMANTICS,0.0,0.0,0.0,6177.0
UNQ0265,POINT_DATE,40808043719554948,IRO1FAIR0001,فولاژ,2020-07-18,,,1,ENDPOINT_SEMANTICS,0.0,0.0,0.0,37970.0
UNQ0266,POINT_DATE,408934423224097,IRO1FRVR0001,فرآور,2015-07-19,,,2,ENDPOINT_SEMANTICS,0.0,0.0,0.0,2447.0
UNQ0267,POINT_DATE,41284516796232939,IRO1SHGN0001,سهگمت,2015-05-19,,,1,ENDPOINT_SEMANTICS,0.0,0.0,0.0,3403.0
UNQ0268,POINT_DATE,41284516796232939,IRO1SHGN0001,سهگمت,2019-05-18,,,1,ENDPOINT_SEMANTICS,0.0,0.0,0.0,4020.0
UNQ0269,POINT_DATE,41284516796232939,IRO1SHGN0001,سهگمت,2019-05-19,,,1,ENDPOINT_SEMANTICS,0.0,0.0,0.0,4020.0
UNQ0270,POINT_DATE,41302553376174581,IRO1FAJR0001,فجر,2015-07-19,,,2,ENDPOINT_SEMANTICS,0.0,0.0,0.0,11140.0
UNQ0271,POINT_DATE,41302553376174581,IRO1FAJR0001,فجر,2016-07-18,,,1,ENDPOINT_SEMANTICS,0.0,0.0,0.0,6853.0
UNQ0272,POINT_DATE,41302553376174581,IRO1FAJR0001,فجر,2016-07-19,,,1,ENDPOINT_SEMANTICS,0.0,0.0,0.0,6853.0
UNQ0273,POINT_DATE,41302553376174581,IRO1FAJR0001,فجر,2017-07-18,,,1,ENDPOINT_SEMANTICS,0.0,0.0,0.0,11051.0
UNQ0274,POINT_DATE,41974758296041288,IRO1KHOC0001,سخوز,2015-07-19,,,1,ENDPOINT_SEMANTICS,0.0,0.0,0.0,3400.0
UNQ0275,POINT_DATE,42075223783409640,IRO1AZIN0001,خاذین,2015-07-19,,,2,ENDPOINT_SEMANTICS,0.0,0.0,0.0,3896.0
UNQ0276,POINT_DATE,42075223783409640,IRO1AZIN0001,خاذین,2016-07-18,,,1,ENDPOINT_SEMANTICS,0.0,0.0,0.0,971.0
UNQ0277,POINT_DATE,42075223783409640,IRO1AZIN0001,خاذین,2016-07-19,,,1,ENDPOINT_SEMANTICS,0.0,0.0,0.0,971.0
UNQ0278,POINT_DATE,42075223783409640,IRO1AZIN0001,خاذین,2019-07-17,,,1,ENDPOINT_SEMANTICS,0.0,0.0,0.0,2603.0
UNQ0279,POINT_DATE,42075223783409640,IRO1AZIN0001,خاذین,2019-07-20,,,1,ENDPOINT_SEMANTICS,0.0,0.0,0.0,2603.0
UNQ0280,POINT_DATE,43062880954780884,IRO1PIRN0001,تپمپی,2013-10-21,,,1,ENDPOINT_SEMANTICS,0.0,0.0,0.0,3274.0
UNQ0281,POINT_DATE,43062880954780884,IRO1PIRN0001,تپمپی,2014-10-21,,,2,ENDPOINT_SEMANTICS,0.0,0.0,0.0,3869.0
UNQ0282,POINT_DATE,43062880954780884,IRO1PIRN0001,تپمپی,2015-10-19,,,1,ENDPOINT_SEMANTICS,0.0,0.0,0.0,3375.0
UNQ0283,POINT_DATE,43062880954780884,IRO1PIRN0001,تپمپی,2015-10-21,,,1,ENDPOINT_SEMANTICS,0.0,0.0,0.0,3175.0
UNQ0284,POINT_DATE,43062880954780884,IRO1PIRN0001,تپمپی,2016-10-19,,,1,ENDPOINT_SEMANTICS,0.0,0.0,0.0,3204.0
UNQ0285,POINT_DATE,43062880954780884,IRO1PIRN0001,تپمپی,2016-10-22,,,1,ENDPOINT_SEMANTICS,0.0,0.0,0.0,3054.0
UNQ0286,POINT_DATE,43062880954780884,IRO1PIRN0001,تپمپی,2019-10-21,,,1,ENDPOINT_SEMANTICS,0.0,0.0,0.0,11001.0
UNQ0287,POINT_DATE,43256212620530446,IRO1BAFG0001,کبافق,2014-07-16,,,1,ENDPOINT_SEMANTICS,0.0,0.0,0.0,20544.0
UNQ0288,POINT_DATE,43256212620530446,IRO1BAFG0001,کبافق,2014-07-20,,,1,ENDPOINT_SEMANTICS,0.0,0.0,0.0,20544.0
UNQ0289,POINT_DATE,43256212620530446,IRO1BAFG0001,کبافق,2015-07-19,,,2,ENDPOINT_SEMANTICS,0.0,0.0,0.0,2963.0
UNQ0290,POINT_DATE,43256212620530446,IRO1BAFG0001,کبافق,2017-07-18,,,1,ENDPOINT_SEMANTICS,0.0,0.0,0.0,12816.0
UNQ0291,POINT_DATE,43256212620530446,IRO1BAFG0001,کبافق,2017-07-19,,,1,ENDPOINT_SEMANTICS,0.0,0.0,0.0,12816.0
UNQ0292,POINT_DATE,43256212620530446,IRO1BAFG0001,کبافق,2019-07-17,,,1,ENDPOINT_SEMANTICS,0.0,0.0,0.0,50331.0
UNQ0293,POINT_DATE,43362635835198978,IRO1HWEB0001,های وب,2017-08-27,,,1,ENDPOINT_SEMANTICS,0.0,0.0,0.0,1000.0
UNQ0294,POINT_DATE,43362635835198978,IRO1HWEB0001,های وب,2018-07-17,,,1,ENDPOINT_SEMANTICS,0.0,0.0,0.0,5980.0
UNQ0295,POINT_DATE,43362635835198978,IRO1HWEB0001,های وب,2018-07-18,,,1,ENDPOINT_SEMANTICS,0.0,0.0,0.0,5980.0
UNQ0296,POINT_DATE,43362635835198978,IRO1HWEB0001,های وب,2019-07-17,,,1,ENDPOINT_SEMANTICS,0.0,0.0,0.0,6933.0
UNQ0297,POINT_DATE,43362635835198978,IRO1HWEB0001,های وب,2019-07-20,,,1,ENDPOINT_SEMANTICS,0.0,0.0,0.0,6933.0
UNQ0298,POINT_DATE,43545527030854340,IRO1KVIR0001,کویر,2019-09-24,,,1,ENDPOINT_SEMANTICS,0.0,0.0,0.0,1000.0
UNQ0299,POINT_DATE,43622578471330344,IRO1DSOB0001,دسبحا,2013-07-16,,,1,ENDPOINT_SEMANTICS,0.0,0.0,0.0,5434.0
UNQ0300,POINT_DATE,43622578471330344,IRO1DSOB0001,دسبحا,2015-07-19,,,2,ENDPOINT_SEMANTICS,0.0,0.0,0.0,7131.0
UNQ0301,POINT_DATE,43781018754867729,IRO1SHFS0001,شفارس,2014-07-20,,,1,ENDPOINT_SEMANTICS,0.0,0.0,0.0,4682.0
UNQ0302,POINT_DATE,43781018754867729,IRO1SHFS0001,شفارس,2015-07-19,,,2,ENDPOINT_SEMANTICS,0.0,0.0,0.0,4968.0
UNQ0303,POINT_DATE,4470657233334072,IRO1SKHS0001,سخاش,2015-07-19,,,2,BOTH,0.0,0.0,0.0,6539.0
UNQ0304,POINT_DATE,4470657233334072,IRO1SKHS0001,سخاش,2016-07-18,,,1,BOTH,0.0,0.0,0.0,6754.0
UNQ0305,POINT_DATE,4470657233334072,IRO1SKHS0001,سخاش,2017-07-18,,,1,BOTH,0.0,0.0,0.0,8253.0
UNQ0306,POINT_DATE,4470657233334072,IRO1SKHS0001,سخاش,2017-07-19,,,1,BOTH,0.0,0.0,0.0,8253.0
UNQ0307,POINT_DATE,4470657233334072,IRO1SKHS0001,سخاش,2018-07-17,,,1,ENDPOINT_SEMANTICS,0.0,0.0,0.0,9156.0
UNQ0308,POINT_DATE,4470657233334072,IRO1SKHS0001,سخاش,2018-07-18,,,1,ENDPOINT_SEMANTICS,0.0,0.0,0.0,9156.0
UNQ0309,POINT_DATE,4563413583000719,IRO1SDAB0001,ساراب,2015-07-19,,,2,ENDPOINT_SEMANTICS,0.0,0.0,0.0,1384.0
UNQ0310,POINT_DATE,4563413583000719,IRO1SDAB0001,ساراب,2016-07-18,,,1,ENDPOINT_SEMANTICS,0.0,0.0,0.0,1078.0
UNQ0311,POINT_DATE,4563413583000719,IRO1SDAB0001,ساراب,2017-07-18,,,1,ENDPOINT_SEMANTICS,0.0,0.0,0.0,1390.0
UNQ0312,POINT_DATE,4563413583000719,IRO1SDAB0001,ساراب,2017-07-19,,,1,ENDPOINT_SEMANTICS,0.0,0.0,0.0,1330.0
UNQ0313,POINT_DATE,4563413583000719,IRO1SDAB0001,ساراب,2019-07-17,,,1,ENDPOINT_SEMANTICS,0.0,0.0,0.0,3721.0
UNQ0314,POINT_DATE,4563413583000719,IRO1SDAB0001,ساراب,2019-07-20,,,1,ENDPOINT_SEMANTICS,0.0,0.0,0.0,3451.0
UNQ0315,POINT_DATE,45895339414786358,IRO1RINM0001,خرینگ,2015-07-19,,,2,ENDPOINT_SEMANTICS,0.0,0.0,0.0,2306.0
UNQ0316,POINT_DATE,45895339414786358,IRO1RINM0001,خرینگ,2019-07-17,,,1,ENDPOINT_SEMANTICS,0.0,0.0,0.0,4198.0
UNQ0317,POINT_DATE,45895339414786358,IRO1RINM0001,خرینگ,2019-07-20,,,1,ENDPOINT_SEMANTICS,0.0,0.0,0.0,4198.0
UNQ0318,POINT_DATE,46752599569017089,IRO1TRNS0001,بترانس,2014-07-20,,,1,ENDPOINT_SEMANTICS,0.0,0.0,0.0,4791.0
UNQ0319,POINT_DATE,46752599569017089,IRO1TRNS0001,بترانس,2015-07-19,,,2,ENDPOINT_SEMANTICS,0.0,0.0,0.0,8138.0
UNQ0320,POINT_DATE,46752599569017089,IRO1TRNS0001,بترانس,2016-07-18,,,1,ENDPOINT_SEMANTICS,0.0,0.0,0.0,14935.0
UNQ0321,POINT_DATE,46752599569017089,IRO1TRNS0001,بترانس,2016-07-19,,,1,ENDPOINT_SEMANTICS,0.0,0.0,0.0,14935.0
UNQ0322,POINT_DATE,48619517949257749,IRO1NOSH0001,غنوش,2014-07-16,,,1,BOTH,0.0,0.0,0.0,3764.0
UNQ0323,POINT_DATE,48619517949257749,IRO1NOSH0001,غنوش,2014-07-20,,,1,ENDPOINT_SEMANTICS,0.0,0.0,0.0,3764.0
UNQ0324,POINT_DATE,48619517949257749,IRO1NOSH0001,غنوش,2015-07-19,,,2,ENDPOINT_SEMANTICS,0.0,0.0,0.0,4069.0
UNQ0325,POINT_DATE,48619517949257749,IRO1NOSH0001,غنوش,2016-07-18,,,1,ENDPOINT_SEMANTICS,0.0,0.0,0.0,3813.0
UNQ0326,POINT_DATE,48619517949257749,IRO1NOSH0001,غنوش,2016-07-19,,,1,ENDPOINT_SEMANTICS,0.0,0.0,0.0,3813.0
UNQ0327,POINT_DATE,48619517949257749,IRO1NOSH0001,غنوش,2017-07-18,,,1,ENDPOINT_SEMANTICS,0.0,0.0,0.0,3678.0
UNQ0328,POINT_DATE,48619517949257749,IRO1NOSH0001,غنوش,2017-07-19,,,1,ENDPOINT_SEMANTICS,0.0,0.0,0.0,3678.0
UNQ0329,POINT_DATE,48619517949257749,IRO1NOSH0001,غنوش,2018-07-18,,,1,ENDPOINT_SEMANTICS,0.0,0.0,0.0,3319.0
UNQ0330,POINT_DATE,48753732042176709,IRO1PNTB0001,شبریز,2015-07-19,,,2,ENDPOINT_SEMANTICS,0.0,0.0,0.0,9373.0
UNQ0331,POINT_DATE,48753732042176709,IRO1PNTB0001,شبریز,2016-07-19,,,1,ENDPOINT_SEMANTICS,0.0,0.0,0.0,3826.0
UNQ0332,POINT_DATE,48753732042176709,IRO1PNTB0001,شبریز,2017-07-18,,,1,ENDPOINT_SEMANTICS,0.0,0.0,0.0,4733.0
UNQ0333,POINT_DATE,48753732042176709,IRO1PNTB0001,شبریز,2017-07-19,,,1,ENDPOINT_SEMANTICS,0.0,0.0,0.0,4733.0
UNQ0334,POINT_DATE,5054819322815158,IRO1MAGS0001,زمگسا,2015-07-19,,,2,ENDPOINT_SEMANTICS,0.0,0.0,0.0,27074.0
UNQ0335,POINT_DATE,5054819322815158,IRO1MAGS0001,زمگسا,2017-07-19,,,1,ENDPOINT_SEMANTICS,0.0,0.0,0.0,6754.0
UNQ0336,POINT_DATE,5054819322815158,IRO1MAGS0001,زمگسا,2018-07-18,,,1,ENDPOINT_SEMANTICS,0.0,0.0,0.0,2398.0
UNQ0337,POINT_DATE,52220424531578944,IRO1SGRB0001,سغرب,2015-07-19,,,2,ENDPOINT_SEMANTICS,0.0,0.0,0.0,3884.0
UNQ0338,POINT_DATE,53113471126689455,IRO1KRTI0001,چکارن,2015-07-19,,,2,ENDPOINT_SEMANTICS,0.0,0.0,0.0,2540.0
UNQ0339,POINT_DATE,53113471126689455,IRO1KRTI0001,چکارن,2018-07-18,,,1,ENDPOINT_SEMANTICS,0.0,0.0,0.0,6379.0
UNQ0340,POINT_DATE,53113471126689455,IRO1KRTI0001,چکارن,2019-07-20,,,1,ENDPOINT_SEMANTICS,0.0,0.0,0.0,39161.0
UNQ0341,POINT_DATE,54277068923045214,IRO1SORB0001,فسرب,2015-07-19,,,2,ENDPOINT_SEMANTICS,0.0,0.0,0.0,1160.0
UNQ0342,POINT_DATE,55897939403232751,IRO1SRMA0001,لسرما,2014-07-20,,,1,ENDPOINT_SEMANTICS,0.0,0.0,0.0,2515.0
UNQ0343,POINT_DATE,55897939403232751,IRO1SRMA0001,لسرما,2015-07-19,,,2,ENDPOINT_SEMANTICS,0.0,0.0,0.0,2084.0
UNQ0344,POINT_DATE,55897939403232751,IRO1SRMA0001,لسرما,2016-07-18,,,1,ENDPOINT_SEMANTICS,0.0,0.0,0.0,1779.0
UNQ0345,POINT_DATE,55897939403232751,IRO1SRMA0001,لسرما,2016-07-19,,,1,ENDPOINT_SEMANTICS,0.0,0.0,0.0,1779.0
UNQ0346,POINT_DATE,55897939403232751,IRO1SRMA0001,لسرما,2017-07-18,,,1,ENDPOINT_SEMANTICS,0.0,0.0,0.0,5638.0
UNQ0347,POINT_DATE,55897939403232751,IRO1SRMA0001,لسرما,2017-07-19,,,1,ENDPOINT_SEMANTICS,0.0,0.0,0.0,5638.0
UNQ0348,POINT_DATE,55897939403232751,IRO1SRMA0001,لسرما,2018-07-18,,,1,ENDPOINT_SEMANTICS,0.0,0.0,0.0,2547.0
UNQ0349,POINT_DATE,55897939403232751,IRO1SRMA0001,لسرما,2019-07-17,,,1,ENDPOINT_SEMANTICS,0.0,0.0,0.0,5656.0
UNQ0350,POINT_DATE,55897939403232751,IRO1SRMA0001,لسرما,2019-07-20,,,1,ENDPOINT_SEMANTICS,0.0,0.0,0.0,5516.0
UNQ0351,POINT_DATE,56324206651661881,IRO1NGFO0001,فنورد,2014-07-20,,,1,BOTH,0.0,0.0,0.0,7438.0
UNQ0352,POINT_DATE,56324206651661881,IRO1NGFO0001,فنورد,2015-07-19,,,2,BOTH,0.0,0.0,0.0,3924.0
UNQ0353,POINT_DATE,56324206651661881,IRO1NGFO0001,فنورد,2016-07-19,,,1,BOTH,0.0,0.0,0.0,4813.0
UNQ0354,POINT_DATE,56324206651661881,IRO1NGFO0001,فنورد,2017-07-19,,,1,BOTH,0.0,0.0,0.0,5076.0
UNQ0355,POINT_DATE,56324206651661881,IRO1NGFO0001,فنورد,2018-07-17,,,1,BOTH,0.0,0.0,0.0,7931.0
UNQ0356,POINT_DATE,56324206651661881,IRO1NGFO0001,فنورد,2018-07-18,,,1,BOTH,0.0,0.0,0.0,7931.0
UNQ0357,POINT_DATE,57086055330734195,IRO1TSRZ0001,کرازی,2015-07-19,,,2,ENDPOINT_SEMANTICS,0.0,0.0,0.0,8099.0
UNQ0358,POINT_DATE,57722642338781674,IRO1PLKK0001,پلاسک,2015-07-19,,,2,ENDPOINT_SEMANTICS,0.0,0.0,0.0,1320.0
UNQ0359,POINT_DATE,57722642338781674,IRO1PLKK0001,پلاسک,2016-07-19,,,1,ENDPOINT_SEMANTICS,0.0,0.0,0.0,1681.0
UNQ0360,POINT_DATE,60350996279289099,IRO1KVEH0001,کاوه,2017-07-18,,,1,ENDPOINT_SEMANTICS,0.0,0.0,0.0,1000.0
UNQ0361,POINT_DATE,60350996279289099,IRO1KVEH0001,کاوه,2019-07-20,,,1,ENDPOINT_SEMANTICS,0.0,0.0,0.0,4756.0
UNQ0362,POINT_DATE,60350996279289099,IRO1KVEH0001,کاوه,2020-07-18,,,1,ENDPOINT_SEMANTICS,0.0,0.0,0.0,20010.0
UNQ0363,POINT_DATE,6043384171800349,IRO1PMSZ0001,ثشرق,2014-05-11,,,1,BOTH,0.0,0.0,0.0,1000.0
UNQ0364,POINT_DATE,60610861509165508,IRO1KSHJ0001,حکشتی,2012-10-21,,,1,ENDPOINT_SEMANTICS,0.0,0.0,0.0,991.0
UNQ0365,POINT_DATE,60610861509165508,IRO1KSHJ0001,حکشتی,2013-10-21,,,2,ENDPOINT_SEMANTICS,0.0,0.0,0.0,1746.0
UNQ0366,POINT_DATE,60610861509165508,IRO1KSHJ0001,حکشتی,2014-10-21,,,2,ENDPOINT_SEMANTICS,0.0,0.0,0.0,3588.0
UNQ0367,POINT_DATE,60610861509165508,IRO1KSHJ0001,حکشتی,2015-10-21,,,1,ENDPOINT_SEMANTICS,0.0,0.0,0.0,5582.0
UNQ0368,POINT_DATE,60610861509165508,IRO1KSHJ0001,حکشتی,2016-10-19,,,1,ENDPOINT_SEMANTICS,0.0,0.0,0.0,4905.0
UNQ0369,POINT_DATE,60610861509165508,IRO1KSHJ0001,حکشتی,2016-10-22,,,1,ENDPOINT_SEMANTICS,0.0,0.0,0.0,4905.0
UNQ0370,POINT_DATE,60610861509165508,IRO1KSHJ0001,حکشتی,2017-10-21,,,2,ENDPOINT_SEMANTICS,0.0,0.0,0.0,4261.0
UNQ0371,POINT_DATE,60610861509165508,IRO1KSHJ0001,حکشتی,2019-10-21,,,1,ENDPOINT_SEMANTICS,0.0,0.0,0.0,5827.0
UNQ0372,POINT_DATE,60654872678917533,IRO1SGEN0001,سقاین,2015-07-19,,,2,BOTH,0.0,0.0,0.0,24941.0
UNQ0373,POINT_DATE,6110133418282108,IRO1PARS0001,پارس,2019-07-17,,,1,ENDPOINT_SEMANTICS,0.0,0.0,0.0,49306.0
UNQ0374,POINT_DATE,6110133418282108,IRO1PARS0001,پارس,2019-07-20,,,1,ENDPOINT_SEMANTICS,0.0,0.0,0.0,40006.0
UNQ0375,POINT_DATE,61102694810476197,IRO1BMPS0001,شپارس,2015-01-19,,,2,BOTH,0.0,0.0,0.0,5436.0
UNQ0376,POINT_DATE,61102694810476197,IRO1BMPS0001,شپارس,2016-01-19,,,1,ENDPOINT_SEMANTICS,0.0,0.0,0.0,4721.0
UNQ0377,POINT_DATE,61102694810476197,IRO1BMPS0001,شپارس,2018-01-17,,,1,ENDPOINT_SEMANTICS,0.0,0.0,0.0,1758.0
UNQ0378,POINT_DATE,61102694810476197,IRO1BMPS0001,شپارس,2018-01-20,,,1,ENDPOINT_SEMANTICS,0.0,0.0,0.0,1758.0
UNQ0379,POINT_DATE,62346804681275278,IRO1SGAZ0001,کگاز,2013-07-16,,,1,ENDPOINT_SEMANTICS,0.0,0.0,0.0,5078.0
UNQ0380,POINT_DATE,62346804681275278,IRO1SGAZ0001,کگاز,2014-07-16,,,1,ENDPOINT_SEMANTICS,0.0,0.0,0.0,4746.0
UNQ0381,POINT_DATE,62346804681275278,IRO1SGAZ0001,کگاز,2014-07-20,,,1,ENDPOINT_SEMANTICS,0.0,0.0,0.0,4746.0
UNQ0382,POINT_DATE,62346804681275278,IRO1SGAZ0001,کگاز,2015-07-19,,,2,ENDPOINT_SEMANTICS,0.0,0.0,0.0,3717.0
UNQ0383,POINT_DATE,62346804681275278,IRO1SGAZ0001,کگاز,2019-07-20,,,1,ENDPOINT_SEMANTICS,0.0,0.0,0.0,8218.0
UNQ0384,POINT_DATE,62952165421099192,IRO1KALZ0001,بالبر,2014-01-20,,,1,ENDPOINT_SEMANTICS,0.0,0.0,0.0,2858.0
UNQ0385,POINT_DATE,62952165421099192,IRO1KALZ0001,بالبر,2015-01-19,,,2,ENDPOINT_SEMANTICS,0.0,0.0,0.0,3082.0
UNQ0386,POINT_DATE,62952165421099192,IRO1KALZ0001,بالبر,2017-01-17,,,1,ENDPOINT_SEMANTICS,0.0,0.0,0.0,2756.0
UNQ0387,POINT_DATE,62952165421099192,IRO1KALZ0001,بالبر,2017-01-18,,,1,ENDPOINT_SEMANTICS,0.0,0.0,0.0,2756.0
UNQ0388,POINT_DATE,62952165421099192,IRO1KALZ0001,بالبر,2019-01-19,,,2,ENDPOINT_SEMANTICS,0.0,0.0,0.0,2278.0
UNQ0389,POINT_DATE,63363116407864462,IRO1ASAL0001,لابسا,2015-07-19,,,2,ENDPOINT_SEMANTICS,0.0,0.0,0.0,2381.0
UNQ0390,POINT_DATE,63363116407864462,IRO1ASAL0001,لابسا,2016-07-18,,,1,ENDPOINT_SEMANTICS,0.0,0.0,0.0,2113.0
UNQ0391,POINT_DATE,63363116407864462,IRO1ASAL0001,لابسا,2017-07-18,,,1,ENDPOINT_SEMANTICS,0.0,0.0,0.0,3014.0
UNQ0392,POINT_DATE,63363116407864462,IRO1ASAL0001,لابسا,2018-07-18,,,1,ENDPOINT_SEMANTICS,0.0,0.0,0.0,1866.0
UNQ0393,POINT_DATE,65004959184388996,IRO1ALIR0001,فایرا,2014-07-20,,,1,ENDPOINT_SEMANTICS,0.0,0.0,0.0,4809.0
UNQ0394,POINT_DATE,65004959184388996,IRO1ALIR0001,فایرا,2015-07-19,,,2,ENDPOINT_SEMANTICS,0.0,0.0,0.0,5662.0
UNQ0395,POINT_DATE,65004959184388996,IRO1ALIR0001,فایرا,2016-07-18,,,1,ENDPOINT_SEMANTICS,0.0,0.0,0.0,2828.0
UNQ0396,POINT_DATE,65004959184388996,IRO1ALIR0001,فایرا,2016-07-19,,,1,ENDPOINT_SEMANTICS,0.0,0.0,0.0,2828.0
UNQ0397,POINT_DATE,65004959184388996,IRO1ALIR0001,فایرا,2017-07-18,,,1,ENDPOINT_SEMANTICS,0.0,0.0,0.0,330.0
UNQ0398,POINT_DATE,65004959184388996,IRO1ALIR0001,فایرا,2017-07-19,,,1,ENDPOINT_SEMANTICS,0.0,0.0,0.0,330.0
UNQ0399,POINT_DATE,65321970913593427,IRO1SKOR0001,سکرد,2014-01-18,,,1,ENDPOINT_SEMANTICS,0.0,0.0,0.0,9096.0
UNQ0400,POINT_DATE,65321970913593427,IRO1SKOR0001,سکرد,2014-01-20,,,1,ENDPOINT_SEMANTICS,0.0,0.0,0.0,9096.0
UNQ0401,POINT_DATE,65414507129586385,IRO1KHAZ0001,لخزر,2014-07-20,,,1,ENDPOINT_SEMANTICS,0.0,0.0,0.0,11128.0
UNQ0402,POINT_DATE,65414507129586385,IRO1KHAZ0001,لخزر,2015-07-19,,,2,ENDPOINT_SEMANTICS,0.0,0.0,0.0,6305.0
UNQ0403,POINT_DATE,66295665969375744,IRO1SBOJ0001,سبجنو,2014-07-20,,,1,ENDPOINT_SEMANTICS,0.0,0.0,0.0,5411.0
UNQ0404,POINT_DATE,66295665969375744,IRO1SBOJ0001,سبجنو,2015-07-19,,,2,ENDPOINT_SEMANTICS,0.0,0.0,0.0,3866.0
UNQ0405,POINT_DATE,66295665969375744,IRO1SBOJ0001,سبجنو,2016-07-18,,,1,ENDPOINT_SEMANTICS,0.0,0.0,0.0,2838.0
UNQ0406,POINT_DATE,66450490505950110,IRO1DAML0001,ددام,2015-07-19,,,2,ENDPOINT_SEMANTICS,0.0,0.0,0.0,7251.0
UNQ0407,POINT_DATE,66772024744156373,IRO1BAHN0001,فباهنر,2015-07-19,,,2,ENDPOINT_SEMANTICS,0.0,0.0,0.0,1421.0
UNQ0408,POINT_DATE,66772024744156373,IRO1BAHN0001,فباهنر,2017-07-18,,,1,ENDPOINT_SEMANTICS,0.0,0.0,0.0,4325.0
UNQ0409,POINT_DATE,66772024744156373,IRO1BAHN0001,فباهنر,2017-07-19,,,1,ENDPOINT_SEMANTICS,0.0,0.0,0.0,4325.0
UNQ0410,POINT_DATE,67126881188552864,IRO1MAPN0001,رمپنا,2017-08-21,,,1,ENDPOINT_SEMANTICS,0.0,0.0,0.0,7116.0
UNQ0411,POINT_DATE,67126881188552864,IRO1MAPN0001,رمپنا,2019-08-21,,,1,ENDPOINT_SEMANTICS,0.0,0.0,0.0,8180.0
UNQ0412,POINT_DATE,67206358287598044,IRO1SHMD0001,کهمدا,2015-10-19,,,1,ENDPOINT_SEMANTICS,0.0,0.0,0.0,5465.0
UNQ0413,POINT_DATE,67206358287598044,IRO1SHMD0001,کهمدا,2017-10-21,,,2,ENDPOINT_SEMANTICS,0.0,0.0,0.0,7502.0
UNQ0414,POINT_DATE,67327029014085707,IRO1SKAZ0001,سخزر,2014-07-16,,,1,ENDPOINT_SEMANTICS,0.0,0.0,0.0,5539.0
UNQ0415,POINT_DATE,67327029014085707,IRO1SKAZ0001,سخزر,2015-07-19,,,2,BOTH,0.0,0.0,0.0,4301.0
UNQ0416,POINT_DATE,67327029014085707,IRO1SKAZ0001,سخزر,2018-07-17,,,1,ENDPOINT_SEMANTICS,0.0,0.0,0.0,3657.0
UNQ0417,POINT_DATE,67327029014085707,IRO1SKAZ0001,سخزر,2018-07-18,,,1,ENDPOINT_SEMANTICS,0.0,0.0,0.0,3657.0
UNQ0418,POINT_DATE,68488673556087148,IRO1SPTA0001,فپنتا,2014-07-20,,,1,BOTH,0.0,0.0,0.0,9893.0
UNQ0419,POINT_DATE,68488673556087148,IRO1SPTA0001,فپنتا,2015-07-19,,,2,BOTH,0.0,0.0,0.0,11496.0
UNQ0420,POINT_DATE,68488673556087148,IRO1SPTA0001,فپنتا,2016-07-18,,,1,ENDPOINT_SEMANTICS,0.0,0.0,0.0,15238.0
UNQ0421,POINT_DATE,68488673556087148,IRO1SPTA0001,فپنتا,2017-07-18,,,1,ENDPOINT_SEMANTICS,0.0,0.0,0.0,13886.0
UNQ0422,POINT_DATE,68488673556087148,IRO1SPTA0001,فپنتا,2017-07-19,,,1,ENDPOINT_SEMANTICS,0.0,0.0,0.0,13886.0
UNQ0423,POINT_DATE,68488673556087148,IRO1SPTA0001,فپنتا,2018-07-18,,,1,ENDPOINT_SEMANTICS,0.0,0.0,0.0,14086.0
UNQ0424,POINT_DATE,68488673556087148,IRO1SPTA0001,فپنتا,2020-07-18,,,1,ENDPOINT_SEMANTICS,0.0,0.0,0.0,243200.0
UNQ0425,POINT_DATE,68635710163497089,IRO1HMRZ0001,همراه,2015-07-19,,,1,ENDPOINT_SEMANTICS,0.0,0.0,0.0,26842.0
UNQ0426,POINT_DATE,69090868458637360,IRO1IRDR0001,دیران,2013-07-16,,,1,ENDPOINT_SEMANTICS,0.0,0.0,0.0,7599.0
UNQ0427,POINT_DATE,69090868458637360,IRO1IRDR0001,دیران,2015-07-19,,,2,ENDPOINT_SEMANTICS,0.0,0.0,0.0,5559.0
UNQ0428,POINT_DATE,69090868458637360,IRO1IRDR0001,دیران,2018-07-17,,,1,ENDPOINT_SEMANTICS,0.0,0.0,0.0,1572.0
UNQ0429,POINT_DATE,70219663893822560,IRO1JOSH0001,بکاب,2014-01-20,,,1,ENDPOINT_SEMANTICS,0.0,0.0,0.0,10712.0
UNQ0430,POINT_DATE,70219663893822560,IRO1JOSH0001,بکاب,2015-01-19,,,2,ENDPOINT_SEMANTICS,0.0,0.0,0.0,8490.0
UNQ0431,POINT_DATE,70219663893822560,IRO1JOSH0001,بکاب,2016-01-18,,,1,ENDPOINT_SEMANTICS,0.0,0.0,0.0,8291.0
UNQ0432,POINT_DATE,70219663893822560,IRO1JOSH0001,بکاب,2016-01-19,,,1,ENDPOINT_SEMANTICS,0.0,0.0,0.0,8291.0
UNQ0433,POINT_DATE,70219663893822560,IRO1JOSH0001,بکاب,2017-01-17,,,1,ENDPOINT_SEMANTICS,0.0,0.0,0.0,12351.0
UNQ0434,POINT_DATE,70219663893822560,IRO1JOSH0001,بکاب,2017-01-18,,,1,ENDPOINT_SEMANTICS,0.0,0.0,0.0,12351.0
UNQ0435,POINT_DATE,70219663893822560,IRO1JOSH0001,بکاب,2020-01-19,,,1,ENDPOINT_SEMANTICS,0.0,0.0,0.0,58692.0
UNQ0436,POINT_DATE,70289374539527245,IRO1GHAT0001,ختوقا,2013-07-16,,,1,ENDPOINT_SEMANTICS,0.0,0.0,0.0,1126.0
UNQ0437,POINT_DATE,70289374539527245,IRO1GHAT0001,ختوقا,2015-07-19,,,2,ENDPOINT_SEMANTICS,0.0,0.0,0.0,3241.0
UNQ0438,POINT_DATE,7457232989848872,IRO1TMKH0001,خمحور,2015-07-19,,,2,ENDPOINT_SEMANTICS,0.0,0.0,0.0,1733.0
UNQ0439,POINT_DATE,7711282667602555,IRO1PARK0001,شاراک,2015-07-19,,,2,ENDPOINT_SEMANTICS,0.0,0.0,0.0,5614.0
UNQ0440,POINT_DATE,7745894403636165,IRO1PNES0001,شپنا,2014-07-20,,,1,ENDPOINT_SEMANTICS,0.0,0.0,0.0,11251.0
UNQ0441,POINT_DATE,7745894403636165,IRO1PNES0001,شپنا,2015-07-19,,,2,ENDPOINT_SEMANTICS,0.0,0.0,0.0,6252.0
UNQ0442,POINT_DATE,7745894403636165,IRO1PNES0001,شپنا,2016-07-19,,,1,ENDPOINT_SEMANTICS,0.0,0.0,0.0,2794.0
UNQ0443,POINT_DATE,7745894403636165,IRO1PNES0001,شپنا,2017-07-18,,,1,ENDPOINT_SEMANTICS,0.0,0.0,0.0,3046.0
UNQ0444,POINT_DATE,7745894403636165,IRO1PNES0001,شپنا,2017-07-19,,,1,ENDPOINT_SEMANTICS,0.0,0.0,0.0,3046.0
UNQ0445,POINT_DATE,7745894403636165,IRO1PNES0001,شپنا,2018-07-18,,,1,ENDPOINT_SEMANTICS,0.0,0.0,0.0,4233.0
UNQ0446,POINT_DATE,7745894403636165,IRO1PNES0001,شپنا,2019-07-17,,,1,ENDPOINT_SEMANTICS,0.0,0.0,0.0,11715.0
UNQ0447,POINT_DATE,7745894403636165,IRO1PNES0001,شپنا,2019-07-20,,,1,ENDPOINT_SEMANTICS,0.0,0.0,0.0,10915.0
UNQ0448,POINT_DATE,7745894403636165,IRO1PNES0001,شپنا,2020-07-18,,,1,ENDPOINT_SEMANTICS,0.0,0.0,0.0,37620.0
UNQ0449,POINT_DATE,8977441217024425,IRO1SEPA0001,فسپا,2015-07-19,,,2,ENDPOINT_SEMANTICS,0.0,0.0,0.0,4713.0
UNQ0450,POINT_DATE,8977441217024425,IRO1SEPA0001,فسپا,2016-07-18,,,1,ENDPOINT_SEMANTICS,0.0,0.0,0.0,2805.0
UNQ0451,POINT_DATE,8977441217024425,IRO1SEPA0001,فسپا,2016-07-19,,,1,BOTH,0.0,0.0,0.0,2805.0
UNQ0452,POINT_DATE,8977441217024425,IRO1SEPA0001,فسپا,2017-07-19,,,1,BOTH,0.0,0.0,0.0,2891.0
UNQ0453,POINT_DATE,8977441217024425,IRO1SEPA0001,فسپا,2018-07-17,,,1,ENDPOINT_SEMANTICS,0.0,0.0,0.0,1683.0
UNQ0454,POINT_DATE,8977441217024425,IRO1SEPA0001,فسپا,2018-07-18,,,1,ENDPOINT_SEMANTICS,0.0,0.0,0.0,1683.0
