row_key,ticker,fiscal_year,correction_path,correction_sha256,correction_byte_size,correction_cell_count,correction_payload_verdict,correction_verdict_reason,correction_opinion,correction_opinion_reject,original_path,original_sha256,original_opinion,selected,selected_role,selection_status,selection_note,fields_in_original,fields_in_selected,fields_lost_vs_original,field_loss_reason,decision_rationale
بالبر|1399,بالبر,1399,بالبر.zip!بالبر_۱۳۹۹_۰۶_۳۱_separate_ن-۱۰_صورت‌های مالی سال مالی منتهی به ۱۳۹۹_۰۶_۳۱ (حسابرسی شده)(اصلاحیه).xlsx,0d891ebda4bfca1b51ab8541fb04ed12bad842286b5b21c2cda7a5f5646e2edf,306602,1416,PAYLOAD_SUBSTANTIVE,,UNVERIFIED,NO_AUDITOR_BLOCK_DETECTED,بالبر.zip!بالبر_۱۳۹۹_۰۶_۳۱_separate_ن-۱۰_صورت‌های مالی سال مالی منتهی به ۱۳۹۹_۰۶_۳۱ (حسابرسی شده).xlsx,28dae681d8a4d3da15a1567dc2a7626afc74092276f4d3efdd6f0f6b640cfe74,UNVERIFIED,YES,correction,MATCHED_SEPARATE_CORRECTION_SELECTED,CORRECTION_PAYLOAD_SUBSTANTIVE_SELECTED,fiscal_year_end,fiscal_year_end,,,Correction payload proven substantive; supersedes original. Values absent from it are NOT back-filled from the original.
بکاب|1397,بکاب,1397,بكاب.zip!بكاب_۱۳۹۷_۰۶_۳۱_separate_ن-۱۰_صورت‌های مالی سال مالی منتهی به ۱۳۹۷_۰۶_۳۱ (حسابرسی شده)(اصلاحیه).xlsx,e686beecc5ab31d9550cbd60762e9ca72950e24b00ed04775d26bc8f62922a7d,116728,495,PAYLOAD_SUBSTANTIVE,,UNVERIFIED,NO_AUDITOR_BLOCK_DETECTED,بكاب.zip!بكاب_۱۳۹۷_۰۶_۳۱_separate_ن-۱۰_صورت‌های مالی سال مالی منتهی به ۱۳۹۷_۰۶_۳۱ (حسابرسی شده).xlsx,9dc6c3eefbeec02dbf18e9a1906e08581a92d46108ad6a08c94e63dbc387b08a,UNVERIFIED,YES,correction,MATCHED_SEPARATE_CORRECTION_SELECTED,CORRECTION_PAYLOAD_SUBSTANTIVE_SELECTED,fiscal_year_end,fiscal_year_end,,,Correction payload proven substantive; supersedes original. Values absent from it are NOT back-filled from the original.
بوعلی|1397,بوعلی,1397,بوعلي.zip!بوعلي_۱۳۹۷_۱۲_۲۹_separate_ن-۱۰_صورت‌های مالی سال مالی منتهی به ۱۳۹۷_۱۲_۲۹ (حسابرسی شده)(اصلاحیه).xlsx,601da23c3958146f6910d16c54ba06ad4034dfa355213833c9dcb09607ac15db,116696,495,PAYLOAD_SUBSTANTIVE,,UNVERIFIED,NO_AUDITOR_BLOCK_DETECTED,بوعلي.zip!بوعلي_۱۳۹۷_۱۲_۲۹_separate_ن-۱۰_صورت‌های مالی سال مالی منتهی به ۱۳۹۷_۱۲_۲۹ (حسابرسی شده).xlsx,b68ced719b6db1ceb4519a244d8c1f4d2a08a0dfcf9dd558cb38d8cf608ff743,UNVERIFIED,YES,correction,MATCHED_SEPARATE_CORRECTION_SELECTED,CORRECTION_PAYLOAD_SUBSTANTIVE_SELECTED,fiscal_year_end,fiscal_year_end,,,Correction payload proven substantive; supersedes original. Values absent from it are NOT back-filled from the original.
دشیمی|1393,دشیمی,1393,دشيمي.zip!دشيمي_۱۳۹۳_۱۲_۲۹_separate_ن-۱۰_صورتهای مالی سال مالی منتهی به ۱۳۹۳_۱۲_۲۹ (حسابرسی شده)(اصلاحیه).xlsx,321c617d4c380d4e85ce3cef7361fe0f88b433aae37f2e24d011803d7aa80526,73728,648,PAYLOAD_SUBSTANTIVE,,مقبول,,دشيمي.zip!دشيمي_۱۳۹۳_۱۲_۲۹_separate_ن-۱۰_صورتهای مالی سال مالی منتهی به ۱۳۹۳_۱۲_۲۹ (حسابرسی شده).xlsx,78c9f37235226405d37129f85a9e6dd9d8a0613656d10b350f3f84cef6c11442,مقبول,YES,correction,MATCHED_SEPARATE_CORRECTION_SELECTED,CORRECTION_PAYLOAD_SUBSTANTIVE_SELECTED,fiscal_year_end|auditor_opinion_type|auditor_report_date,fiscal_year_end|auditor_opinion_type|auditor_report_date,,,Correction payload proven substantive; supersedes original. Values absent from it are NOT back-filled from the original.
دسینا|1393,دسینا,1393,دسينا.zip!دسينا_۱۳۹۳_۱۲_۲۹_separate_ن-۱۰_صورتهای مالی سال مالی منتهی به ۱۳۹۳_۱۲_۲۹ (حسابرسی شده)(اصلاحیه).xlsx,9dfef1fd7cfbc81034c6bde4c2302939c574b66a6fa71ebbc31aaf3e037dd57c,73216,634,PAYLOAD_SUBSTANTIVE,,مقبول,,دسينا.zip!دسينا_۱۳۹۳_۱۲_۲۹_separate_ن-۱۰_صورتهای مالی سال مالی منتهی به ۱۳۹۳_۱۲_۲۹ (حسابرسی شده).xlsx,c228198a4486e41ca548b544bebaa1edd9acc8eb541b572693545986cc1e5113,مقبول,YES,correction,MATCHED_SEPARATE_CORRECTION_SELECTED,CORRECTION_PAYLOAD_SUBSTANTIVE_SELECTED,fiscal_year_end|auditor_opinion_type|auditor_report_date,fiscal_year_end|auditor_opinion_type|auditor_report_date,,,Correction payload proven substantive; supersedes original. Values absent from it are NOT back-filled from the original.
دسینا|1396,دسینا,1396,دسينا.zip!دسينا_۱۳۹۶_۱۲_۲۹_separate_ن-۱۰_صورت‌های مالی سال مالی منتهی به ۱۳۹۶_۱۲_۲۹ (حسابرسی شده)(اصلاحیه).xlsx,01ed360e5185a31a15c44d05902f391dc1832c4f7cd7ae1c9bc4a9af62964819,79360,675,PAYLOAD_SUBSTANTIVE,,مقبول,,دسينا.zip!دسينا_۱۳۹۶_۱۲_۲۹_separate_ن-۱۰_صورت‌های مالی سال مالی منتهی به ۱۳۹۶_۱۲_۲۹ (حسابرسی شده).xlsx,6f879fcbf2f665fb1db6a62c01a218aa05d627d257baf323ca29a040b65068b0,مقبول,YES,correction,MATCHED_SEPARATE_CORRECTION_SELECTED,CORRECTION_PAYLOAD_SUBSTANTIVE_SELECTED,fiscal_year_end|auditor_opinion_type|auditor_report_date,fiscal_year_end|auditor_opinion_type|auditor_report_date,,,Correction payload proven substantive; supersedes original. Values absent from it are NOT back-filled from the original.
فرآور|1401,فرآور,1401,فرآور.zip!فرآور_۱۴۰۱_۱۲_۲۹_separate_ن-۱۰_صورت‌های مالی سال مالی منتهی به ۱۴۰۱_۱۲_۲۹ (حسابرسی شده)(اصلاحیه).xlsx,8d3f3be64c7fdec096ec5b892938a3b2890d87095107a0fe8e2812440f704a95,427588,2053,PAYLOAD_SUBSTANTIVE,,UNVERIFIED,NO_AUDITOR_BLOCK_DETECTED,فرآور.zip!فرآور_۱۴۰۱_۱۲_۲۹_separate_ن-۱۰_صورت‌های مالی سال مالی منتهی به ۱۴۰۱_۱۲_۲۹ (حسابرسی شده).xlsx,eee8ac56f7642d2b9255ae1da2fb2e8a1a2f27ca4c88b71f2948832015a3249c,UNVERIFIED,YES,correction,MATCHED_SEPARATE_CORRECTION_SELECTED,CORRECTION_PAYLOAD_SUBSTANTIVE_SELECTED,fiscal_year_end,fiscal_year_end,,,Correction payload proven substantive; supersedes original. Values absent from it are NOT back-filled from the original.
فارس|1399,فارس,1399,فارس.zip!فارس_۱۳۹۹_۰۳_۳۱_separate_ن-۱۰_صورت‌های مالی سال مالی منتهی به ۱۳۹۹_۰۳_۳۱ (حسابرسی شده)(اصلاحیه).xlsx,2910c491672f98165d88b6102b348ca041f1a0477447a871838849f596770ba5,304075,2053,PAYLOAD_SUBSTANTIVE,,UNVERIFIED,NO_AUDITOR_BLOCK_DETECTED,فارس.zip!فارس_۱۳۹۹_۰۳_۳۱_separate_ن-۱۰_صورت‌های مالی سال مالی منتهی به ۱۳۹۹_۰۳_۳۱ (حسابرسی شده).xlsx,786a7103ed7cce6748eb80e197574cf4def26e71dd212b66cedccdbd0f9c96c7,UNVERIFIED,YES,correction,MATCHED_SEPARATE_CORRECTION_SELECTED,CORRECTION_PAYLOAD_SUBSTANTIVE_SELECTED,fiscal_year_end,fiscal_year_end,,,Correction payload proven substantive; supersedes original. Values absent from it are NOT back-filled from the original.
فباهنر|1394,فباهنر,1394,فباهنر.zip!فباهنر_۱۳۹۴_۱۲_۲۹_separate_ن-۱۰_صورت‌های مالی سال مالی منتهی به ۱۳۹۴_۱۲_۲۹ (حسابرسی شده)(اصلاحیه).xlsx,b04ffa6c862c37bd4745f8cb4e81f1e61b50589ad46acecf006617452aa815cb,87040,719,PAYLOAD_SUBSTANTIVE,,مقبول,,فباهنر.zip!فباهنر_۱۳۹۴_۱۲_۲۹_separate_ن-۱۰_صورت‌های مالی سال مالی منتهی به ۱۳۹۴_۱۲_۲۹ (حسابرسی شده).xlsx,7f9be31341cda455e257acb2eb6e10d5cabadf3e02d9a3efb654edb3f7b98723,مقبول,YES,correction,MATCHED_SEPARATE_CORRECTION_SELECTED,CORRECTION_PAYLOAD_SUBSTANTIVE_SELECTED,fiscal_year_end|auditor_opinion_type|auditor_report_date,fiscal_year_end|auditor_opinion_type|auditor_report_date,,,Correction payload proven substantive; supersedes original. Values absent from it are NOT back-filled from the original.
فسپا|1396,فسپا,1396,فسپا.zip!فسپا_۱۳۹۶_۱۲_۲۹_separate_ن-۱۰_صورت‌های مالی سال مالی منتهی به ۱۳۹۶_۱۲_۲۹ (حسابرسی شده)(اصلاحیه).xlsx,c836ccdf0adfc21267cf6549e7b510e25d595ff217d8f0a703aee58bc8995549,80896,664,PAYLOAD_SUBSTANTIVE,,مشروط,,فسپا.zip!فسپا_۱۳۹۶_۱۲_۲۹_separate_ن-۱۰_صورت‌های مالی سال مالی منتهی به ۱۳۹۶_۱۲_۲۹ (حسابرسی شده).xlsx,07b712b693e4f6255e1fc1ff9f411dda068714f1913d97e6228289f65130f89f,مشروط,YES,correction,MATCHED_SEPARATE_CORRECTION_SELECTED,CORRECTION_PAYLOAD_SUBSTANTIVE_SELECTED,fiscal_year_end|auditor_opinion_type|auditor_report_date,fiscal_year_end|auditor_opinion_type|auditor_report_date,,,Correction payload proven substantive; supersedes original. Values absent from it are NOT back-filled from the original.
غسالم|1396,غسالم,1396,غسالم.zip!غسالم_۱۳۹۶_۱۲_۲۹_separate_ن-۱۰_صورت‌های مالی سال مالی منتهی به ۱۳۹۶_۱۲_۲۹ (حسابرسی شده)(اصلاحیه).xlsx,de8d10f780e18c573cef15167f807bcc9edcd3adc20287d993cefc6b1b5831a7,75776,665,PAYLOAD_SUBSTANTIVE,,مقبول,,غسالم.zip!غسالم_۱۳۹۶_۱۲_۲۹_separate_ن-۱۰_صورت‌های مالی سال مالی منتهی به ۱۳۹۶_۱۲_۲۹ (حسابرسی شده).xlsx,88ff155057b42cdb13303e4282d27ac0b5d632b09fb273d01469e85767b0b163,مقبول,YES,correction,MATCHED_SEPARATE_CORRECTION_SELECTED,CORRECTION_PAYLOAD_SUBSTANTIVE_SELECTED,fiscal_year_end|auditor_opinion_type|auditor_report_date,fiscal_year_end|auditor_opinion_type|auditor_report_date,,,Correction payload proven substantive; supersedes original. Values absent from it are NOT back-filled from the original.
فمراد|1399,فمراد,1399,فمراد.zip!فمراد_۱۳۹۹_۱۲_۳۰_separate_ن-۱۰_صورت‌های مالی سال مالی منتهی به ۱۳۹۹_۱۲_۳۰ (حسابرسی شده)(اصلاحیه).xlsx,1e37819ad307e43c26ce0686829080a23b36167d6efe3dfa60d5abd5acd9650c,314608,1490,PAYLOAD_SUBSTANTIVE,,UNVERIFIED,NO_AUDITOR_BLOCK_DETECTED,فمراد.zip!فمراد_۱۳۹۹_۱۲_۳۰_separate_ن-۱۰_صورت‌های مالی سال مالی منتهی به ۱۳۹۹_۱۲_۳۰ (حسابرسی شده).xlsx,0ed1f89ab6e8ee99526b00119a65bea34c3069385985f5cdc1d1339c7a36fa19,UNVERIFIED,YES,correction,MATCHED_SEPARATE_CORRECTION_SELECTED,CORRECTION_PAYLOAD_SUBSTANTIVE_SELECTED,fiscal_year_end,fiscal_year_end,,,Correction payload proven substantive; supersedes original. Values absent from it are NOT back-filled from the original.
فنورد|1400,فنورد,1400,فنورد.zip!فنورد_۱۴۰۰_۱۲_۲۹_separate_ن-۱۰_صورت‌های مالی سال مالی منتهی به ۱۴۰۰_۱۲_۲۹ (حسابرسی شده)(اصلاحیه).xlsx,64c184b37ee4767f97ee207cd261c0c9d0dc17e2486ca4ef4c860c40e679b478,2908,1,PAYLOAD_NON_SUBSTANTIVE,SUSPICIOUS_SMALL_PAYLOAD:2908_bytes,UNVERIFIED,NO_AUDITOR_BLOCK_DETECTED,فنورد.zip!فنورد_۱۴۰۰_۱۲_۲۹_separate_ن-۱۰_صورت‌های مالی سال مالی منتهی به ۱۴۰۰_۱۲_۲۹ (حسابرسی شده).xlsx,d2dd81c6ad20e61e489889efbda57507c72e02913905c0cc32087bd2f3703ce3,UNVERIFIED,NO,original,MATCHED_SEPARATE_CORRECTION_REJECTED_ORIGINAL_RETAINED,CORRECTION_PAYLOAD_INVALID_OR_NON_SUBSTANTIVE_ORIGINAL_RETAINED,fiscal_year_end,fiscal_year_end,,,Correction payload failed the substantive-payload gate; healthy original retained for its own observed fields only.
فسرب|1401,فسرب,1401,فسرب.zip!فسرب_۱۴۰۱_۱۲_۲۹_separate_ن-۱۰_صورت‌های مالی سال مالی منتهی به ۱۴۰۱_۱۲_۲۹ (حسابرسی شده)(اصلاحیه).xlsx,0fc6b257adb5832246b108044b07ca9d78db212a9fa2eb914b93623cc23d4dc7,450544,2198,PAYLOAD_SUBSTANTIVE,,UNVERIFIED,NO_AUDITOR_BLOCK_DETECTED,فسرب.zip!فسرب_۱۴۰۱_۱۲_۲۹_separate_ن-۱۰_صورت‌های مالی سال مالی منتهی به ۱۴۰۱_۱۲_۲۹ (حسابرسی شده).xlsx,39032bf275c8b6280df465cc349e597c907508902c4298475a71b2f36aa37eb2,UNVERIFIED,YES,correction,MATCHED_SEPARATE_CORRECTION_SELECTED,CORRECTION_PAYLOAD_SUBSTANTIVE_SELECTED,fiscal_year_end,fiscal_year_end,,,Correction payload proven substantive; supersedes original. Values absent from it are NOT back-filled from the original.
غگل|1392,غگل,1392,غگل.zip!غگل_۱۳۹۲_۰۶_۳۱_separate_ن-۱۰_صورتهای مالی سال مالی منتهی به ۱۳۹۲_۰۶_۳۱ (حسابرسی شده)(اصلاحیه).xlsx,2bcd2d1dbdeeecdabf0821060ce84d73897948f749d348f35d90a7175cf8449c,81408,742,PAYLOAD_SUBSTANTIVE,,مقبول,,غگل.zip!غگل_۱۳۹۲_۰۶_۳۱_separate_ن-۱۰_صورتهای مالی سال مالی منتهی به ۱۳۹۲_۰۶_۳۱ (حسابرسی شده).xlsx,1f550670123a4b37fd01c97a8f3760848fc4adbcd76030e090a7d9b720de7ac2,مقبول,YES,correction,MATCHED_SEPARATE_CORRECTION_SELECTED,CORRECTION_PAYLOAD_SUBSTANTIVE_SELECTED,fiscal_year_end|auditor_opinion_type|auditor_report_date,fiscal_year_end|auditor_opinion_type|auditor_report_date,,,Correction payload proven substantive; supersedes original. Values absent from it are NOT back-filled from the original.
غنوش|1393,غنوش,1393,غنوش.zip!غنوش_۱۳۹۳_۱۲_۲۹_separate_ن-۱۰_صورتهای مالی سال مالی منتهی به ۱۳۹۳_۱۲_۲۹ (حسابرسی شده)(اصلاحیه).xlsx,ae59402867c32f3116067ecd6aca02bb53014fadfa1f2aa615eb491d85aad5de,74240,642,PAYLOAD_SUBSTANTIVE,,مقبول,,غنوش.zip!غنوش_۱۳۹۳_۱۲_۲۹_separate_ن-۱۰_صورتهای مالی سال مالی منتهی به ۱۳۹۳_۱۲_۲۹ (حسابرسی شده).xlsx,5865b1c7017f8c3ae8e85e170ffe1c5b5b6bcff330bfa929af6e0e04e951f700,مقبول,YES,correction,MATCHED_SEPARATE_CORRECTION_SELECTED,CORRECTION_PAYLOAD_SUBSTANTIVE_SELECTED,fiscal_year_end|auditor_opinion_type|auditor_report_date,fiscal_year_end|auditor_opinion_type|auditor_report_date,,,Correction payload proven substantive; supersedes original. Values absent from it are NOT back-filled from the original.
کفرا|1399,کفرا,1399,كفرا.zip!كفرا_۱۳۹۹_۱۲_۳۰_separate_ن-۱۰_صورت‌های مالی سال مالی منتهی به ۱۳۹۹_۱۲_۳۰ (حسابرسی شده)(اصلاحیه).xlsx,3229f5a34118a0f83e6f70cbdebe5592367a721cdd3c58dd11bf251144690e3c,316134,1508,PAYLOAD_SUBSTANTIVE,,UNVERIFIED,NO_AUDITOR_BLOCK_DETECTED,كفرا.zip!كفرا_۱۳۹۹_۱۲_۳۰_separate_ن-۱۰_صورت‌های مالی سال مالی منتهی به ۱۳۹۹_۱۲_۳۰ (حسابرسی شده).xlsx,01c390967aa3aa965e7bdd1dc69090071b015cf1e36ef9fd8685ca4527f577a1,UNVERIFIED,YES,correction,MATCHED_SEPARATE_CORRECTION_SELECTED,CORRECTION_PAYLOAD_SUBSTANTIVE_SELECTED,fiscal_year_end,fiscal_year_end,,,Correction payload proven substantive; supersedes original. Values absent from it are NOT back-filled from the original.
غشان|1393,غشان,1393,غشان.zip!غشان_۱۳۹۳_۱۲_۲۹_separate_ن-۱۰_صورتهای مالی سال مالی منتهی به ۱۳۹۳_۱۲_۲۹ (حسابرسی شده)(اصلاحیه).xlsx,a3e6053efe06802230a6ab390c5bf01b9127207da92b75e16f4d541485c98a20,82944,731,PAYLOAD_SUBSTANTIVE,,مقبول,,غشان.zip!غشان_۱۳۹۳_۱۲_۲۹_separate_ن-۱۰_صورتهای مالی سال مالی منتهی به ۱۳۹۳_۱۲_۲۹ (حسابرسی شده).xlsx,b69abd5201ea71ed336144abedb85ba6b54811bb72d0ad3b244c08dd6b7c28ec,مقبول,YES,correction,MATCHED_SEPARATE_CORRECTION_SELECTED,CORRECTION_PAYLOAD_SUBSTANTIVE_SELECTED,fiscal_year_end|auditor_opinion_type|auditor_report_date,fiscal_year_end|auditor_opinion_type|auditor_report_date,,,Correction payload proven substantive; supersedes original. Values absent from it are NOT back-filled from the original.
غشان|1395,غشان,1395,غشان.zip!غشان_۱۳۹۵_۱۲_۳۰_separate_ن-۱۰_صورت‌های مالی سال مالی منتهی به ۱۳۹۵_۱۲_۳۰ (حسابرسی شده)(اصلاحیه).xlsx,f427be0ee0d8f0c44939e31398fea02fa97697a72ab2d825056016cc2592f024,88064,781,PAYLOAD_SUBSTANTIVE,,مقبول,,غشان.zip!غشان_۱۳۹۵_۱۲_۳۰_separate_ن-۱۰_صورت‌های مالی سال مالی منتهی به ۱۳۹۵_۱۲_۳۰ (حسابرسی شده).xlsx,b4ef7a23efc8d46be921eb91eaaef07a6d0c7631f79d5baa20e214b859b39595,مقبول,YES,correction,MATCHED_SEPARATE_CORRECTION_SELECTED,CORRECTION_PAYLOAD_SUBSTANTIVE_SELECTED,fiscal_year_end|auditor_opinion_type|auditor_report_date,fiscal_year_end|auditor_opinion_type|auditor_report_date,,,Correction payload proven substantive; supersedes original. Values absent from it are NOT back-filled from the original.
حکشتی|1393,حکشتی,1393,حكشتي.zip!حكشتي_۱۳۹۳_۰۳_۳۱_separate_ن-۱۰_صورتهای مالی سال مالی منتهی به ۱۳۹۳_۰۳_۳۱ (حسابرسی شده)(اصلاحیه).xlsx,1b66c1be3930c53c6cc2b8c32e82e65a7b472223404a7b8b17b8cb6a06063286,62464,314,PAYLOAD_SUBSTANTIVE,,مشروط,,حكشتي.zip!حكشتي_۱۳۹۳_۰۳_۳۱_separate_ن-۱۰_صورتهای مالی سال مالی منتهی به ۱۳۹۳_۰۳_۳۱ (حسابرسی شده).xlsx,e01a08bb61ff9001b6c3c94f85c5608a819b107bd4510d54dc04bba13bbb1795,مشروط,YES,correction,MATCHED_SEPARATE_CORRECTION_SELECTED,CORRECTION_PAYLOAD_SUBSTANTIVE_SELECTED,fiscal_year_end|auditor_opinion_type|auditor_report_date,fiscal_year_end|auditor_opinion_type|auditor_report_date,,,Correction payload proven substantive; supersedes original. Values absent from it are NOT back-filled from the original.
حکشتی|1401,حکشتی,1401,حكشتي.zip!حكشتي_۱۴۰۱_۰۳_۳۱_separate_ن-۱۰_صورت‌های مالی سال مالی منتهی به ۱۴۰۱_۰۳_۳۱ (حسابرسی شده)(اصلاحیه).xlsx,239be6b2c7044f439bb13b2491b0fcc0e13c77091c62b7460724469c0a4ced59,268119,1339,PAYLOAD_SUBSTANTIVE,,UNVERIFIED,NO_AUDITOR_BLOCK_DETECTED,حكشتي.zip!حكشتي_۱۴۰۱_۰۳_۳۱_separate_ن-۱۰_صورت‌های مالی سال مالی منتهی به ۱۴۰۱_۰۳_۳۱ (حسابرسی شده).xlsx,23cbac088e09d25ea8a9adc9c7cf217b6bd68c21093b4f5143da5505e86063a7,UNVERIFIED,YES,correction,MATCHED_SEPARATE_CORRECTION_SELECTED,CORRECTION_PAYLOAD_SUBSTANTIVE_SELECTED,fiscal_year_end,fiscal_year_end,,,Correction payload proven substantive; supersedes original. Values absent from it are NOT back-filled from the original.
جم پیلن|1397,جم پیلن,1397,جم پيلن.zip!جم پيلن_۱۳۹۷_۱۲_۲۹_separate_ن-۱۰_صورت‌های مالی سال مالی منتهی به ۱۳۹۷_۱۲_۲۹ (حسابرسی شده)(اصلاحیه).xlsx,b3ac6cadc797c23f2ee1b3ce9f61e1513f83541e031bbb0632335f339bbdc28f,116340,495,PAYLOAD_SUBSTANTIVE,,UNVERIFIED,NO_AUDITOR_BLOCK_DETECTED,جم پيلن.zip!جم پيلن_۱۳۹۷_۱۲_۲۹_separate_ن-۱۰_صورت‌های مالی سال مالی منتهی به ۱۳۹۷_۱۲_۲۹ (حسابرسی شده).xlsx,e7bf8b4565cea504164d8dac0c9ba82189462a45875828ba8b8063eb50919ddf,UNVERIFIED,YES,correction,MATCHED_SEPARATE_CORRECTION_SELECTED,CORRECTION_PAYLOAD_SUBSTANTIVE_SELECTED,fiscal_year_end,fiscal_year_end,,,Correction payload proven substantive; supersedes original. Values absent from it are NOT back-filled from the original.
جم پیلن|1400,جم پیلن,1400,جم پيلن.zip!جم پيلن_۱۴۰۰_۱۲_۲۹_separate_ن-۱۰_صورت‌های مالی سال مالی منتهی به ۱۴۰۰_۱۲_۲۹ (حسابرسی شده)(اصلاحیه).xlsx,4195aa3003d2f2d401ab3f84dc560c1eec40e2881e5d9a0601085dd1a7ac1173,379606,1750,PAYLOAD_SUBSTANTIVE,,UNVERIFIED,NO_AUDITOR_BLOCK_DETECTED,جم پيلن.zip!جم پيلن_۱۴۰۰_۱۲_۲۹_separate_ن-۱۰_صورت‌های مالی سال مالی منتهی به ۱۴۰۰_۱۲_۲۹ (حسابرسی شده).xlsx,16e8bf1a9ae7488bd422ad94061c9d1ae2c724cb29f060d33035219de7a843d4,UNVERIFIED,YES,correction,MATCHED_SEPARATE_CORRECTION_SELECTED,CORRECTION_PAYLOAD_SUBSTANTIVE_SELECTED,fiscal_year_end,fiscal_year_end,,,Correction payload proven substantive; supersedes original. Values absent from it are NOT back-filled from the original.
کبافق|1400,کبافق,1400,كبافق.zip!كبافق_۱۴۰۰_۱۲_۲۹_separate_ن-۱۰_صورت‌های مالی سال مالی منتهی به ۱۴۰۰_۱۲_۲۹ (حسابرسی شده)(اصلاحیه).xlsx,72a2e28b652adc9bc7a9e2ea2a681f636f48e3e3b7b1d8f1d0bdac21d870b4a6,351054,1570,PAYLOAD_SUBSTANTIVE,,UNVERIFIED,NO_AUDITOR_BLOCK_DETECTED,كبافق.zip!كبافق_۱۴۰۰_۱۲_۲۹_separate_ن-۱۰_صورت‌های مالی سال مالی منتهی به ۱۴۰۰_۱۲_۲۹ (حسابرسی شده).xlsx,df61b328b9ee2939f8889f63bd0f31fca313d0bb80e62c2b692d682e2cbd3a13,UNVERIFIED,YES,correction,MATCHED_SEPARATE_CORRECTION_SELECTED,CORRECTION_PAYLOAD_SUBSTANTIVE_SELECTED,fiscal_year_end,fiscal_year_end,,,Correction payload proven substantive; supersedes original. Values absent from it are NOT back-filled from the original.
کگاز|1393,کگاز,1393,كگاز.zip!كگاز_۱۳۹۳_۱۲_۲۹_separate_ن-۱۰_صورتهای مالی سال مالی منتهی به ۱۳۹۳_۱۲_۲۹ (حسابرسی شده)(اصلاحیه).xlsx,e1592889c67e6f2e5f2c77c0b984081f7a6d9b50264cdb24f0cba1fc431887ce,72192,605,PAYLOAD_SUBSTANTIVE,,مقبول,,كگاز.zip!كگاز_۱۳۹۳_۱۲_۲۹_separate_ن-۱۰_صورتهای مالی سال مالی منتهی به ۱۳۹۳_۱۲_۲۹ (حسابرسی شده).xlsx,12686c3cd1ee480813c7aabca656daa34af050cffe142fa12d594e779ddecc81,مقبول,YES,correction,MATCHED_SEPARATE_CORRECTION_SELECTED,CORRECTION_PAYLOAD_SUBSTANTIVE_SELECTED,fiscal_year_end|auditor_opinion_type|auditor_report_date,fiscal_year_end|auditor_opinion_type|auditor_report_date,,,Correction payload proven substantive; supersedes original. Values absent from it are NOT back-filled from the original.
کگاز|1393,کگاز,1393,كگاز.zip!كگاز_۱۳۹۳_۱۲_۲۹_separate_ن-۱۰_صورت‌های مالی سال مالی منتهی به ۱۳۹۳_۱۲_۲۹ (حسابرسی شده)(اصلاحیه).xlsx,33dedce68d60fa1e4308438bcf3da2ee06035d45261e06f4162ed50c6d50cb0a,72192,605,PAYLOAD_SUBSTANTIVE,,مقبول,,كگاز.zip!كگاز_۱۳۹۳_۱۲_۲۹_separate_ن-۱۰_صورتهای مالی سال مالی منتهی به ۱۳۹۳_۱۲_۲۹ (حسابرسی شده).xlsx,12686c3cd1ee480813c7aabca656daa34af050cffe142fa12d594e779ddecc81,مقبول,NO,correction,MATCHED_SEPARATE_CORRECTION_SELECTED,CORRECTION_PAYLOAD_SUBSTANTIVE_SELECTED,fiscal_year_end|auditor_opinion_type|auditor_report_date,fiscal_year_end|auditor_opinion_type|auditor_report_date,,,Correction payload proven substantive; supersedes original. Values absent from it are NOT back-filled from the original.
خاذین|1395,خاذین,1395,خاذين.zip!خاذين_۱۳۹۵_۱۲_۳۰_separate_ن-۱۰_صورت‌های مالی سال مالی منتهی به ۱۳۹۵_۱۲_۳۰ (حسابرسی شده)(اصلاحیه).xlsx,b253442743cc39e1f8baebc345433ce84ca4dd648414216f1a777e52845d9032,94720,895,PAYLOAD_SUBSTANTIVE,,مشروط,,خاذين.zip!خاذين_۱۳۹۵_۱۲_۳۰_separate_ن-۱۰_صورت‌های مالی سال مالی منتهی به ۱۳۹۵_۱۲_۳۰ (حسابرسی شده).xlsx,a309c48299826778c85e2e3a93ff7854c60ab84f678274fc6989161ffdacddeb,مشروط,YES,correction,MATCHED_SEPARATE_CORRECTION_SELECTED,CORRECTION_PAYLOAD_SUBSTANTIVE_SELECTED,fiscal_year_end|auditor_opinion_type|auditor_report_date,fiscal_year_end|auditor_opinion_type|auditor_report_date,,,Correction payload proven substantive; supersedes original. Values absent from it are NOT back-filled from the original.
خبهمن|1395,خبهمن,1395,خبهمن.zip!خبهمن_۱۳۹۵_۱۲_۳۰_separate_ن-۱۰_صورت‌های مالی سال مالی منتهی به ۱۳۹۵_۱۲_۳۰ (حسابرسی شده)(اصلاحیه).xlsx,85eb5d05ad2bea2999ff36ccf0cc61ae39e99b134475c46787cc5168aacd627e,163840,2026,PAYLOAD_SUBSTANTIVE,,مشروط,,خبهمن.zip!خبهمن_۱۳۹۵_۱۲_۳۰_separate_ن-۱۰_صورت‌های مالی سال مالی منتهی به ۱۳۹۵_۱۲_۳۰ (حسابرسی شده).xlsx,0a285c502b709eab25eeb2ab7693c2cd76384dd5557fc31b9e860837390d64dd,مشروط,YES,correction,MATCHED_SEPARATE_CORRECTION_SELECTED,CORRECTION_PAYLOAD_SUBSTANTIVE_SELECTED,fiscal_year_end|auditor_opinion_type|auditor_report_date,fiscal_year_end|auditor_opinion_type|auditor_report_date,,,Correction payload proven substantive; supersedes original. Values absent from it are NOT back-filled from the original.
خبهمن|1398,خبهمن,1398,خبهمن.zip!خبهمن_۱۳۹۸_۱۲_۲۹_separate_ن-۱۰_صورت‌های مالی سال مالی منتهی به ۱۳۹۸_۱۲_۲۹ (حسابرسی شده)(اصلاحیه).xlsx,1a9ae7f27fc027ef8df8cbdfe4e55428d28429301251641da0905675a966e972,328088,2434,PAYLOAD_SUBSTANTIVE,,UNVERIFIED,NO_AUDITOR_BLOCK_DETECTED,خبهمن.zip!خبهمن_۱۳۹۸_۱۲_۲۹_separate_ن-۱۰_صورت‌های مالی سال مالی منتهی به ۱۳۹۸_۱۲_۲۹ (حسابرسی شده).xlsx,43dbd74cdf53c2fc08e64771486fe3b7cbf45555606d813022955f2574eaeff2,UNVERIFIED,YES,correction,MATCHED_SEPARATE_CORRECTION_SELECTED,CORRECTION_PAYLOAD_SUBSTANTIVE_SELECTED,fiscal_year_end,fiscal_year_end,,,Correction payload proven substantive; supersedes original. Values absent from it are NOT back-filled from the original.
خبهمن|1399,خبهمن,1399,خبهمن.zip!خبهمن_۱۳۹۹_۱۲_۳۰_separate_ن-۱۰_صورت‌های مالی سال مالی منتهی به ۱۳۹۹_۱۲_۳۰ (حسابرسی شده)(اصلاحیه).xlsx,cbad7bacd55fce6a03d6eeb06286df03ef01821dc10fc5d24d15f2fe0f00037c,408414,2258,PAYLOAD_SUBSTANTIVE,,UNVERIFIED,NO_AUDITOR_BLOCK_DETECTED,خبهمن.zip!خبهمن_۱۳۹۹_۱۲_۳۰_separate_ن-۱۰_صورت‌های مالی سال مالی منتهی به ۱۳۹۹_۱۲_۳۰ (حسابرسی شده).xlsx,2379bf176637a53f4c4fb117d7ae4d2d3fa351c004e0782091b79999cefc2e2c,UNVERIFIED,YES,correction,MATCHED_SEPARATE_CORRECTION_SELECTED,CORRECTION_PAYLOAD_SUBSTANTIVE_SELECTED,fiscal_year_end,fiscal_year_end,,,Correction payload proven substantive; supersedes original. Values absent from it are NOT back-filled from the original.
خکمک|1402,خکمک,1402,خكمك.zip!خكمك_۱۴۰۲_۱۲_۲۹_separate_ن-۱۰_صورت‌های مالی سال مالی منتهی به ۱۴۰۲_۱۲_۲۹ (حسابرسی شده)(اصلاحیه).xlsx,19db4fd4f22857d93d7d3ff2f4f17cf330d3dbebfc9a0e75a74f93a9f283aba2,412402,1887,PAYLOAD_SUBSTANTIVE,,UNVERIFIED,NO_AUDITOR_BLOCK_DETECTED,خكمك.zip!خكمك_۱۴۰۲_۱۲_۲۹_separate_ن-۱۰_صورت‌های مالی سال مالی منتهی به ۱۴۰۲_۱۲_۲۹ (حسابرسی شده).xlsx,ce3a1df6d7e2078e160201ab27e90bc7433b71bf4be69c5c5e4a7d7d3c3df5b8,UNVERIFIED,YES,correction,MATCHED_SEPARATE_CORRECTION_SELECTED,CORRECTION_PAYLOAD_SUBSTANTIVE_SELECTED,fiscal_year_end,fiscal_year_end,,,Correction payload proven substantive; supersedes original. Values absent from it are NOT back-filled from the original.
کهمدا|1401,کهمدا,1401,كهمدا.zip!كهمدا_۱۴۰۱_۰۳_۳۱_separate_ن-۱۰_صورت‌های مالی سال مالی منتهی به ۱۴۰۱_۰۳_۳۱ (حسابرسی شده)(اصلاحیه).xlsx,affba1fdb7e55e76469380ecc3fe8fa81d688b32313e70444ad63db2786de34d,442577,2133,PAYLOAD_SUBSTANTIVE,,UNVERIFIED,NO_AUDITOR_BLOCK_DETECTED,كهمدا.zip!كهمدا_۱۴۰۱_۰۳_۳۱_separate_ن-۱۰_صورت‌های مالی سال مالی منتهی به ۱۴۰۱_۰۳_۳۱ (حسابرسی شده).xlsx,317c03be512ed1c84778584e0886a9be466a2b1fee8f5cd0ce9b031523c13d8b,UNVERIFIED,YES,correction,MATCHED_SEPARATE_CORRECTION_SELECTED,CORRECTION_PAYLOAD_SUBSTANTIVE_SELECTED,fiscal_year_end,fiscal_year_end,,,Correction payload proven substantive; supersedes original. Values absent from it are NOT back-filled from the original.
خوساز|1397,خوساز,1397,خوساز.zip!خوساز_۱۳۹۷_۱۲_۲۹_separate_ن-۱۰_صورت‌های مالی سال مالی منتهی به ۱۳۹۷_۱۲_۲۹ (حسابرسی شده)(اصلاحیه).xlsx,e55f8e035de2a3e1162c5ab41f2e6d9cb01005e2908b83ca9d295173dd96f701,116986,495,PAYLOAD_SUBSTANTIVE,,UNVERIFIED,NO_AUDITOR_BLOCK_DETECTED,خوساز.zip!خوساز_۱۳۹۷_۱۲_۲۹_separate_ن-۱۰_صورت‌های مالی سال مالی منتهی به ۱۳۹۷_۱۲_۲۹ (حسابرسی شده).xlsx,aa52fc693ba05caf998210cb91a55f58fd49c95083a4069c642e0bfc7c3c8a30,UNVERIFIED,YES,correction,MATCHED_SEPARATE_CORRECTION_SELECTED,CORRECTION_PAYLOAD_SUBSTANTIVE_SELECTED,fiscal_year_end,fiscal_year_end,,,Correction payload proven substantive; supersedes original. Values absent from it are NOT back-filled from the original.
خوساز|1399,خوساز,1399,خوساز.zip!خوساز_۱۳۹۹_۱۲_۳۰_separate_ن-۱۰_صورت‌های مالی سال مالی منتهی به ۱۳۹۹_۱۲_۳۰ (حسابرسی شده)(اصلاحیه).xlsx,c88ec1bd07630e25c8bb289c5fffe8e44306656507dc2f753aedc8f54240dac5,307923,1440,PAYLOAD_SUBSTANTIVE,,UNVERIFIED,NO_AUDITOR_BLOCK_DETECTED,خوساز.zip!خوساز_۱۳۹۹_۱۲_۳۰_separate_ن-۱۰_صورت‌های مالی سال مالی منتهی به ۱۳۹۹_۱۲_۳۰ (حسابرسی شده).xlsx,75847f91cfd61aa2642fe2f815f01037386f84bac8c142b309558f82baee380b,UNVERIFIED,YES,correction,MATCHED_SEPARATE_CORRECTION_SELECTED,CORRECTION_PAYLOAD_SUBSTANTIVE_SELECTED,fiscal_year_end,fiscal_year_end,,,Correction payload proven substantive; supersedes original. Values absent from it are NOT back-filled from the original.
خرینگ|1402,خرینگ,1402,خرينگ.zip!خرينگ_۱۴۰۲_۱۲_۲۹_separate_ن-۱۰_صورت‌های مالی سال مالی منتهی به ۱۴۰۲_۱۲_۲۹ (حسابرسی شده)(اصلاحیه).xlsx,b9bac8e9c36cb7bb17d4dacc07b0a18fd83db5319e78a55211c0317c36443d99,452580,2206,PAYLOAD_SUBSTANTIVE,,UNVERIFIED,NO_AUDITOR_BLOCK_DETECTED,خرينگ.zip!خرينگ_۱۴۰۲_۱۲_۲۹_separate_ن-۱۰_صورت‌های مالی سال مالی منتهی به ۱۴۰۲_۱۲_۲۹ (حسابرسی شده).xlsx,867b8d3c04748d91b3fac5497e2d682d1e8a2e09c5c10fa8f3424b9f8615c62e,UNVERIFIED,YES,correction,MATCHED_SEPARATE_CORRECTION_SELECTED,CORRECTION_PAYLOAD_SUBSTANTIVE_SELECTED,fiscal_year_end,fiscal_year_end,,,Correction payload proven substantive; supersedes original. Values absent from it are NOT back-filled from the original.
ختوقا|1398,ختوقا,1398,ختوقا.zip!ختوقا_۱۳۹۸_۱۲_۲۹_separate_ن-۱۰_صورت‌های مالی سال مالی منتهی به ۱۳۹۸_۱۲_۲۹ (حسابرسی شده)(اصلاحیه).xlsx,ae14ab28f58473fa1306b6440fbff3b4d6c89d5c95515e037e10060c66166ef9,221420,1038,PAYLOAD_SUBSTANTIVE,,UNVERIFIED,NO_AUDITOR_BLOCK_DETECTED,ختوقا.zip!ختوقا_۱۳۹۸_۱۲_۲۹_separate_ن-۱۰_صورت‌های مالی سال مالی منتهی به ۱۳۹۸_۱۲_۲۹ (حسابرسی شده).xlsx,00b990976acae1a157a2615b0800cf82d7548243630ef8b1807f61f4763d51cd,UNVERIFIED,YES,correction,MATCHED_SEPARATE_CORRECTION_SELECTED,CORRECTION_PAYLOAD_SUBSTANTIVE_SELECTED,fiscal_year_end,fiscal_year_end,,,Correction payload proven substantive; supersedes original. Values absent from it are NOT back-filled from the original.
لخزر|1395,لخزر,1395,لخزر.zip!لخزر_۱۳۹۵_۱۲_۳۰_separate_ن-۱۰_صورت‌های مالی سال مالی منتهی به ۱۳۹۵_۱۲_۳۰ (حسابرسی شده)(اصلاحیه).xlsx,788f129b18cd7ca3a85403d95905186c6ff9bc040639b4bfa321f07056f742f0,80384,673,PAYLOAD_SUBSTANTIVE,,مقبول,,لخزر.zip!لخزر_۱۳۹۵_۱۲_۳۰_separate_ن-۱۰_صورت‌های مالی سال مالی منتهی به ۱۳۹۵_۱۲_۳۰ (حسابرسی شده).xlsx,331fcf7e3a30f50a6fa2a9d44d0a9e412a3cc9f68a3e7539b799b521dc1cc23d,مقبول,YES,correction,MATCHED_SEPARATE_CORRECTION_SELECTED,CORRECTION_PAYLOAD_SUBSTANTIVE_SELECTED,fiscal_year_end|auditor_opinion_type|auditor_report_date,fiscal_year_end|auditor_opinion_type|auditor_report_date,,,Correction payload proven substantive; supersedes original. Values absent from it are NOT back-filled from the original.
پرداخت|1396,پرداخت,1396,پرداخت.zip!پرداخت_۱۳۹۶_۱۲_۲۹_separate_ن-۱۰_صورت‌های مالی سال مالی منتهی به ۱۳۹۶_۱۲_۲۹ (حسابرسی شده)(اصلاحیه).xlsx,60a6cd1e21b92a8343e4c82f5c5e64c8c21c0aeb521fe26641f1b1ff7b06f97f,72704,567,PAYLOAD_SUBSTANTIVE,,مقبول,,پرداخت.zip!پرداخت_۱۳۹۶_۱۲_۲۹_separate_ن-۱۰_صورت‌های مالی سال مالی منتهی به ۱۳۹۶_۱۲_۲۹ (حسابرسی شده).xlsx,85d74f807f0d6c328fb625b84d9d33709b2949052e8b0a71d220838391e5a940,مقبول,YES,correction,MATCHED_SEPARATE_CORRECTION_SELECTED,CORRECTION_PAYLOAD_SUBSTANTIVE_SELECTED,fiscal_year_end|auditor_opinion_type|auditor_report_date,fiscal_year_end|auditor_opinion_type|auditor_report_date,,,Correction payload proven substantive; supersedes original. Values absent from it are NOT back-filled from the original.
پرداخت|1402,پرداخت,1402,پرداخت.zip!پرداخت_۱۴۰۲_۰۹_۳۰_separate_ن-۱۰_صورت‌های مالی سال مالی منتهی به ۱۴۰۲_۰۹_۳۰ (حسابرسی شده)(اصلاحیه).xlsx,185be622ec55c0a27764b24a9b71d39db6fc41fe3535f78a9a6ff4ee52ee696b,295515,1380,PAYLOAD_SUBSTANTIVE,,UNVERIFIED,NO_AUDITOR_BLOCK_DETECTED,پرداخت.zip!پرداخت_۱۴۰۲_۰۹_۳۰_separate_ن-۱۰_صورت‌های مالی سال مالی منتهی به ۱۴۰۲_۰۹_۳۰ (حسابرسی شده).xlsx,f8aa838db5ccee8dea69bc264500533aa1d3af29c207fe8068c2a745ffecb9b4,UNVERIFIED,YES,correction,MATCHED_SEPARATE_CORRECTION_SELECTED,CORRECTION_PAYLOAD_SUBSTANTIVE_SELECTED,fiscal_year_end,fiscal_year_end,,,Correction payload proven substantive; supersedes original. Values absent from it are NOT back-filled from the original.
پارس|1396,پارس,1396,پارس.zip!پارس_۱۳۹۶_۱۲_۲۹_separate_ن-۱۰_صورت‌های مالی سال مالی منتهی به ۱۳۹۶_۱۲_۲۹ (حسابرسی شده)(اصلاحیه).xlsx,72f9ac5b8db5c3ed0b2baf32862ce10cce038273d1e723e9e0174d56990d63b2,83456,702,PAYLOAD_SUBSTANTIVE,,مشروط,,پارس.zip!پارس_۱۳۹۶_۱۲_۲۹_separate_ن-۱۰_صورت‌های مالی سال مالی منتهی به ۱۳۹۶_۱۲_۲۹ (حسابرسی شده).xlsx,4158e79977be90e74085df5ab52c68464bd4495df5c785af107b95a9d75501b4,مشروط,YES,correction,MATCHED_SEPARATE_CORRECTION_SELECTED,CORRECTION_PAYLOAD_SUBSTANTIVE_SELECTED,fiscal_year_end|auditor_opinion_type|auditor_report_date,fiscal_year_end|auditor_opinion_type|auditor_report_date,,,Correction payload proven substantive; supersedes original. Values absent from it are NOT back-filled from the original.
رمپنا|1392,رمپنا,1392,رمپنا.zip!رمپنا_۱۳۹۲_۱۲_۲۹_separate_ن-۱۰_صورتهای مالی سال مالی منتهی به ۱۳۹۲_۱۲_۲۹ (حسابرسی شده)(اصلاحیه).xlsx,46fe793361c2edb7a945b2e00d8f694f6a228b7ef15833d9ba572bb2593aab1c,69632,322,PAYLOAD_SUBSTANTIVE,,مشروط,,رمپنا.zip!رمپنا_۱۳۹۲_۱۲_۲۹_separate_ن-۱۰_صورتهای مالی سال مالی منتهی به ۱۳۹۲_۱۲_۲۹ (حسابرسی شده).xlsx,a5c1685402a1a5e7dddb860914952cc59c2e0ab3d99d9eaa4d251f026cfeb72b,مشروط,YES,correction,MATCHED_SEPARATE_CORRECTION_SELECTED,CORRECTION_PAYLOAD_SUBSTANTIVE_SELECTED,fiscal_year_end|auditor_opinion_type|auditor_report_date,fiscal_year_end|auditor_opinion_type|auditor_report_date,,,Correction payload proven substantive; supersedes original. Values absent from it are NOT back-filled from the original.
سآبیک|1402,سآبیک,1402,سآبيك.zip!سآبيك_۱۴۰۲_۱۲_۲۹_separate_ن-۱۰_صورت‌های مالی سال مالی منتهی به ۱۴۰۲_۱۲_۲۹ (حسابرسی شده)(اصلاحیه).xlsx,af22242283d0c1900d609b4a1022ce34eb31ebcf7962f8363e49257be781e3a6,350398,1579,PAYLOAD_SUBSTANTIVE,,UNVERIFIED,NO_AUDITOR_BLOCK_DETECTED,سآبيك.zip!سآبيك_۱۴۰۲_۱۲_۲۹_separate_ن-۱۰_صورت‌های مالی سال مالی منتهی به ۱۴۰۲_۱۲_۲۹ (حسابرسی شده).xlsx,008cade9057b71e9cbe7439b0be6fc12f2974e6ce644a2c3a1c0f3300fa99703,UNVERIFIED,YES,correction,MATCHED_SEPARATE_CORRECTION_SELECTED,CORRECTION_PAYLOAD_SUBSTANTIVE_SELECTED,fiscal_year_end,fiscal_year_end,,,Correction payload proven substantive; supersedes original. Values absent from it are NOT back-filled from the original.
سبجنو|1397,سبجنو,1397,سبجنو.zip!سبجنو_۱۳۹۷_۱۲_۲۹_separate_ن-۱۰_صورت‌های مالی سال مالی منتهی به ۱۳۹۷_۱۲_۲۹ (حسابرسی شده)(اصلاحیه).xlsx,1e4481a3d38d7c59a8d486d25eecae3c5e225c8689ab9be83f6d15ca4c6d38a9,116435,495,PAYLOAD_SUBSTANTIVE,,UNVERIFIED,NO_AUDITOR_BLOCK_DETECTED,سبجنو.zip!سبجنو_۱۳۹۷_۱۲_۲۹_separate_ن-۱۰_صورت‌های مالی سال مالی منتهی به ۱۳۹۷_۱۲_۲۹ (حسابرسی شده).xlsx,b1fed08b0689f9453e1d3a0ca8548f19a6b32840cef0e3a05a111fdf91da5862,UNVERIFIED,YES,correction,MATCHED_SEPARATE_CORRECTION_SELECTED,CORRECTION_PAYLOAD_SUBSTANTIVE_SELECTED,fiscal_year_end,fiscal_year_end,,,Correction payload proven substantive; supersedes original. Values absent from it are NOT back-filled from the original.
سبجنو|1402,سبجنو,1402,سبجنو.zip!سبجنو_۱۴۰۲_۱۲_۲۹_separate_ن-۱۰_صورت‌های مالی سال مالی منتهی به ۱۴۰۲_۱۲_۲۹ (حسابرسی شده)(اصلاحیه).xlsx,83dfb91b1dce80d9b5ece77e3af2027461611dc26185525baff18f2a278a1306,449997,2177,PAYLOAD_SUBSTANTIVE,,UNVERIFIED,NO_AUDITOR_BLOCK_DETECTED,سبجنو.zip!سبجنو_۱۴۰۲_۱۲_۲۹_separate_ن-۱۰_صورت‌های مالی سال مالی منتهی به ۱۴۰۲_۱۲_۲۹ (حسابرسی شده).xlsx,c7b71e80d42386cecc8e0c4f8d6c4461738f81d94498a9fe33dad7cc433f422d,UNVERIFIED,YES,correction,MATCHED_SEPARATE_CORRECTION_SELECTED,CORRECTION_PAYLOAD_SUBSTANTIVE_SELECTED,fiscal_year_end,fiscal_year_end,,,Correction payload proven substantive; supersedes original. Values absent from it are NOT back-filled from the original.
سخوز|1392,سخوز,1392,سخوز.zip!سخوز_۱۳۹۲_۱۲_۲۹_separate_ن-۱۰_صورتهای مالی سال مالی منتهی به ۱۳۹۲_۱۲_۲۹ (حسابرسی شده)(اصلاحیه).xlsx,b365567569209a5c278de1b1cd8932bc041261ec58ce36764e9e7c3807e7f579,55808,547,PAYLOAD_SUBSTANTIVE,,UNVERIFIED,NO_DECISIVE_OPINION_PARAGRAPH_IN_BLOCK;REFERRAL_TO_ATTACHMENT,سخوز.zip!سخوز_۱۳۹۲_۱۲_۲۹_separate_ن-۱۰_صورتهای مالی سال مالی منتهی به ۱۳۹۲_۱۲_۲۹ (حسابرسی شده).xlsx,130b0763084bb4c99cf31fc17b86ccc5ca8178ff93520fa550592958aeb26b47,مشروط,YES,correction,MATCHED_SEPARATE_CORRECTION_SELECTED,CORRECTION_PAYLOAD_SUBSTANTIVE_SELECTED,fiscal_year_end|auditor_opinion_type|auditor_report_date,fiscal_year_end|auditor_report_date,auditor_opinion_type,auditor_opinion_type:CORRECTION_DEFERS_OPINION_TO_ATTACHMENT_NOT_TRANSFERRED,Correction payload proven substantive; supersedes original. Values absent from it are NOT back-filled from the original.
سخوز|1395,سخوز,1395,سخوز.zip!سخوز_۱۳۹۵_۱۲_۳۰_separate_ن-۱۰_صورت‌های مالی سال مالی منتهی به ۱۳۹۵_۱۲_۳۰ (حسابرسی شده)(اصلاحیه).xlsx,1fba046b8aa74ca115b9533f9c771b165163f3f8371615949648a0f3b4763409,85504,763,PAYLOAD_SUBSTANTIVE,,مشروط,,سخوز.zip!سخوز_۱۳۹۵_۱۲_۳۰_separate_ن-۱۰_صورت‌های مالی سال مالی منتهی به ۱۳۹۵_۱۲_۳۰ (حسابرسی شده).xlsx,6a21a8bc7895e5e2a35553d9f63d64e58611e545f6b1f41e807de6a3304393ea,مشروط,YES,correction,MATCHED_SEPARATE_CORRECTION_SELECTED,CORRECTION_PAYLOAD_SUBSTANTIVE_SELECTED,fiscal_year_end|auditor_opinion_type|auditor_report_date,fiscal_year_end|auditor_opinion_type|auditor_report_date,,,Correction payload proven substantive; supersedes original. Values absent from it are NOT back-filled from the original.
سخزر|1402,سخزر,1402,سخزر.zip!سخزر_۱۴۰۲_۱۲_۲۹_separate_ن-۱۰_صورت‌های مالی سال مالی منتهی به ۱۴۰۲_۱۲_۲۹ (حسابرسی شده)(اصلاحیه).xlsx,55e5e4aebc5b56b2aacd9b1811ed5182257812c6a7ddd6f3b7476b5ac05b5cae,421817,1978,PAYLOAD_SUBSTANTIVE,,UNVERIFIED,NO_AUDITOR_BLOCK_DETECTED,سخزر.zip!سخزر_۱۴۰۲_۱۲_۲۹_separate_ن-۱۰_صورت‌های مالی سال مالی منتهی به ۱۴۰۲_۱۲_۲۹ (حسابرسی شده).xlsx,9b988fa76dedc52e4795d4dc3b96f6647dbc20e3f114bf6dc4d9a3acb45c3a24,UNVERIFIED,YES,correction,MATCHED_SEPARATE_CORRECTION_SELECTED,CORRECTION_PAYLOAD_SUBSTANTIVE_SELECTED,fiscal_year_end,fiscal_year_end,,,Correction payload proven substantive; supersedes original. Values absent from it are NOT back-filled from the original.
سقاین|1393,سقاین,1393,سقاين.zip!سقاين_۱۳۹۳_۱۲_۲۹_separate_ن-۱۰_صورتهای مالی سال مالی منتهی به ۱۳۹۳_۱۲_۲۹ (حسابرسی شده)(اصلاحیه).xlsx,e7dc4ad4603511d948f893067ba55401a5898d0bb40ccf8c3b38d95788c7917e,74240,655,PAYLOAD_SUBSTANTIVE,,مشروط,,سقاين.zip!سقاين_۱۳۹۳_۱۲_۲۹_separate_ن-۱۰_صورتهای مالی سال مالی منتهی به ۱۳۹۳_۱۲_۲۹ (حسابرسی شده).xlsx,a66c1d3459ee1b079fbb9a3c0fd20a7c1f0a056e69015b48c00872d9721e3ba8,UNVERIFIED,YES,correction,MATCHED_SEPARATE_CORRECTION_SELECTED,CORRECTION_PAYLOAD_SUBSTANTIVE_SELECTED,fiscal_year_end|auditor_report_date,fiscal_year_end|auditor_opinion_type|auditor_report_date,,,Correction payload proven substantive; supersedes original. Values absent from it are NOT back-filled from the original.
ساروم|1396,ساروم,1396,ساروم.zip!ساروم_۱۳۹۶_۱۲_۲۹_separate_ن-۱۰_صورت‌های مالی سال مالی منتهی به ۱۳۹۶_۱۲_۲۹ (حسابرسی شده)(اصلاحیه).xlsx,13c3c673c9873db37a0b143988b8c057b91963ad748491caad019fab49249008,80896,716,PAYLOAD_SUBSTANTIVE,,مقبول,,ساروم.zip!ساروم_۱۳۹۶_۱۲_۲۹_separate_ن-۱۰_صورت‌های مالی سال مالی منتهی به ۱۳۹۶_۱۲_۲۹ (حسابرسی شده).xlsx,1d2fcbe072f6fbf10b77570a7d82d2b28e36ee5b414a03befc7f7e3e3e4105d8,مقبول,YES,correction,MATCHED_SEPARATE_CORRECTION_SELECTED,CORRECTION_PAYLOAD_SUBSTANTIVE_SELECTED,fiscal_year_end|auditor_opinion_type|auditor_report_date,fiscal_year_end|auditor_opinion_type|auditor_report_date,,,Correction payload proven substantive; supersedes original. Values absent from it are NOT back-filled from the original.
سبهان|1396,سبهان,1396,سبهان.zip!سبهان_۱۳۹۶_۱۲_۲۹_separate_ن-۱۰_صورت‌های مالی سال مالی منتهی به ۱۳۹۶_۱۲_۲۹ (حسابرسی شده)(اصلاحیه).xlsx,ba9c4be05db9b92be1a8aadb0d8766768eb84fd9b6c0689b48b894c847f0ac94,84992,741,PAYLOAD_SUBSTANTIVE,,مقبول,,سبهان.zip!سبهان_۱۳۹۶_۱۲_۲۹_separate_ن-۱۰_صورت‌های مالی سال مالی منتهی به ۱۳۹۶_۱۲_۲۹ (حسابرسی شده).xlsx,695d6c86e62670761e1d358763bd5b4bac781e2ce511b9c5e8c0e007cf667bcf,مقبول,YES,correction,MATCHED_SEPARATE_CORRECTION_SELECTED,CORRECTION_PAYLOAD_SUBSTANTIVE_SELECTED,fiscal_year_end|auditor_opinion_type|auditor_report_date,fiscal_year_end|auditor_opinion_type|auditor_report_date,,,Correction payload proven substantive; supersedes original. Values absent from it are NOT back-filled from the original.
سدور|1396,سدور,1396,سدور.zip!سدور_۱۳۹۶_۱۲_۲۹_separate_ن-۱۰_صورت‌های مالی سال مالی منتهی به ۱۳۹۶_۱۲_۲۹ (حسابرسی شده)(اصلاحیه).xlsx,7b49a8defe2843e427181948de5eb0f9fab3bfce505242abb7964c33e7670597,92160,721,PAYLOAD_SUBSTANTIVE,,مشروط,,سدور.zip!سدور_۱۳۹۶_۱۲_۲۹_separate_ن-۱۰_صورت‌های مالی سال مالی منتهی به ۱۳۹۶_۱۲_۲۹ (حسابرسی شده).xlsx,7bdf42ce65f924a5102aec0e026d8fd367ba2e126ae91052c30220170da7b2ef,مشروط,YES,correction,MATCHED_SEPARATE_CORRECTION_SELECTED,CORRECTION_PAYLOAD_SUBSTANTIVE_SELECTED,fiscal_year_end|auditor_opinion_type|auditor_report_date,fiscal_year_end|auditor_opinion_type|auditor_report_date,,,Correction payload proven substantive; supersedes original. Values absent from it are NOT back-filled from the original.
سدور|1398,سدور,1398,سدور.zip!سدور_۱۳۹۸_۱۲_۲۹_separate_ن-۱۰_صورت‌های مالی سال مالی منتهی به ۱۳۹۸_۱۲_۲۹ (حسابرسی شده)(اصلاحیه).xlsx,bd366e987d93a3789bdc0eb183e9d211155d08e40d7f81c78beec70ffe69c954,324002,1573,PAYLOAD_SUBSTANTIVE,,UNVERIFIED,NO_AUDITOR_BLOCK_DETECTED,سدور.zip!سدور_۱۳۹۸_۱۲_۲۹_separate_ن-۱۰_صورت‌های مالی سال مالی منتهی به ۱۳۹۸_۱۲_۲۹ (حسابرسی شده).xlsx,8ef5715e6e3fd91b294302dcd6941edb881c0d602125026e3b8ee0b1e5021a0c,UNVERIFIED,YES,correction,MATCHED_SEPARATE_CORRECTION_SELECTED,CORRECTION_PAYLOAD_SUBSTANTIVE_SELECTED,fiscal_year_end,fiscal_year_end,,,Correction payload proven substantive; supersedes original. Values absent from it are NOT back-filled from the original.
تاپیکو|1394,تاپیکو,1394,تاپيكو.zip!تاپيكو_۱۳۹۴_۰۲_۳۱_separate_ن-۱۰_صورت‌های مالی سال مالی منتهی به ۱۳۹۴_۰۲_۳۱ (حسابرسی شده)(اصلاحیه).xlsx,61a1643d092e021e33f17ecf9dd14a83bcf1e8adee94acdfecd82e14ebf72d09,106496,1200,PAYLOAD_SUBSTANTIVE,,مشروط,,تاپيكو.zip!تاپيكو_۱۳۹۴_۰۲_۳۱_separate_ن-۱۰_صورت‌های مالی سال مالی منتهی به ۱۳۹۴_۰۲_۳۱ (حسابرسی شده).xlsx,7877a27fc002400df545579cb061b5daa67615e03e02b21d2550d2649aaeb3c1,مشروط,YES,correction,MATCHED_SEPARATE_CORRECTION_SELECTED,CORRECTION_PAYLOAD_SUBSTANTIVE_SELECTED,fiscal_year_end|auditor_opinion_type|auditor_report_date,fiscal_year_end|auditor_opinion_type|auditor_report_date,,,Correction payload proven substantive; supersedes original. Values absent from it are NOT back-filled from the original.
تپمپی|1394,تپمپی,1394,تپمپي.zip!تپمپي_۱۳۹۴_۰۳_۳۱_separate_ن-۱۰_صورت‌های مالی سال مالی منتهی به ۱۳۹۴_۰۳_۳۱ (حسابرسی شده)(اصلاحیه).xlsx,8147c7b2414c002c57b610d341eeee62cd3acf9feeb73894b7f63af7bd8b6271,95232,1152,PAYLOAD_SUBSTANTIVE,,مشروط,,تپمپي.zip!تپمپي_۱۳۹۴_۰۳_۳۱_separate_ن-۱۰_صورت‌های مالی سال مالی منتهی به ۱۳۹۴_۰۳_۳۱ (حسابرسی شده).xlsx,719a6a59a533c42f6b39f533b10ff86e44b1e23b67b1d42714d65fb6a23629e7,مشروط,YES,correction,MATCHED_SEPARATE_CORRECTION_SELECTED,CORRECTION_PAYLOAD_SUBSTANTIVE_SELECTED,fiscal_year_end|auditor_opinion_type|auditor_report_date,fiscal_year_end|auditor_opinion_type|auditor_report_date,,,Correction payload proven substantive; supersedes original. Values absent from it are NOT back-filled from the original.
وملی|1399,وملی,1399,وملي.zip!وملي_۱۳۹۹_۱۲_۳۰_separate_ن-۱۰_صورت‌های مالی سال مالی منتهی به ۱۳۹۹_۱۲_۳۰ (حسابرسی شده)(اصلاحیه).xlsx,63086eb72a4fc0a9e24aa032534dcd8f35119b91f813f5e1ca516d274df37b7f,184914,803,PAYLOAD_SUBSTANTIVE,,UNVERIFIED,NO_AUDITOR_BLOCK_DETECTED,وملي.zip!وملي_۱۳۹۹_۱۲_۳۰_separate_ن-۱۰_صورت‌های مالی سال مالی منتهی به ۱۳۹۹_۱۲_۳۰ (حسابرسی شده).xlsx,830589d5b6b9f8277e27bfa5dcba5c6b35be7051fe0b0f466349be464a4ab057,UNVERIFIED,YES,correction,MATCHED_SEPARATE_CORRECTION_SELECTED,CORRECTION_PAYLOAD_SUBSTANTIVE_SELECTED,fiscal_year_end,fiscal_year_end,,,Correction payload proven substantive; supersedes original. Values absent from it are NOT back-filled from the original.
وملی|1400,وملی,1400,وملي.zip!وملي_۱۴۰۰_۱۲_۲۹_separate_ن-۱۰_صورت‌های مالی سال مالی منتهی به ۱۴۰۰_۱۲_۲۹ (حسابرسی شده)(اصلاحیه).xlsx,e0e08e874a19e32644138609c85112909df75dc22e2b56f9e7d05786ba87d6f4,184043,776,PAYLOAD_SUBSTANTIVE,,UNVERIFIED,NO_AUDITOR_BLOCK_DETECTED,وملي.zip!وملي_۱۴۰۰_۱۲_۲۹_separate_ن-۱۰_صورت‌های مالی سال مالی منتهی به ۱۴۰۰_۱۲_۲۹ (حسابرسی شده).xlsx,2d0a1c43cd4fdb67f66f7e421e87cd40b17fc32d6b46f53e07e3aeda621b6b0f,UNVERIFIED,YES,correction,MATCHED_SEPARATE_CORRECTION_SELECTED,CORRECTION_PAYLOAD_SUBSTANTIVE_SELECTED,fiscal_year_end,fiscal_year_end,,,Correction payload proven substantive; supersedes original. Values absent from it are NOT back-filled from the original.
وملی|1402,وملی,1402,وملي.zip!وملي_۱۴۰۲_۱۲_۲۹_separate_ن-۱۰_صورت‌های مالی سال مالی منتهی به ۱۴۰۲_۱۲_۲۹ (حسابرسی شده)(اصلاحیه).xlsx,649db9263bffb54ee0c5b66efdda3d7c97c88577b866c19af539583d3cfc0844,222521,969,PAYLOAD_SUBSTANTIVE,,UNVERIFIED,NO_AUDITOR_BLOCK_DETECTED,وملي.zip!وملي_۱۴۰۲_۱۲_۲۹_separate_ن-۱۰_صورت‌های مالی سال مالی منتهی به ۱۴۰۲_۱۲_۲۹ (حسابرسی شده).xlsx,1b5980e233fa07c2bd658835e3de20d59d4afeaa59a2b2099fb2aeb630345971,UNVERIFIED,YES,correction,MATCHED_SEPARATE_CORRECTION_SELECTED,CORRECTION_PAYLOAD_SUBSTANTIVE_SELECTED,fiscal_year_end,fiscal_year_end,,,Correction payload proven substantive; supersedes original. Values absent from it are NOT back-filled from the original.
وکغدیر|1400,وکغدیر,1400,وكغدير.zip!وكغدير_۱۴۰۰_۰۶_۳۱_separate_ن-۱۰_صورت‌های مالی سال مالی منتهی به ۱۴۰۰_۰۶_۳۱ (حسابرسی شده)(اصلاحیه).xlsx,a2e1f44ed21902eb1ac7c41a9430b9077111a3e8e8ac2ca76cce07d488943385,165185,808,PAYLOAD_SUBSTANTIVE,,UNVERIFIED,NO_AUDITOR_BLOCK_DETECTED,وكغدير.zip!وكغدير_۱۴۰۰_۰۶_۳۱_separate_ن-۱۰_صورت‌های مالی سال مالی منتهی به ۱۴۰۰_۰۶_۳۱ (حسابرسی شده).xlsx,1d18799353b4cb76e6dadee2782cc8e800074cbde0a1562f1a0d8542743e581d,UNVERIFIED,YES,correction,MATCHED_SEPARATE_CORRECTION_SELECTED,CORRECTION_PAYLOAD_SUBSTANTIVE_SELECTED,fiscal_year_end,fiscal_year_end,,,Correction payload proven substantive; supersedes original. Values absent from it are NOT back-filled from the original.
زمگسا|1393,زمگسا,1393,زمگسا.zip!زمگسا_۱۳۹۳_۱۲_۲۹_separate_ن-۱۰_صورتهای مالی سال مالی منتهی به ۱۳۹۳_۱۲_۲۹ (حسابرسی شده)(اصلاحیه).xlsx,34039ec1cd0cb883891c6270fd9e2b05dac19564d7226eb38cdb68e7ebef9c8c,73216,620,PAYLOAD_SUBSTANTIVE,,مقبول,,زمگسا.zip!زمگسا_۱۳۹۳_۱۲_۲۹_separate_ن-۱۰_صورتهای مالی سال مالی منتهی به ۱۳۹۳_۱۲_۲۹ (حسابرسی شده).xlsx,6cf6e0a333423860aad28fde89ac3cf22fc479a30bb008202971651eed582063,مقبول,YES,correction,MATCHED_SEPARATE_CORRECTION_SELECTED,CORRECTION_PAYLOAD_SUBSTANTIVE_SELECTED,fiscal_year_end|auditor_opinion_type|auditor_report_date,fiscal_year_end|auditor_opinion_type|auditor_report_date,,,Correction payload proven substantive; supersedes original. Values absent from it are NOT back-filled from the original.
شاراک|1393,شاراک,1393,شاراك.zip!شاراك_۱۳۹۳_۱۲_۲۹_separate_ن-۱۰_صورتهای مالی سال مالی منتهی به ۱۳۹۳_۱۲_۲۹ (حسابرسی شده)(اصلاحیه).xlsx,25bb0f7f1fd8eb53b7780efa2e32dc9030f61fed5eb6ebbdf685f01583044838,97792,862,PAYLOAD_SUBSTANTIVE,,مشروط,,شاراك.zip!شاراك_۱۳۹۳_۱۲_۲۹_separate_ن-۱۰_صورتهای مالی سال مالی منتهی به ۱۳۹۳_۱۲_۲۹ (حسابرسی شده).xlsx,b5ed7e426ec92c368eee7e9c1621e81a45c5747a1239d62884fec1aeac8768f1,مشروط,YES,correction,MATCHED_SEPARATE_CORRECTION_SELECTED,CORRECTION_PAYLOAD_SUBSTANTIVE_SELECTED,fiscal_year_end|auditor_opinion_type|auditor_report_date,fiscal_year_end|auditor_opinion_type|auditor_report_date,,,Correction payload proven substantive; supersedes original. Values absent from it are NOT back-filled from the original.
شکلر|1396,شکلر,1396,شكلر.zip!شكلر_۱۳۹۶_۰۶_۳۱_separate_ن-۱۰_صورت‌های مالی سال مالی منتهی به ۱۳۹۶_۰۶_۳۱ (حسابرسی شده)(اصلاحیه).xlsx,b8254d426a0f07153c7afb6127cee56be2561f5974d6b47dfd1b95ce30ef05dd,87552,786,PAYLOAD_SUBSTANTIVE,,مقبول,,شكلر.zip!شكلر_۱۳۹۶_۰۶_۳۱_separate_ن-۱۰_صورت‌های مالی سال مالی منتهی به ۱۳۹۶_۰۶_۳۱ (حسابرسی شده).xlsx,a7916edc056fa90caa794e619e464e99bc513215c6c0d022bed26d0e66d4be40,مقبول,YES,correction,MATCHED_SEPARATE_CORRECTION_SELECTED,CORRECTION_PAYLOAD_SUBSTANTIVE_SELECTED,fiscal_year_end|auditor_opinion_type|auditor_report_date,fiscal_year_end|auditor_opinion_type|auditor_report_date,,,Correction payload proven substantive; supersedes original. Values absent from it are NOT back-filled from the original.
شکلر|1401,شکلر,1401,شكلر.zip!شكلر_۱۴۰۱_۰۸_۳۰_separate_ن-۱۰_صورت‌های مالی سال مالی منتهی به ۱۴۰۱_۰۸_۳۰ (حسابرسی شده)(اصلاحیه).xlsx,3d0bcc22cca32bda8193e4bd72f82630a9a958b81aebbd4056dcd5364f7b5429,391976,1793,PAYLOAD_SUBSTANTIVE,,UNVERIFIED,NO_AUDITOR_BLOCK_DETECTED,شكلر.zip!شكلر_۱۴۰۱_۰۸_۳۰_separate_ن-۱۰_صورت‌های مالی سال مالی منتهی به ۱۴۰۱_۰۸_۳۰ (حسابرسی شده).xlsx,1ebf69405e8774b3e055b4cd0dac0ac2466583d505e85ffdc9142f2a7d45d7b6,UNVERIFIED,YES,correction,MATCHED_SEPARATE_CORRECTION_SELECTED,CORRECTION_PAYLOAD_SUBSTANTIVE_SELECTED,fiscal_year_end,fiscal_year_end,,,Correction payload proven substantive; supersedes original. Values absent from it are NOT back-filled from the original.
شفارس|1399,شفارس,1399,شفارس.zip!شفارس_۱۳۹۹_۱۲_۳۰_separate_ن-۱۰_صورت‌های مالی سال مالی منتهی به ۱۳۹۹_۱۲_۳۰ (حسابرسی شده)(اصلاحیه).xlsx,1914212540f0b871c289d1e4fed3aae9a710446b96d99cc4d5a3efa92e912a67,299846,1408,PAYLOAD_SUBSTANTIVE,,UNVERIFIED,NO_AUDITOR_BLOCK_DETECTED,شفارس.zip!شفارس_۱۳۹۹_۱۲_۳۰_separate_ن-۱۰_صورت‌های مالی سال مالی منتهی به ۱۳۹۹_۱۲_۳۰ (حسابرسی شده).xlsx,6d6bc3998b6582550bb675b0bf3bdab148672bb43af4777f19335a7f74685825,UNVERIFIED,YES,correction,MATCHED_SEPARATE_CORRECTION_SELECTED,CORRECTION_PAYLOAD_SUBSTANTIVE_SELECTED,fiscal_year_end,fiscal_year_end,,,Correction payload proven substantive; supersedes original. Values absent from it are NOT back-filled from the original.
شغدیر|1396,شغدیر,1396,شغدير.zip!شغدير_۱۳۹۶_۱۲_۲۹_separate_ن-۱۰_صورت‌های مالی سال مالی منتهی به ۱۳۹۶_۱۲_۲۹ (حسابرسی شده)(اصلاحیه).xlsx,3a5aeb8dad082484708bf16b41c0fbdb33c3d08de0ccd225afddaf5c8a74a544,86016,651,PAYLOAD_SUBSTANTIVE,,مشروط,,شغدير.zip!شغدير_۱۳۹۶_۱۲_۲۹_separate_ن-۱۰_صورت‌های مالی سال مالی منتهی به ۱۳۹۶_۱۲_۲۹ (حسابرسی شده).xlsx,6bc045ee6282e7a9afed294bad119649ba09f80d9488a28ffa2ee3e204a04783,مشروط,YES,correction,MATCHED_SEPARATE_CORRECTION_SELECTED,CORRECTION_PAYLOAD_SUBSTANTIVE_SELECTED,fiscal_year_end|auditor_opinion_type|auditor_report_date,fiscal_year_end|auditor_opinion_type|auditor_report_date,,,Correction payload proven substantive; supersedes original. Values absent from it are NOT back-filled from the original.
شپارس|1393,شپارس,1393,شپارس.zip!شپارس_۱۳۹۳_۰۶_۳۱_separate_ن-۱۰_صورتهای مالی سال مالی منتهی به ۱۳۹۳_۰۶_۳۱ (حسابرسی شده)(اصلاحیه).xlsx,e3d1a6f54959a04c8bc756585622d70b4f64b24994a8181d3d279c191058b920,79872,636,PAYLOAD_SUBSTANTIVE,,مشروط,,شپارس.zip!شپارس_۱۳۹۳_۰۶_۳۱_separate_ن-۱۰_صورتهای مالی سال مالی منتهی به ۱۳۹۳_۰۶_۳۱ (حسابرسی شده).xlsx,ce1c0660070b5741ce053cd412fbac946c4020c473553fd460de2f7fe9715123,مشروط,YES,correction,MATCHED_SEPARATE_CORRECTION_SELECTED,CORRECTION_PAYLOAD_SUBSTANTIVE_SELECTED,fiscal_year_end|auditor_opinion_type|auditor_report_date,fiscal_year_end|auditor_opinion_type|auditor_report_date,,,Correction payload proven substantive; supersedes original. Values absent from it are NOT back-filled from the original.
شپارس|1395,شپارس,1395,شپارس.zip!شپارس_۱۳۹۵_۰۶_۳۱_separate_ن-۱۰_صورت‌های مالی سال مالی منتهی به ۱۳۹۵_۰۶_۳۱ (حسابرسی شده)(اصلاحیه).xlsx,01cd0bdbd8a2feb430553bbe9675b7258baba11e6274ae9c50873f3b92b6e909,93696,677,PAYLOAD_SUBSTANTIVE,,مشروط,,شپارس.zip!شپارس_۱۳۹۵_۰۶_۳۱_separate_ن-۱۰_صورت‌های مالی سال مالی منتهی به ۱۳۹۵_۰۶_۳۱ (حسابرسی شده).xlsx,af82d1b6f571e193400339beb3db576387499708862eb713d531aeee0593d6c6,مشروط,YES,correction,MATCHED_SEPARATE_CORRECTION_SELECTED,CORRECTION_PAYLOAD_SUBSTANTIVE_SELECTED,fiscal_year_end|auditor_opinion_type|auditor_report_date,fiscal_year_end|auditor_opinion_type|auditor_report_date,,,Correction payload proven substantive; supersedes original. Values absent from it are NOT back-filled from the original.
سغرب|1396,سغرب,1396,سغرب.zip!سغرب_۱۳۹۶_۱۲_۲۹_separate_ن-۱۰_صورت‌های مالی سال مالی منتهی به ۱۳۹۶_۱۲_۲۹ (حسابرسی شده)(اصلاحیه).xlsx,668178e267756e608bc36fb464457059b3f44d62ecfd0a3126fc0d56c8652ab9,83968,756,PAYLOAD_SUBSTANTIVE,,مقبول,,سغرب.zip!سغرب_۱۳۹۶_۱۲_۲۹_separate_ن-۱۰_صورت‌های مالی سال مالی منتهی به ۱۳۹۶_۱۲_۲۹ (حسابرسی شده).xlsx,75702a7640f93f4ae134efe0be31d77146dbafe11d9bc6263e5bb9649fd9ea82,مقبول,YES,correction,MATCHED_SEPARATE_CORRECTION_SELECTED,CORRECTION_PAYLOAD_SUBSTANTIVE_SELECTED,fiscal_year_end|auditor_opinion_type|auditor_report_date,fiscal_year_end|auditor_opinion_type|auditor_report_date,,,Correction payload proven substantive; supersedes original. Values absent from it are NOT back-filled from the original.
سغرب|1400,سغرب,1400,سغرب.zip!سغرب_۱۴۰۰_۱۲_۲۹_separate_ن-۱۰_صورت‌های مالی سال مالی منتهی به ۱۴۰۰_۱۲_۲۹ (حسابرسی شده)(اصلاحیه).xlsx,4ed39ffa3e447b95e3be42aaadd512c297c5f4d7de56fce5dddaa35c77be3b41,383941,1807,PAYLOAD_SUBSTANTIVE,,UNVERIFIED,NO_AUDITOR_BLOCK_DETECTED,سغرب.zip!سغرب_۱۴۰۰_۱۲_۲۹_separate_ن-۱۰_صورت‌های مالی سال مالی منتهی به ۱۴۰۰_۱۲_۲۹ (حسابرسی شده).xlsx,32560e107347bbbbc69693ad0c7b0507016387b85481805496306f72d0b1e012,UNVERIFIED,YES,correction,MATCHED_SEPARATE_CORRECTION_SELECTED,CORRECTION_PAYLOAD_SUBSTANTIVE_SELECTED,fiscal_year_end,fiscal_year_end,,,Correction payload proven substantive; supersedes original. Values absent from it are NOT back-filled from the original.
سغرب|1402,سغرب,1402,سغرب.zip!سغرب_۱۴۰۲_۱۲_۲۹_separate_ن-۱۰_صورت‌های مالی سال مالی منتهی به ۱۴۰۲_۱۲_۲۹ (حسابرسی شده)(اصلاحیه).xlsx,09f7f804c9b79bf0dc13fe7497f78555331126d3cd7420c866c96a42be4dfeac,453358,2223,PAYLOAD_SUBSTANTIVE,,UNVERIFIED,NO_AUDITOR_BLOCK_DETECTED,سغرب.zip!سغرب_۱۴۰۲_۱۲_۲۹_separate_ن-۱۰_صورت‌های مالی سال مالی منتهی به ۱۴۰۲_۱۲_۲۹ (حسابرسی شده).xlsx,2365d39c7ec8e0991ef6dcd03f062f0a6dcfb99a7b0f1c26bbf800dbba76f7e6,UNVERIFIED,YES,correction,MATCHED_SEPARATE_CORRECTION_SELECTED,CORRECTION_PAYLOAD_SUBSTANTIVE_SELECTED,fiscal_year_end,fiscal_year_end,,,Correction payload proven substantive; supersedes original. Values absent from it are NOT back-filled from the original.
شبندر|1395,شبندر,1395,شبندر.zip!شبندر_۱۳۹۵_۱۲_۳۰_separate_ن-۱۰_صورت‌های مالی سال مالی منتهی به ۱۳۹۵_۱۲_۳۰ (حسابرسی شده)(اصلاحیه).xlsx,d3ca0960834850255ea17babe44399393104aba4a841a42e9360cefa9eea5b93,100352,830,PAYLOAD_SUBSTANTIVE,,مقبول,,شبندر.zip!شبندر_۱۳۹۵_۱۲_۳۰_separate_ن-۱۰_صورت‌های مالی سال مالی منتهی به ۱۳۹۵_۱۲_۳۰ (حسابرسی شده).xlsx,687315a1cbc30070bc3069539dd1dd64f9a136c9d95fb462af3139d1a5f4d893,مقبول,YES,correction,MATCHED_SEPARATE_CORRECTION_SELECTED,CORRECTION_PAYLOAD_SUBSTANTIVE_SELECTED,fiscal_year_end|auditor_opinion_type|auditor_report_date,fiscal_year_end|auditor_opinion_type|auditor_report_date,,,Correction payload proven substantive; supersedes original. Values absent from it are NOT back-filled from the original.
شبندر|1396,شبندر,1396,شبندر.zip!شبندر_۱۳۹۶_۱۲_۲۹_separate_ن-۱۰_صورت‌های مالی سال مالی منتهی به ۱۳۹۶_۱۲_۲۹ (حسابرسی شده)(اصلاحیه).xlsx,e3c9208f60e2838617d6712d876a0778df88853c6a1aed98bcb61145d0c1e599,109568,823,PAYLOAD_SUBSTANTIVE,,مشروط,,شبندر.zip!شبندر_۱۳۹۶_۱۲_۲۹_separate_ن-۱۰_صورت‌های مالی سال مالی منتهی به ۱۳۹۶_۱۲_۲۹ (حسابرسی شده).xlsx,1865470dc641a74456e24d317f3d0dcee84b25e7f808d7c8434bc9790a6fdd66,مشروط,YES,correction,MATCHED_SEPARATE_CORRECTION_SELECTED,CORRECTION_PAYLOAD_SUBSTANTIVE_SELECTED,fiscal_year_end|auditor_opinion_type|auditor_report_date,fiscal_year_end|auditor_opinion_type|auditor_report_date,,,Correction payload proven substantive; supersedes original. Values absent from it are NOT back-filled from the original.
شبندر|1397,شبندر,1397,شبندر.zip!شبندر_۱۳۹۷_۱۲_۲۹_separate_ن-۱۰_صورت‌های مالی سال مالی منتهی به ۱۳۹۷_۱۲_۲۹ (حسابرسی شده)(اصلاحیه).xlsx,983c1a021d53b274be54b6571a44b217ecf2f0b4e722f21c56b5604f72aeef12,117509,495,PAYLOAD_SUBSTANTIVE,,UNVERIFIED,NO_AUDITOR_BLOCK_DETECTED,شبندر.zip!شبندر_۱۳۹۷_۱۲_۲۹_separate_ن-۱۰_صورت‌های مالی سال مالی منتهی به ۱۳۹۷_۱۲_۲۹ (حسابرسی شده).xlsx,f275c01c069d4859a56207f88e18fdaa94e5eeb50e1fb4d6290bbd3a7e72683d,UNVERIFIED,YES,correction,MATCHED_SEPARATE_CORRECTION_SELECTED,CORRECTION_PAYLOAD_SUBSTANTIVE_SELECTED,fiscal_year_end,fiscal_year_end,,,Correction payload proven substantive; supersedes original. Values absent from it are NOT back-filled from the original.
شبندر|1398,شبندر,1398,شبندر.zip!شبندر_۱۳۹۸_۱۲_۲۹_separate_ن-۱۰_صورت‌های مالی سال مالی منتهی به ۱۳۹۸_۱۲_۲۹ (حسابرسی شده)(اصلاحیه).xlsx,d684004b2862c3430f554acb61e7d778075c0396922c42c8350c737efb29929d,357758,1767,PAYLOAD_SUBSTANTIVE,,UNVERIFIED,NO_AUDITOR_BLOCK_DETECTED,شبندر.zip!شبندر_۱۳۹۸_۱۲_۲۹_separate_ن-۱۰_صورت‌های مالی سال مالی منتهی به ۱۳۹۸_۱۲_۲۹ (حسابرسی شده).xlsx,0f57ad6dce6bb470bdbdbedbb02c03052d7f63075dfb08b1fbd9bef83e516960,UNVERIFIED,YES,correction,MATCHED_SEPARATE_CORRECTION_SELECTED,CORRECTION_PAYLOAD_SUBSTANTIVE_SELECTED,fiscal_year_end,fiscal_year_end,,,Correction payload proven substantive; supersedes original. Values absent from it are NOT back-filled from the original.
شبندر|1401,شبندر,1401,شبندر.zip!شبندر_۱۴۰۱_۱۲_۲۹_separate_ن-۱۰_صورت‌های مالی سال مالی منتهی به ۱۴۰۱_۱۲_۲۹ (حسابرسی شده)(اصلاحیه).xlsx,7087fdda3e63f4131c84095e3e60cdb7ad88e67cc16b03f16b897477e498d13d,516326,2621,PAYLOAD_SUBSTANTIVE,,UNVERIFIED,NO_AUDITOR_BLOCK_DETECTED,شبندر.zip!شبندر_۱۴۰۱_۱۲_۲۹_separate_ن-۱۰_صورت‌های مالی سال مالی منتهی به ۱۴۰۱_۱۲_۲۹ (حسابرسی شده).xlsx,a0f88d325cc3d33c5b9fd1ae6477508a61c87840cc46cd4685440ff8ea1898db,UNVERIFIED,YES,correction,MATCHED_SEPARATE_CORRECTION_SELECTED,CORRECTION_PAYLOAD_SUBSTANTIVE_SELECTED,fiscal_year_end,fiscal_year_end,,,Correction payload proven substantive; supersedes original. Values absent from it are NOT back-filled from the original.
شدوص|1393,شدوص,1393,شدوص.zip!شدوص_۱۳۹۳_۱۲_۲۹_separate_ن-۱۰_صورتهای مالی سال مالی منتهی به ۱۳۹۳_۱۲_۲۹ (حسابرسی شده)(اصلاحیه).xlsx,53443d86a9975dcf59c28bbff7ccc967d8c137db6c262d983fc1b3ca43972cfa,69632,583,PAYLOAD_SUBSTANTIVE,,مقبول,,شدوص.zip!شدوص_۱۳۹۳_۱۲_۲۹_separate_ن-۱۰_صورتهای مالی سال مالی منتهی به ۱۳۹۳_۱۲_۲۹ (حسابرسی شده).xlsx,985579c182d48eb4eddfe5ec2d7e55a33e316ebc659503de062ac532aaf7872a,مقبول,YES,correction,MATCHED_SEPARATE_CORRECTION_SELECTED,CORRECTION_PAYLOAD_SUBSTANTIVE_SELECTED,fiscal_year_end|auditor_opinion_type|auditor_report_date,fiscal_year_end|auditor_opinion_type|auditor_report_date,,,Correction payload proven substantive; supersedes original. Values absent from it are NOT back-filled from the original.
شدوص|1394,شدوص,1394,شدوص.zip!شدوص_۱۳۹۴_۱۲_۲۹_separate_ن-۱۰_صورت‌های مالی سال مالی منتهی به ۱۳۹۴_۱۲_۲۹ (حسابرسی شده)(اصلاحیه).xlsx,0197adb789e24248a90b57e739d1d29d1fb98355c7bfaa105531d5ce9cc19e75,72192,584,PAYLOAD_SUBSTANTIVE,,مقبول,,شدوص.zip!شدوص_۱۳۹۴_۱۲_۲۹_separate_ن-۱۰_صورت‌های مالی سال مالی منتهی به ۱۳۹۴_۱۲_۲۹ (حسابرسی شده).xlsx,973ecd1b1c69055c740dd1039ed02d685af297da4ffbee6dd665512e5901d20c,مقبول,YES,correction,MATCHED_SEPARATE_CORRECTION_SELECTED,CORRECTION_PAYLOAD_SUBSTANTIVE_SELECTED,fiscal_year_end|auditor_opinion_type|auditor_report_date,fiscal_year_end|auditor_opinion_type|auditor_report_date,,,Correction payload proven substantive; supersedes original. Values absent from it are NOT back-filled from the original.
