row_key,relative_path,scope,audited_marker,correction_marker,payload_verdict,selected,exception_type,sha256
بالبر|1399,بالبر.zip!بالبر_۱۳۹۹_۰۶_۳۱_separate_ن-۱۰_صورت‌های مالی سال مالی منتهی به ۱۳۹۹_۰۶_۳۱ (حسابرسی شده).xlsx,separate,audited,original,PAYLOAD_SUBSTANTIVE,NO,MATCHED_SEPARATE_CORRECTION_SELECTED,28dae681d8a4d3da15a1567dc2a7626afc74092276f4d3efdd6f0f6b640cfe74
بالبر|1399,بالبر.zip!بالبر_۱۳۹۹_۰۶_۳۱_separate_ن-۱۰_صورت‌های مالی سال مالی منتهی به ۱۳۹۹_۰۶_۳۱ (حسابرسی شده)(اصلاحیه).xlsx,separate,audited,correction,PAYLOAD_SUBSTANTIVE,YES,MATCHED_SEPARATE_CORRECTION_SELECTED,0d891ebda4bfca1b51ab8541fb04ed12bad842286b5b21c2cda7a5f5646e2edf
بکاب|1397,بكاب.zip!بكاب_۱۳۹۷_۰۶_۳۱_separate_ن-۱۰_صورت‌های مالی سال مالی منتهی به ۱۳۹۷_۰۶_۳۱ (حسابرسی شده).xlsx,separate,audited,original,PAYLOAD_SUBSTANTIVE,NO,MATCHED_SEPARATE_CORRECTION_SELECTED,9dc6c3eefbeec02dbf18e9a1906e08581a92d46108ad6a08c94e63dbc387b08a
بکاب|1397,بكاب.zip!بكاب_۱۳۹۷_۰۶_۳۱_separate_ن-۱۰_صورت‌های مالی سال مالی منتهی به ۱۳۹۷_۰۶_۳۱ (حسابرسی شده)(اصلاحیه).xlsx,separate,audited,correction,PAYLOAD_SUBSTANTIVE,YES,MATCHED_SEPARATE_CORRECTION_SELECTED,e686beecc5ab31d9550cbd60762e9ca72950e24b00ed04775d26bc8f62922a7d
بکام|1399,بكام.zip!بكام_۱۳۹۹_۱۲_۳۰_consolidated_ن-۱۰_صورت‌های مالی تلفیقی سال مالی منتهی به ۱۳۹۹_۱۲_۳۰ (حسابرسی شده).xlsx,consolidated,audited,original,PAYLOAD_SUBSTANTIVE,NO,ONLY_CONSOLIDATED_AVAILABLE,72245820fb1a2d90d95f71ae128efff06e0bd99b801ac16d40625ef33f52f76e
بکام|1399,بكام.zip!بكام_۱۳۹۹_۱۲_۳۰_consolidated_ن-۱۰_صورت‌های مالی تلفیقی سال مالی منتهی به ۱۳۹۹_۱۲_۳۰ (حسابرسی شده)(اصلاحیه).xlsx,consolidated,audited,correction,PAYLOAD_SUBSTANTIVE,NO,ONLY_CONSOLIDATED_AVAILABLE,ea72e3e6fed466dc15fa3d42c304db67693833dbad47240d6b496248c28cf151
بکام|1402,بكام.zip!بكام_۱۴۰۲_۱۲_۲۹_consolidated_ن-۱۰_صورت‌های مالی تلفیقی سال مالی منتهی به ۱۴۰۲_۱۲_۲۹ (حسابرسی شده).xlsx,consolidated,audited,original,PAYLOAD_SUBSTANTIVE,NO,ONLY_CONSOLIDATED_AVAILABLE,56e9be24e9cfaa6d0206cfe32032c416a30d4023d3d087338b7ac823bdf4b8c1
بکام|1402,بكام.zip!بكام_۱۴۰۲_۱۲_۲۹_consolidated_ن-۱۰_صورت‌های مالی تلفیقی سال مالی منتهی به ۱۴۰۲_۱۲_۲۹ (حسابرسی شده)(اصلاحیه).xlsx,consolidated,audited,correction,PAYLOAD_SUBSTANTIVE,NO,ONLY_CONSOLIDATED_AVAILABLE,41c80cafd61e7c2e6c43d480239296624b2c265a8ee995ee4dd4b2fbb16069aa
بوعلی|1397,بوعلي.zip!بوعلي_۱۳۹۷_۱۲_۲۹_separate_ن-۱۰_صورت‌های مالی سال مالی منتهی به ۱۳۹۷_۱۲_۲۹ (حسابرسی شده).xlsx,separate,audited,original,PAYLOAD_SUBSTANTIVE,NO,MATCHED_SEPARATE_CORRECTION_SELECTED,b68ced719b6db1ceb4519a244d8c1f4d2a08a0dfcf9dd558cb38d8cf608ff743
بوعلی|1397,بوعلي.zip!بوعلي_۱۳۹۷_۱۲_۲۹_separate_ن-۱۰_صورت‌های مالی سال مالی منتهی به ۱۳۹۷_۱۲_۲۹ (حسابرسی شده)(اصلاحیه).xlsx,separate,audited,correction,PAYLOAD_SUBSTANTIVE,YES,MATCHED_SEPARATE_CORRECTION_SELECTED,601da23c3958146f6910d16c54ba06ad4034dfa355213833c9dcb09607ac15db
چافست|1401,چافست.zip!چافست_۱۴۰۱_۰۶_۳۱_consolidated_ن-۱۰_صورت‌های مالی تلفیقی سال مالی منتهی به ۱۴۰۱_۰۶_۳۱ (حسابرسی شده).xlsx,consolidated,audited,original,PAYLOAD_SUBSTANTIVE,NO,ONLY_CONSOLIDATED_AVAILABLE,80e4c695cf095d0d57fd568133edb93db3c01731f24168c1f2aa29574d1a2729
چافست|1401,چافست.zip!چافست_۱۴۰۱_۰۶_۳۱_consolidated_ن-۱۰_صورت‌های مالی تلفیقی سال مالی منتهی به ۱۴۰۱_۰۶_۳۱ (حسابرسی شده)(اصلاحیه).xlsx,consolidated,audited,correction,PAYLOAD_SUBSTANTIVE,NO,ONLY_CONSOLIDATED_AVAILABLE,970d1469dfe14918e6682e2130b9c871958c51a597eda234202eb6b3aa71d21b
دشیمی|1393,دشيمي.zip!دشيمي_۱۳۹۳_۱۲_۲۹_separate_ن-۱۰_صورتهای مالی سال مالی منتهی به ۱۳۹۳_۱۲_۲۹ (حسابرسی شده).xlsx,separate,audited,original,PAYLOAD_SUBSTANTIVE,NO,MATCHED_SEPARATE_CORRECTION_SELECTED,78c9f37235226405d37129f85a9e6dd9d8a0613656d10b350f3f84cef6c11442
دشیمی|1393,دشيمي.zip!دشيمي_۱۳۹۳_۱۲_۲۹_separate_ن-۱۰_صورتهای مالی سال مالی منتهی به ۱۳۹۳_۱۲_۲۹ (حسابرسی شده)(اصلاحیه).xlsx,separate,audited,correction,PAYLOAD_SUBSTANTIVE,YES,MATCHED_SEPARATE_CORRECTION_SELECTED,321c617d4c380d4e85ce3cef7361fe0f88b433aae37f2e24d011803d7aa80526
دسینا|1393,دسينا.zip!دسينا_۱۳۹۳_۱۲_۲۹_separate_ن-۱۰_صورتهای مالی سال مالی منتهی به ۱۳۹۳_۱۲_۲۹ (حسابرسی شده).xlsx,separate,audited,original,PAYLOAD_SUBSTANTIVE,NO,MATCHED_SEPARATE_CORRECTION_SELECTED,c228198a4486e41ca548b544bebaa1edd9acc8eb541b572693545986cc1e5113
دسینا|1393,دسينا.zip!دسينا_۱۳۹۳_۱۲_۲۹_separate_ن-۱۰_صورتهای مالی سال مالی منتهی به ۱۳۹۳_۱۲_۲۹ (حسابرسی شده)(اصلاحیه).xlsx,separate,audited,correction,PAYLOAD_SUBSTANTIVE,YES,MATCHED_SEPARATE_CORRECTION_SELECTED,9dfef1fd7cfbc81034c6bde4c2302939c574b66a6fa71ebbc31aaf3e037dd57c
دسینا|1396,دسينا.zip!دسينا_۱۳۹۶_۱۲_۲۹_separate_ن-۱۰_صورت‌های مالی سال مالی منتهی به ۱۳۹۶_۱۲_۲۹ (حسابرسی شده).xlsx,separate,audited,original,PAYLOAD_SUBSTANTIVE,NO,MATCHED_SEPARATE_CORRECTION_SELECTED,6f879fcbf2f665fb1db6a62c01a218aa05d627d257baf323ca29a040b65068b0
دسینا|1396,دسينا.zip!دسينا_۱۳۹۶_۱۲_۲۹_separate_ن-۱۰_صورت‌های مالی سال مالی منتهی به ۱۳۹۶_۱۲_۲۹ (حسابرسی شده)(اصلاحیه).xlsx,separate,audited,correction,PAYLOAD_SUBSTANTIVE,YES,MATCHED_SEPARATE_CORRECTION_SELECTED,01ed360e5185a31a15c44d05902f391dc1832c4f7cd7ae1c9bc4a9af62964819
دسینا|1399,دسينا.zip!دسينا_۱۳۹۹_۱۲_۳۰_consolidated_ن-۱۰_صورت‌های مالی تلفیقی سال مالی منتهی به ۱۳۹۹_۱۲_۳۰ (حسابرسی شده).xlsx,consolidated,audited,original,PAYLOAD_SUBSTANTIVE,NO,MATCHED_SEPARATE_VALID,cb6d0b6cbbbce24dc080bddcac0bb444fb60c2a53669efeabfbbd2302a427055
دسینا|1399,دسينا.zip!دسينا_۱۳۹۹_۱۲_۳۰_separate_ن-۱۰_صورت‌های مالی سال مالی منتهی به ۱۳۹۹_۱۲_۳۰ (حسابرسی شده).xlsx,separate,audited,original,PAYLOAD_SUBSTANTIVE,YES,MATCHED_SEPARATE_VALID,37a66bc0bdf4ace22ca112c3a2cbd94b4e8b12aca428646a6838fc8c6562c292
فایرا|1401,فايرا.zip!فايرا_۱۴۰۱_۱۲_۲۹_consolidated_ن-۱۰_صورت‌های مالی تلفیقی سال مالی منتهی به ۱۴۰۱_۱۲_۲۹ (حسابرسی شده).xlsx,consolidated,audited,original,PAYLOAD_SUBSTANTIVE,NO,ONLY_CONSOLIDATED_AVAILABLE,6202c7fc2267911d2f6e89b9208e1d5f45cae4e391b85ff117fcca472dc1a591
فایرا|1401,فايرا.zip!فايرا_۱۴۰۱_۱۲_۲۹_consolidated_ن-۱۰_صورت‌های مالی تلفیقی سال مالی منتهی به ۱۴۰۱_۱۲_۲۹ (حسابرسی شده)(اصلاحیه).xlsx,consolidated,audited,correction,PAYLOAD_SUBSTANTIVE,NO,ONLY_CONSOLIDATED_AVAILABLE,f074566fe89be407910f87e088a43a7ffee450ef9ed842c9c0736dd30f4010fb
فرآور|1401,فرآور.zip!فرآور_۱۴۰۱_۱۲_۲۹_separate_ن-۱۰_صورت‌های مالی سال مالی منتهی به ۱۴۰۱_۱۲_۲۹ (حسابرسی شده).xlsx,separate,audited,original,PAYLOAD_SUBSTANTIVE,NO,MATCHED_SEPARATE_CORRECTION_SELECTED,eee8ac56f7642d2b9255ae1da2fb2e8a1a2f27ca4c88b71f2948832015a3249c
فرآور|1401,فرآور.zip!فرآور_۱۴۰۱_۱۲_۲۹_separate_ن-۱۰_صورت‌های مالی سال مالی منتهی به ۱۴۰۱_۱۲_۲۹ (حسابرسی شده)(اصلاحیه).xlsx,separate,audited,correction,PAYLOAD_SUBSTANTIVE,YES,MATCHED_SEPARATE_CORRECTION_SELECTED,8d3f3be64c7fdec096ec5b892938a3b2890d87095107a0fe8e2812440f704a95
فارس|1399,فارس.zip!فارس_۱۳۹۹_۰۳_۳۱_separate_ن-۱۰_صورت‌های مالی سال مالی منتهی به ۱۳۹۹_۰۳_۳۱ (حسابرسی شده).xlsx,separate,audited,original,PAYLOAD_SUBSTANTIVE,NO,MATCHED_SEPARATE_CORRECTION_SELECTED,786a7103ed7cce6748eb80e197574cf4def26e71dd212b66cedccdbd0f9c96c7
فارس|1399,فارس.zip!فارس_۱۳۹۹_۰۳_۳۱_separate_ن-۱۰_صورت‌های مالی سال مالی منتهی به ۱۳۹۹_۰۳_۳۱ (حسابرسی شده)(اصلاحیه).xlsx,separate,audited,correction,PAYLOAD_SUBSTANTIVE,YES,MATCHED_SEPARATE_CORRECTION_SELECTED,2910c491672f98165d88b6102b348ca041f1a0477447a871838849f596770ba5
فاذر|1400,فاذر.zip!فاذر_۱۴۰۰_۱۲_۲۹_consolidated_ن-۱۰_صورت‌های مالی تلفیقی سال مالی منتهی به ۱۴۰۰_۱۲_۲۹ (حسابرسی شده).xlsx,consolidated,audited,original,PAYLOAD_SUBSTANTIVE,NO,ONLY_CONSOLIDATED_AVAILABLE,ba6030e583bb02fababf91a796cd0d59a07114d6bc5a1799ce97c18ce8c76371
فاذر|1400,فاذر.zip!فاذر_۱۴۰۰_۱۲_۲۹_consolidated_ن-۱۰_صورت‌های مالی تلفیقی سال مالی منتهی به ۱۴۰۰_۱۲_۲۹ (حسابرسی شده)(اصلاحیه).xlsx,consolidated,audited,correction,PAYLOAD_SUBSTANTIVE,NO,ONLY_CONSOLIDATED_AVAILABLE,8203fbceb08c991a3b2f6584a1180e0ce00d44616fd3d4a8791be627e82cafa2
فاذر|1401,فاذر.zip!فاذر_۱۴۰۱_۱۲_۲۹_consolidated_ن-۱۰_صورت‌های مالی تلفیقی سال مالی منتهی به ۱۴۰۱_۱۲_۲۹ (حسابرسی شده).xlsx,consolidated,audited,original,PAYLOAD_SUBSTANTIVE,NO,ONLY_CONSOLIDATED_AVAILABLE,3de8771673b643eabb4387598f3393fe6f576b759ed1fcf98180c697391a9871
فاذر|1401,فاذر.zip!فاذر_۱۴۰۱_۱۲_۲۹_consolidated_ن-۱۰_صورت‌های مالی تلفیقی سال مالی منتهی به ۱۴۰۱_۱۲_۲۹ (حسابرسی شده)(اصلاحیه).xlsx,consolidated,audited,correction,PAYLOAD_SUBSTANTIVE,NO,ONLY_CONSOLIDATED_AVAILABLE,28ccac14d6123bef8c8f17848bf90a5fd99a9e25675f29e34c0d61feb820a982
فباهنر|1394,فباهنر.zip!فباهنر_۱۳۹۴_۱۲_۲۹_separate_ن-۱۰_صورت‌های مالی سال مالی منتهی به ۱۳۹۴_۱۲_۲۹ (حسابرسی شده).xlsx,separate,audited,original,PAYLOAD_SUBSTANTIVE,NO,MATCHED_SEPARATE_CORRECTION_SELECTED,7f9be31341cda455e257acb2eb6e10d5cabadf3e02d9a3efb654edb3f7b98723
فباهنر|1394,فباهنر.zip!فباهنر_۱۳۹۴_۱۲_۲۹_separate_ن-۱۰_صورت‌های مالی سال مالی منتهی به ۱۳۹۴_۱۲_۲۹ (حسابرسی شده)(اصلاحیه).xlsx,separate,audited,correction,PAYLOAD_SUBSTANTIVE,YES,MATCHED_SEPARATE_CORRECTION_SELECTED,b04ffa6c862c37bd4745f8cb4e81f1e61b50589ad46acecf006617452aa815cb
فسپا|1396,فسپا.zip!فسپا_۱۳۹۶_۱۲_۲۹_separate_ن-۱۰_صورت‌های مالی سال مالی منتهی به ۱۳۹۶_۱۲_۲۹ (حسابرسی شده).xlsx,separate,audited,original,PAYLOAD_SUBSTANTIVE,NO,MATCHED_SEPARATE_CORRECTION_SELECTED,07b712b693e4f6255e1fc1ff9f411dda068714f1913d97e6228289f65130f89f
فسپا|1396,فسپا.zip!فسپا_۱۳۹۶_۱۲_۲۹_separate_ن-۱۰_صورت‌های مالی سال مالی منتهی به ۱۳۹۶_۱۲_۲۹ (حسابرسی شده)(اصلاحیه).xlsx,separate,audited,correction,PAYLOAD_SUBSTANTIVE,YES,MATCHED_SEPARATE_CORRECTION_SELECTED,c836ccdf0adfc21267cf6549e7b510e25d595ff217d8f0a703aee58bc8995549
فملی|1399,فملي.zip!فملي_۱۳۹۹_۱۲_۳۰_consolidated_ن-۱۰_صورت‌های مالی تلفیقی سال مالی منتهی به ۱۳۹۹_۱۲_۳۰ (حسابرسی شده).xlsx,consolidated,audited,original,PAYLOAD_SUBSTANTIVE,NO,ONLY_CONSOLIDATED_AVAILABLE,7006b016e30f0d88076819004516b2f5daf59846dfbef9a688233be6a2e90664
فملی|1399,فملي.zip!فملي_۱۳۹۹_۱۲_۳۰_consolidated_ن-۱۰_صورت‌های مالی تلفیقی سال مالی منتهی به ۱۳۹۹_۱۲_۳۰ (حسابرسی شده)(اصلاحیه).xlsx,consolidated,audited,correction,PAYLOAD_SUBSTANTIVE,NO,ONLY_CONSOLIDATED_AVAILABLE,d3b88c240c1b646001f7a648e5bdc50022268a7b15b662a4172d1a28fbd00686
فملی|1400,فملي.zip!فملي_۱۴۰۰_۱۲_۲۹_consolidated_ن-۱۰_صورت‌های مالی تلفیقی سال مالی منتهی به ۱۴۰۰_۱۲_۲۹ (حسابرسی شده).xlsx,consolidated,audited,original,PAYLOAD_SUBSTANTIVE,NO,ONLY_CONSOLIDATED_AVAILABLE,3ad7f2e99c02c525130a0507eb9224419e80431e8527141f65194c2a15aac30a
فملی|1400,فملي.zip!فملي_۱۴۰۰_۱۲_۲۹_consolidated_ن-۱۰_صورت‌های مالی تلفیقی سال مالی منتهی به ۱۴۰۰_۱۲_۲۹ (حسابرسی شده)(اصلاحیه).xlsx,consolidated,audited,correction,PAYLOAD_SUBSTANTIVE,NO,ONLY_CONSOLIDATED_AVAILABLE,b21cfb7adb085afde415bd075f82ec113388f5311c355a0b9ca04f4a516a64da
غسالم|1396,غسالم.zip!غسالم_۱۳۹۶_۱۲_۲۹_separate_ن-۱۰_صورت‌های مالی سال مالی منتهی به ۱۳۹۶_۱۲_۲۹ (حسابرسی شده).xlsx,separate,audited,original,PAYLOAD_SUBSTANTIVE,NO,MATCHED_SEPARATE_CORRECTION_SELECTED,88ff155057b42cdb13303e4282d27ac0b5d632b09fb273d01469e85767b0b163
غسالم|1396,غسالم.zip!غسالم_۱۳۹۶_۱۲_۲۹_separate_ن-۱۰_صورت‌های مالی سال مالی منتهی به ۱۳۹۶_۱۲_۲۹ (حسابرسی شده)(اصلاحیه).xlsx,separate,audited,correction,PAYLOAD_SUBSTANTIVE,YES,MATCHED_SEPARATE_CORRECTION_SELECTED,de8d10f780e18c573cef15167f807bcc9edcd3adc20287d993cefc6b1b5831a7
فمراد|1399,فمراد.zip!فمراد_۱۳۹۹_۱۲_۳۰_separate_ن-۱۰_صورت‌های مالی سال مالی منتهی به ۱۳۹۹_۱۲_۳۰ (حسابرسی شده).xlsx,separate,audited,original,PAYLOAD_SUBSTANTIVE,NO,MATCHED_SEPARATE_CORRECTION_SELECTED,0ed1f89ab6e8ee99526b00119a65bea34c3069385985f5cdc1d1339c7a36fa19
فمراد|1399,فمراد.zip!فمراد_۱۳۹۹_۱۲_۳۰_separate_ن-۱۰_صورت‌های مالی سال مالی منتهی به ۱۳۹۹_۱۲_۳۰ (حسابرسی شده)(اصلاحیه).xlsx,separate,audited,correction,PAYLOAD_SUBSTANTIVE,YES,MATCHED_SEPARATE_CORRECTION_SELECTED,1e37819ad307e43c26ce0686829080a23b36167d6efe3dfa60d5abd5acd9650c
فنورد|1400,فنورد.zip!فنورد_۱۴۰۰_۱۲_۲۹_separate_ن-۱۰_صورت‌های مالی سال مالی منتهی به ۱۴۰۰_۱۲_۲۹ (حسابرسی شده).xlsx,separate,audited,original,PAYLOAD_SUBSTANTIVE,YES,MATCHED_SEPARATE_CORRECTION_REJECTED_ORIGINAL_RETAINED,d2dd81c6ad20e61e489889efbda57507c72e02913905c0cc32087bd2f3703ce3
فنورد|1400,فنورد.zip!فنورد_۱۴۰۰_۱۲_۲۹_separate_ن-۱۰_صورت‌های مالی سال مالی منتهی به ۱۴۰۰_۱۲_۲۹ (حسابرسی شده)(اصلاحیه).xlsx,separate,audited,correction,PAYLOAD_NON_SUBSTANTIVE,NO,MATCHED_SEPARATE_CORRECTION_REJECTED_ORIGINAL_RETAINED,64c184b37ee4767f97ee207cd261c0c9d0dc17e2486ca4ef4c860c40e679b478
فسرب|1401,فسرب.zip!فسرب_۱۴۰۱_۱۲_۲۹_separate_ن-۱۰_صورت‌های مالی سال مالی منتهی به ۱۴۰۱_۱۲_۲۹ (حسابرسی شده).xlsx,separate,audited,original,PAYLOAD_SUBSTANTIVE,NO,MATCHED_SEPARATE_CORRECTION_SELECTED,39032bf275c8b6280df465cc349e597c907508902c4298475a71b2f36aa37eb2
فسرب|1401,فسرب.zip!فسرب_۱۴۰۱_۱۲_۲۹_separate_ن-۱۰_صورت‌های مالی سال مالی منتهی به ۱۴۰۱_۱۲_۲۹ (حسابرسی شده)(اصلاحیه).xlsx,separate,audited,correction,PAYLOAD_SUBSTANTIVE,YES,MATCHED_SEPARATE_CORRECTION_SELECTED,0fc6b257adb5832246b108044b07ca9d78db212a9fa2eb914b93623cc23d4dc7
فپنتا|1398,فپنتا.zip!فپنتا_۱۳۹۸_۱۲_۲۹_consolidated_ن-۱۰_صورت‌های مالی تلفیقی سال مالی منتهی به ۱۳۹۸_۱۲_۲۹ (حسابرسی شده).xlsx,consolidated,audited,original,PAYLOAD_SUBSTANTIVE,NO,ONLY_CONSOLIDATED_AVAILABLE,2d6598b8b78edbcde1c6626265824562441c01f84e1e8b1212925c4eb84442a0
فپنتا|1398,فپنتا.zip!فپنتا_۱۳۹۸_۱۲_۲۹_consolidated_ن-۱۰_صورت‌های مالی تلفیقی سال مالی منتهی به ۱۳۹۸_۱۲_۲۹ (حسابرسی شده)(اصلاحیه).xlsx,consolidated,audited,correction,PAYLOAD_SUBSTANTIVE,NO,ONLY_CONSOLIDATED_AVAILABLE,3f1b9929179ad45c0092be8463c5c7a8ff0fa4aa6ea8728412f500d6b7f9c6b2
فولاژ|1399,فولاژ.zip!فولاژ_۱۳۹۹_۱۲_۳۰_consolidated_ن-۱۰_صورت‌های مالی تلفیقی سال مالی منتهی به ۱۳۹۹_۱۲_۳۰ (حسابرسی شده).xlsx,consolidated,audited,original,PAYLOAD_SUBSTANTIVE,NO,ONLY_CONSOLIDATED_AVAILABLE,f13324224246d1fb7c9262075096754c4160531d4f771c597fa81ae2dccbf866
فولاژ|1399,فولاژ.zip!فولاژ_۱۳۹۹_۱۲_۳۰_consolidated_ن-۱۰_صورت‌های مالی تلفیقی سال مالی منتهی به ۱۳۹۹_۱۲_۳۰ (حسابرسی شده)(اصلاحیه).xlsx,consolidated,audited,correction,PAYLOAD_SUBSTANTIVE,NO,ONLY_CONSOLIDATED_AVAILABLE,732d27635af1d72753b6e57e8c2b599900c4960f767122179bf0a7c97d4142fb
غگل|1392,غگل.zip!غگل_۱۳۹۲_۰۶_۳۱_separate_ن-۱۰_صورتهای مالی سال مالی منتهی به ۱۳۹۲_۰۶_۳۱ (حسابرسی شده).xlsx,separate,audited,original,PAYLOAD_SUBSTANTIVE,NO,MATCHED_SEPARATE_CORRECTION_SELECTED,1f550670123a4b37fd01c97a8f3760848fc4adbcd76030e090a7d9b720de7ac2
غگل|1392,غگل.zip!غگل_۱۳۹۲_۰۶_۳۱_separate_ن-۱۰_صورتهای مالی سال مالی منتهی به ۱۳۹۲_۰۶_۳۱ (حسابرسی شده)(اصلاحیه).xlsx,separate,audited,correction,PAYLOAD_SUBSTANTIVE,YES,MATCHED_SEPARATE_CORRECTION_SELECTED,2bcd2d1dbdeeecdabf0821060ce84d73897948f749d348f35d90a7175cf8449c
غنوش|1393,غنوش.zip!غنوش_۱۳۹۳_۱۲_۲۹_separate_ن-۱۰_صورتهای مالی سال مالی منتهی به ۱۳۹۳_۱۲_۲۹ (حسابرسی شده).xlsx,separate,audited,original,PAYLOAD_SUBSTANTIVE,NO,MATCHED_SEPARATE_CORRECTION_SELECTED,5865b1c7017f8c3ae8e85e170ffe1c5b5b6bcff330bfa929af6e0e04e951f700
غنوش|1393,غنوش.zip!غنوش_۱۳۹۳_۱۲_۲۹_separate_ن-۱۰_صورتهای مالی سال مالی منتهی به ۱۳۹۳_۱۲_۲۹ (حسابرسی شده)(اصلاحیه).xlsx,separate,audited,correction,PAYLOAD_SUBSTANTIVE,YES,MATCHED_SEPARATE_CORRECTION_SELECTED,ae59402867c32f3116067ecd6aca02bb53014fadfa1f2aa615eb491d85aad5de
غنوش|1401,غنوش.zip!غنوش_۱۴۰۱_۱۲_۲۹_consolidated_ن-۱۰_صورت‌های مالی تلفیقی سال مالی منتهی به ۱۴۰۱_۱۲_۲۹ (حسابرسی شده).xlsx,consolidated,audited,original,PAYLOAD_SUBSTANTIVE,NO,ONLY_CONSOLIDATED_AVAILABLE,e3ef683e3ab85631b78f4d7627ca0a28b1f8740c2e24ef7f1884b8700a97e8ba
غنوش|1401,غنوش.zip!غنوش_۱۴۰۱_۱۲_۲۹_consolidated_ن-۱۰_صورت‌های مالی تلفیقی سال مالی منتهی به ۱۴۰۱_۱۲_۲۹ (حسابرسی شده)(اصلاحیه).xlsx,consolidated,audited,correction,PAYLOAD_SUBSTANTIVE,NO,ONLY_CONSOLIDATED_AVAILABLE,28895ceaec39fcf72b49756b540591ba5bcfbb88de665c8f62a71ca555e78e03
کفرا|1399,كفرا.zip!كفرا_۱۳۹۹_۱۲_۳۰_separate_ن-۱۰_صورت‌های مالی سال مالی منتهی به ۱۳۹۹_۱۲_۳۰ (حسابرسی شده).xlsx,separate,audited,original,PAYLOAD_SUBSTANTIVE,NO,MATCHED_SEPARATE_CORRECTION_SELECTED,01c390967aa3aa965e7bdd1dc69090071b015cf1e36ef9fd8685ca4527f577a1
کفرا|1399,كفرا.zip!كفرا_۱۳۹۹_۱۲_۳۰_separate_ن-۱۰_صورت‌های مالی سال مالی منتهی به ۱۳۹۹_۱۲_۳۰ (حسابرسی شده)(اصلاحیه).xlsx,separate,audited,correction,PAYLOAD_SUBSTANTIVE,YES,MATCHED_SEPARATE_CORRECTION_SELECTED,3229f5a34118a0f83e6f70cbdebe5592367a721cdd3c58dd11bf251144690e3c
غشان|1393,غشان.zip!غشان_۱۳۹۳_۱۲_۲۹_separate_ن-۱۰_صورتهای مالی سال مالی منتهی به ۱۳۹۳_۱۲_۲۹ (حسابرسی شده).xlsx,separate,audited,original,PAYLOAD_SUBSTANTIVE,NO,MATCHED_SEPARATE_CORRECTION_SELECTED,b69abd5201ea71ed336144abedb85ba6b54811bb72d0ad3b244c08dd6b7c28ec
غشان|1393,غشان.zip!غشان_۱۳۹۳_۱۲_۲۹_separate_ن-۱۰_صورتهای مالی سال مالی منتهی به ۱۳۹۳_۱۲_۲۹ (حسابرسی شده)(اصلاحیه).xlsx,separate,audited,correction,PAYLOAD_SUBSTANTIVE,YES,MATCHED_SEPARATE_CORRECTION_SELECTED,a3e6053efe06802230a6ab390c5bf01b9127207da92b75e16f4d541485c98a20
غشان|1395,غشان.zip!غشان_۱۳۹۵_۱۲_۳۰_separate_ن-۱۰_صورت‌های مالی سال مالی منتهی به ۱۳۹۵_۱۲_۳۰ (حسابرسی شده).xlsx,separate,audited,original,PAYLOAD_SUBSTANTIVE,NO,MATCHED_SEPARATE_CORRECTION_SELECTED,b4ef7a23efc8d46be921eb91eaaef07a6d0c7631f79d5baa20e214b859b39595
غشان|1395,غشان.zip!غشان_۱۳۹۵_۱۲_۳۰_separate_ن-۱۰_صورت‌های مالی سال مالی منتهی به ۱۳۹۵_۱۲_۳۰ (حسابرسی شده)(اصلاحیه).xlsx,separate,audited,correction,PAYLOAD_SUBSTANTIVE,YES,MATCHED_SEPARATE_CORRECTION_SELECTED,f427be0ee0d8f0c44939e31398fea02fa97697a72ab2d825056016cc2592f024
حکشتی|1393,حكشتي.zip!حكشتي_۱۳۹۳_۰۳_۳۱_separate_ن-۱۰_صورتهای مالی سال مالی منتهی به ۱۳۹۳_۰۳_۳۱ (حسابرسی شده).xlsx,separate,audited,original,PAYLOAD_SUBSTANTIVE,NO,MATCHED_SEPARATE_CORRECTION_SELECTED,e01a08bb61ff9001b6c3c94f85c5608a819b107bd4510d54dc04bba13bbb1795
حکشتی|1393,حكشتي.zip!حكشتي_۱۳۹۳_۰۳_۳۱_separate_ن-۱۰_صورتهای مالی سال مالی منتهی به ۱۳۹۳_۰۳_۳۱ (حسابرسی شده)(اصلاحیه).xlsx,separate,audited,correction,PAYLOAD_SUBSTANTIVE,YES,MATCHED_SEPARATE_CORRECTION_SELECTED,1b66c1be3930c53c6cc2b8c32e82e65a7b472223404a7b8b17b8cb6a06063286
حکشتی|1401,حكشتي.zip!حكشتي_۱۴۰۱_۰۳_۳۱_separate_ن-۱۰_صورت‌های مالی سال مالی منتهی به ۱۴۰۱_۰۳_۳۱ (حسابرسی شده).xlsx,separate,audited,original,PAYLOAD_SUBSTANTIVE,NO,MATCHED_SEPARATE_CORRECTION_SELECTED,23cbac088e09d25ea8a9adc9c7cf217b6bd68c21093b4f5143da5505e86063a7
حکشتی|1401,حكشتي.zip!حكشتي_۱۴۰۱_۰۳_۳۱_separate_ن-۱۰_صورت‌های مالی سال مالی منتهی به ۱۴۰۱_۰۳_۳۱ (حسابرسی شده)(اصلاحیه).xlsx,separate,audited,correction,PAYLOAD_SUBSTANTIVE,YES,MATCHED_SEPARATE_CORRECTION_SELECTED,239be6b2c7044f439bb13b2491b0fcc0e13c77091c62b7460724469c0a4ced59
های وب|1396,های وب.zip!هاي وب_۱۳۹۶_۱۲_۲۹_consolidated_ن-۱۰_صورت‌های مالی تلفیقی سال مالی منتهی به ۱۳۹۶_۱۲_۲۹ (حسابرسی شده).xlsx,consolidated,audited,original,PAYLOAD_SUBSTANTIVE,NO,ONLY_CONSOLIDATED_AVAILABLE,5f471af3f85bbd6ad6b8d2efdf7cc43dd54de4cf66cb5021e6e128a9e702b02f
های وب|1396,های وب.zip!هاي وب_۱۳۹۶_۱۲_۲۹_consolidated_ن-۱۰_صورت‌های مالی تلفیقی سال مالی منتهی به ۱۳۹۶_۱۲_۲۹ (حسابرسی شده)(اصلاحیه).xlsx,consolidated,audited,correction,PAYLOAD_SUBSTANTIVE,NO,ONLY_CONSOLIDATED_AVAILABLE,b8e0a802ca6c98ec4624522a467ad6fdd28492327bb4cf46715038f3038ad755
جم|1397,جم.zip!جم_۱۳۹۷_۱۲_۲۹_consolidated_ن-۱۰_صورت‌های مالی تلفیقی سال مالی منتهی به ۱۳۹۷_۱۲_۲۹ (حسابرسی شده).xlsx,consolidated,audited,original,PAYLOAD_SUBSTANTIVE,NO,ONLY_CONSOLIDATED_AVAILABLE,40ce2b91fe567db2fb45d3f8b09039f802c3701a556bfd711b0b69063431b785
جم|1397,جم.zip!جم_۱۳۹۷_۱۲_۲۹_consolidated_ن-۱۰_صورت‌های مالی تلفیقی سال مالی منتهی به ۱۳۹۷_۱۲_۲۹ (حسابرسی شده)(اصلاحیه).xlsx,consolidated,audited,correction,PAYLOAD_SUBSTANTIVE,NO,ONLY_CONSOLIDATED_AVAILABLE,38f2c1200a2b38077d51a27f30448f2654848f0cf29e01c739c3d8e60859d62f
جم|1400,جم.zip!جم_۱۴۰۰_۱۲_۲۹_consolidated_ن-۱۰_صورت‌های مالی تلفیقی سال مالی منتهی به ۱۴۰۰_۱۲_۲۹ (حسابرسی شده).xlsx,consolidated,audited,original,PAYLOAD_SUBSTANTIVE,NO,ONLY_CONSOLIDATED_AVAILABLE,80cab63898b3d5be6ef8cfd88e4e39da2cdc2c33302d28794eff107c59f9d0a4
جم|1400,جم.zip!جم_۱۴۰۰_۱۲_۲۹_consolidated_ن-۱۰_صورت‌های مالی تلفیقی سال مالی منتهی به ۱۴۰۰_۱۲_۲۹ (حسابرسی شده)(اصلاحیه).xlsx,consolidated,audited,correction,PAYLOAD_SUBSTANTIVE,NO,ONLY_CONSOLIDATED_AVAILABLE,1f0ff5ca97b25e03d6d09b21e8ba75cfeb8c14f9135ad0a47bcd580da460203b
جم پیلن|1397,جم پيلن.zip!جم پيلن_۱۳۹۷_۱۲_۲۹_separate_ن-۱۰_صورت‌های مالی سال مالی منتهی به ۱۳۹۷_۱۲_۲۹ (حسابرسی شده).xlsx,separate,audited,original,PAYLOAD_SUBSTANTIVE,NO,MATCHED_SEPARATE_CORRECTION_SELECTED,e7bf8b4565cea504164d8dac0c9ba82189462a45875828ba8b8063eb50919ddf
جم پیلن|1397,جم پيلن.zip!جم پيلن_۱۳۹۷_۱۲_۲۹_separate_ن-۱۰_صورت‌های مالی سال مالی منتهی به ۱۳۹۷_۱۲_۲۹ (حسابرسی شده)(اصلاحیه).xlsx,separate,audited,correction,PAYLOAD_SUBSTANTIVE,YES,MATCHED_SEPARATE_CORRECTION_SELECTED,b3ac6cadc797c23f2ee1b3ce9f61e1513f83541e031bbb0632335f339bbdc28f
جم پیلن|1400,جم پيلن.zip!جم پيلن_۱۴۰۰_۱۲_۲۹_separate_ن-۱۰_صورت‌های مالی سال مالی منتهی به ۱۴۰۰_۱۲_۲۹ (حسابرسی شده).xlsx,separate,audited,original,PAYLOAD_SUBSTANTIVE,NO,MATCHED_SEPARATE_CORRECTION_SELECTED,16e8bf1a9ae7488bd422ad94061c9d1ae2c724cb29f060d33035219de7a843d4
جم پیلن|1400,جم پيلن.zip!جم پيلن_۱۴۰۰_۱۲_۲۹_separate_ن-۱۰_صورت‌های مالی سال مالی منتهی به ۱۴۰۰_۱۲_۲۹ (حسابرسی شده)(اصلاحیه).xlsx,separate,audited,correction,PAYLOAD_SUBSTANTIVE,YES,MATCHED_SEPARATE_CORRECTION_SELECTED,4195aa3003d2f2d401ab3f84dc560c1eec40e2881e5d9a0601085dd1a7ac1173
کبافق|1400,كبافق.zip!كبافق_۱۴۰۰_۱۲_۲۹_separate_ن-۱۰_صورت‌های مالی سال مالی منتهی به ۱۴۰۰_۱۲_۲۹ (حسابرسی شده).xlsx,separate,audited,original,PAYLOAD_SUBSTANTIVE,NO,MATCHED_SEPARATE_CORRECTION_SELECTED,df61b328b9ee2939f8889f63bd0f31fca313d0bb80e62c2b692d682e2cbd3a13
کبافق|1400,كبافق.zip!كبافق_۱۴۰۰_۱۲_۲۹_separate_ن-۱۰_صورت‌های مالی سال مالی منتهی به ۱۴۰۰_۱۲_۲۹ (حسابرسی شده)(اصلاحیه).xlsx,separate,audited,correction,PAYLOAD_SUBSTANTIVE,YES,MATCHED_SEPARATE_CORRECTION_SELECTED,72a2e28b652adc9bc7a9e2ea2a681f636f48e3e3b7b1d8f1d0bdac21d870b4a6
کگاز|1393,كگاز.zip!كگاز_۱۳۹۳_۱۲_۲۹_separate_ن-۱۰_صورتهای مالی سال مالی منتهی به ۱۳۹۳_۱۲_۲۹ (حسابرسی شده).xlsx,separate,audited,original,PAYLOAD_SUBSTANTIVE,NO,MATCHED_SEPARATE_CORRECTION_SELECTED,12686c3cd1ee480813c7aabca656daa34af050cffe142fa12d594e779ddecc81
کگاز|1393,كگاز.zip!كگاز_۱۳۹۳_۱۲_۲۹_separate_ن-۱۰_صورتهای مالی سال مالی منتهی به ۱۳۹۳_۱۲_۲۹ (حسابرسی شده)(اصلاحیه).xlsx,separate,audited,correction,PAYLOAD_SUBSTANTIVE,YES,MATCHED_SEPARATE_CORRECTION_SELECTED,e1592889c67e6f2e5f2c77c0b984081f7a6d9b50264cdb24f0cba1fc431887ce
کگاز|1393,كگاز.zip!كگاز_۱۳۹۳_۱۲_۲۹_separate_ن-۱۰_صورت‌های مالی سال مالی منتهی به ۱۳۹۳_۱۲_۲۹ (حسابرسی شده)(اصلاحیه).xlsx,separate,audited,correction,PAYLOAD_SUBSTANTIVE,NO,MATCHED_SEPARATE_CORRECTION_SELECTED,33dedce68d60fa1e4308438bcf3da2ee06035d45261e06f4162ed50c6d50cb0a
خاذین|1395,خاذين.zip!خاذين_۱۳۹۵_۱۲_۳۰_separate_ن-۱۰_صورت‌های مالی سال مالی منتهی به ۱۳۹۵_۱۲_۳۰ (حسابرسی شده).xlsx,separate,audited,original,PAYLOAD_SUBSTANTIVE,NO,MATCHED_SEPARATE_CORRECTION_SELECTED,a309c48299826778c85e2e3a93ff7854c60ab84f678274fc6989161ffdacddeb
خاذین|1395,خاذين.zip!خاذين_۱۳۹۵_۱۲_۳۰_separate_ن-۱۰_صورت‌های مالی سال مالی منتهی به ۱۳۹۵_۱۲_۳۰ (حسابرسی شده)(اصلاحیه).xlsx,separate,audited,correction,PAYLOAD_SUBSTANTIVE,YES,MATCHED_SEPARATE_CORRECTION_SELECTED,b253442743cc39e1f8baebc345433ce84ca4dd648414216f1a777e52845d9032
خبهمن|1395,خبهمن.zip!خبهمن_۱۳۹۵_۱۲_۳۰_separate_ن-۱۰_صورت‌های مالی سال مالی منتهی به ۱۳۹۵_۱۲_۳۰ (حسابرسی شده).xlsx,separate,audited,original,PAYLOAD_SUBSTANTIVE,NO,MATCHED_SEPARATE_CORRECTION_SELECTED,0a285c502b709eab25eeb2ab7693c2cd76384dd5557fc31b9e860837390d64dd
خبهمن|1395,خبهمن.zip!خبهمن_۱۳۹۵_۱۲_۳۰_separate_ن-۱۰_صورت‌های مالی سال مالی منتهی به ۱۳۹۵_۱۲_۳۰ (حسابرسی شده)(اصلاحیه).xlsx,separate,audited,correction,PAYLOAD_SUBSTANTIVE,YES,MATCHED_SEPARATE_CORRECTION_SELECTED,85eb5d05ad2bea2999ff36ccf0cc61ae39e99b134475c46787cc5168aacd627e
خبهمن|1398,خبهمن.zip!خبهمن_۱۳۹۸_۱۲_۲۹_separate_ن-۱۰_صورت‌های مالی سال مالی منتهی به ۱۳۹۸_۱۲_۲۹ (حسابرسی شده).xlsx,separate,audited,original,PAYLOAD_SUBSTANTIVE,NO,MATCHED_SEPARATE_CORRECTION_SELECTED,43dbd74cdf53c2fc08e64771486fe3b7cbf45555606d813022955f2574eaeff2
خبهمن|1398,خبهمن.zip!خبهمن_۱۳۹۸_۱۲_۲۹_separate_ن-۱۰_صورت‌های مالی سال مالی منتهی به ۱۳۹۸_۱۲_۲۹ (حسابرسی شده)(اصلاحیه).xlsx,separate,audited,correction,PAYLOAD_SUBSTANTIVE,YES,MATCHED_SEPARATE_CORRECTION_SELECTED,1a9ae7f27fc027ef8df8cbdfe4e55428d28429301251641da0905675a966e972
خبهمن|1399,خبهمن.zip!خبهمن_۱۳۹۹_۱۲_۳۰_separate_ن-۱۰_صورت‌های مالی سال مالی منتهی به ۱۳۹۹_۱۲_۳۰ (حسابرسی شده).xlsx,separate,audited,original,PAYLOAD_SUBSTANTIVE,NO,MATCHED_SEPARATE_CORRECTION_SELECTED,2379bf176637a53f4c4fb117d7ae4d2d3fa351c004e0782091b79999cefc2e2c
خبهمن|1399,خبهمن.zip!خبهمن_۱۳۹۹_۱۲_۳۰_separate_ن-۱۰_صورت‌های مالی سال مالی منتهی به ۱۳۹۹_۱۲_۳۰ (حسابرسی شده)(اصلاحیه).xlsx,separate,audited,correction,PAYLOAD_SUBSTANTIVE,YES,MATCHED_SEPARATE_CORRECTION_SELECTED,cbad7bacd55fce6a03d6eeb06286df03ef01821dc10fc5d24d15f2fe0f00037c
خکمک|1402,خكمك.zip!خكمك_۱۴۰۲_۱۲_۲۹_separate_ن-۱۰_صورت‌های مالی سال مالی منتهی به ۱۴۰۲_۱۲_۲۹ (حسابرسی شده).xlsx,separate,audited,original,PAYLOAD_SUBSTANTIVE,NO,MATCHED_SEPARATE_CORRECTION_SELECTED,ce3a1df6d7e2078e160201ab27e90bc7433b71bf4be69c5c5e4a7d7d3c3df5b8
خکمک|1402,خكمك.zip!خكمك_۱۴۰۲_۱۲_۲۹_separate_ن-۱۰_صورت‌های مالی سال مالی منتهی به ۱۴۰۲_۱۲_۲۹ (حسابرسی شده)(اصلاحیه).xlsx,separate,audited,correction,PAYLOAD_SUBSTANTIVE,YES,MATCHED_SEPARATE_CORRECTION_SELECTED,19db4fd4f22857d93d7d3ff2f4f17cf330d3dbebfc9a0e75a74f93a9f283aba2
کهمدا|1401,كهمدا.zip!كهمدا_۱۴۰۱_۰۳_۳۱_separate_ن-۱۰_صورت‌های مالی سال مالی منتهی به ۱۴۰۱_۰۳_۳۱ (حسابرسی شده).xlsx,separate,audited,original,PAYLOAD_SUBSTANTIVE,NO,MATCHED_SEPARATE_CORRECTION_SELECTED,317c03be512ed1c84778584e0886a9be466a2b1fee8f5cd0ce9b031523c13d8b
کهمدا|1401,كهمدا.zip!كهمدا_۱۴۰۱_۰۳_۳۱_separate_ن-۱۰_صورت‌های مالی سال مالی منتهی به ۱۴۰۱_۰۳_۳۱ (حسابرسی شده)(اصلاحیه).xlsx,separate,audited,correction,PAYLOAD_SUBSTANTIVE,YES,MATCHED_SEPARATE_CORRECTION_SELECTED,affba1fdb7e55e76469380ecc3fe8fa81d688b32313e70444ad63db2786de34d
خوساز|1397,خوساز.zip!خوساز_۱۳۹۷_۱۲_۲۹_separate_ن-۱۰_صورت‌های مالی سال مالی منتهی به ۱۳۹۷_۱۲_۲۹ (حسابرسی شده).xlsx,separate,audited,original,PAYLOAD_SUBSTANTIVE,NO,MATCHED_SEPARATE_CORRECTION_SELECTED,aa52fc693ba05caf998210cb91a55f58fd49c95083a4069c642e0bfc7c3c8a30
خوساز|1397,خوساز.zip!خوساز_۱۳۹۷_۱۲_۲۹_separate_ن-۱۰_صورت‌های مالی سال مالی منتهی به ۱۳۹۷_۱۲_۲۹ (حسابرسی شده)(اصلاحیه).xlsx,separate,audited,correction,PAYLOAD_SUBSTANTIVE,YES,MATCHED_SEPARATE_CORRECTION_SELECTED,e55f8e035de2a3e1162c5ab41f2e6d9cb01005e2908b83ca9d295173dd96f701
خوساز|1399,خوساز.zip!خوساز_۱۳۹۹_۱۲_۳۰_separate_ن-۱۰_صورت‌های مالی سال مالی منتهی به ۱۳۹۹_۱۲_۳۰ (حسابرسی شده).xlsx,separate,audited,original,PAYLOAD_SUBSTANTIVE,NO,MATCHED_SEPARATE_CORRECTION_SELECTED,75847f91cfd61aa2642fe2f815f01037386f84bac8c142b309558f82baee380b
خوساز|1399,خوساز.zip!خوساز_۱۳۹۹_۱۲_۳۰_separate_ن-۱۰_صورت‌های مالی سال مالی منتهی به ۱۳۹۹_۱۲_۳۰ (حسابرسی شده)(اصلاحیه).xlsx,separate,audited,correction,PAYLOAD_SUBSTANTIVE,YES,MATCHED_SEPARATE_CORRECTION_SELECTED,c88ec1bd07630e25c8bb289c5fffe8e44306656507dc2f753aedc8f54240dac5
خرینگ|1402,خرينگ.zip!خرينگ_۱۴۰۲_۱۲_۲۹_separate_ن-۱۰_صورت‌های مالی سال مالی منتهی به ۱۴۰۲_۱۲_۲۹ (حسابرسی شده).xlsx,separate,audited,original,PAYLOAD_SUBSTANTIVE,NO,MATCHED_SEPARATE_CORRECTION_SELECTED,867b8d3c04748d91b3fac5497e2d682d1e8a2e09c5c10fa8f3424b9f8615c62e
خرینگ|1402,خرينگ.zip!خرينگ_۱۴۰۲_۱۲_۲۹_separate_ن-۱۰_صورت‌های مالی سال مالی منتهی به ۱۴۰۲_۱۲_۲۹ (حسابرسی شده)(اصلاحیه).xlsx,separate,audited,correction,PAYLOAD_SUBSTANTIVE,YES,MATCHED_SEPARATE_CORRECTION_SELECTED,b9bac8e9c36cb7bb17d4dacc07b0a18fd83db5319e78a55211c0317c36443d99
ختوقا|1398,ختوقا.zip!ختوقا_۱۳۹۸_۱۲_۲۹_separate_ن-۱۰_صورت‌های مالی سال مالی منتهی به ۱۳۹۸_۱۲_۲۹ (حسابرسی شده).xlsx,separate,audited,original,PAYLOAD_SUBSTANTIVE,NO,MATCHED_SEPARATE_CORRECTION_SELECTED,00b990976acae1a157a2615b0800cf82d7548243630ef8b1807f61f4763d51cd
ختوقا|1398,ختوقا.zip!ختوقا_۱۳۹۸_۱۲_۲۹_separate_ن-۱۰_صورت‌های مالی سال مالی منتهی به ۱۳۹۸_۱۲_۲۹ (حسابرسی شده)(اصلاحیه).xlsx,separate,audited,correction,PAYLOAD_SUBSTANTIVE,YES,MATCHED_SEPARATE_CORRECTION_SELECTED,ae14ab28f58473fa1306b6440fbff3b4d6c89d5c95515e037e10060c66166ef9
کویر|1398,كوير.zip!كوير_۱۳۹۸_۱۲_۲۹_consolidated_ن-۱۰_صورت‌های مالی تلفیقی سال مالی منتهی به ۱۳۹۸_۱۲_۲۹ (حسابرسی شده).xlsx,consolidated,audited,original,PAYLOAD_SUBSTANTIVE,NO,ONLY_CONSOLIDATED_AVAILABLE,5b8b472379e336224b7cf812ffa97ca78476a4b289361a43a909c8a0e2e45f2c
کویر|1398,كوير.zip!كوير_۱۳۹۸_۱۲_۲۹_consolidated_ن-۱۰_صورت‌های مالی تلفیقی سال مالی منتهی به ۱۳۹۸_۱۲_۲۹ (حسابرسی شده)(اصلاحیه).xlsx,consolidated,audited,correction,PAYLOAD_SUBSTANTIVE,NO,ONLY_CONSOLIDATED_AVAILABLE,3a141cb300a05fafe25ffcf9b883106e5e02d218b1063cf6a1c30b2023b3ce74
لسرما|1398,لسرما.zip!لسرما_۱۳۹۸_۱۲_۲۹_consolidated_ن-۱۰_صورت‌های مالی تلفیقی سال مالی منتهی به ۱۳۹۸_۱۲_۲۹ (حسابرسی شده).xlsx,consolidated,audited,original,PAYLOAD_SUBSTANTIVE,NO,ONLY_CONSOLIDATED_AVAILABLE,8de0dd8930485c7694559525116b4fd1c2856218fba0e085ea00c68ec3413c27
لسرما|1398,لسرما.zip!لسرما_۱۳۹۸_۱۲_۲۹_consolidated_ن-۱۰_صورت‌های مالی تلفیقی سال مالی منتهی به ۱۳۹۸_۱۲_۲۹ (حسابرسی شده)(اصلاحیه).xlsx,consolidated,audited,correction,PAYLOAD_SUBSTANTIVE,NO,ONLY_CONSOLIDATED_AVAILABLE,65dbc76e72b60b262c7db525cbcca5eeeaaa509fe04da719398316d580517c4e
لخزر|1395,لخزر.zip!لخزر_۱۳۹۵_۱۲_۳۰_separate_ن-۱۰_صورت‌های مالی سال مالی منتهی به ۱۳۹۵_۱۲_۳۰ (حسابرسی شده).xlsx,separate,audited,original,PAYLOAD_SUBSTANTIVE,NO,MATCHED_SEPARATE_CORRECTION_SELECTED,331fcf7e3a30f50a6fa2a9d44d0a9e412a3cc9f68a3e7539b799b521dc1cc23d
لخزر|1395,لخزر.zip!لخزر_۱۳۹۵_۱۲_۳۰_separate_ن-۱۰_صورت‌های مالی سال مالی منتهی به ۱۳۹۵_۱۲_۳۰ (حسابرسی شده)(اصلاحیه).xlsx,separate,audited,correction,PAYLOAD_SUBSTANTIVE,YES,MATCHED_SEPARATE_CORRECTION_SELECTED,788f129b18cd7ca3a85403d95905186c6ff9bc040639b4bfa321f07056f742f0
لخزر|1398,لخزر.zip!لخزر_۱۳۹۸_۱۲_۲۹_consolidated_ن-۱۰_صورت‌های مالی تلفیقی سال مالی منتهی به ۱۳۹۸_۱۲_۲۹ (حسابرسی شده).xlsx,consolidated,audited,original,PAYLOAD_SUBSTANTIVE,NO,MATCHED_SEPARATE_VALID,982482a8aef190636b3e49dc6aabb9f643d09ffeecc79178b052f05a7409b59c
لخزر|1398,لخزر.zip!لخزر_۱۳۹۸_۱۲_۲۹_separate_ن-۱۰_صورت‌های مالی سال مالی منتهی به ۱۳۹۸_۱۲_۲۹ (حسابرسی شده).xlsx,separate,audited,original,PAYLOAD_SUBSTANTIVE,YES,MATCHED_SEPARATE_VALID,fb43f1e83a2812d83d6a7292d52345d6c2989252fde221897e8cba60eac1a746
پرداخت|1396,پرداخت.zip!پرداخت_۱۳۹۶_۱۲_۲۹_separate_ن-۱۰_صورت‌های مالی سال مالی منتهی به ۱۳۹۶_۱۲_۲۹ (حسابرسی شده).xlsx,separate,audited,original,PAYLOAD_SUBSTANTIVE,NO,MATCHED_SEPARATE_CORRECTION_SELECTED,85d74f807f0d6c328fb625b84d9d33709b2949052e8b0a71d220838391e5a940
پرداخت|1396,پرداخت.zip!پرداخت_۱۳۹۶_۱۲_۲۹_separate_ن-۱۰_صورت‌های مالی سال مالی منتهی به ۱۳۹۶_۱۲_۲۹ (حسابرسی شده)(اصلاحیه).xlsx,separate,audited,correction,PAYLOAD_SUBSTANTIVE,YES,MATCHED_SEPARATE_CORRECTION_SELECTED,60a6cd1e21b92a8343e4c82f5c5e64c8c21c0aeb521fe26641f1b1ff7b06f97f
پرداخت|1402,پرداخت.zip!پرداخت_۱۴۰۲_۰۹_۳۰_separate_ن-۱۰_صورت‌های مالی سال مالی منتهی به ۱۴۰۲_۰۹_۳۰ (حسابرسی شده).xlsx,separate,audited,original,PAYLOAD_SUBSTANTIVE,NO,MATCHED_SEPARATE_CORRECTION_SELECTED,f8aa838db5ccee8dea69bc264500533aa1d3af29c207fe8068c2a745ffecb9b4
پرداخت|1402,پرداخت.zip!پرداخت_۱۴۰۲_۰۹_۳۰_separate_ن-۱۰_صورت‌های مالی سال مالی منتهی به ۱۴۰۲_۰۹_۳۰ (حسابرسی شده)(اصلاحیه).xlsx,separate,audited,correction,PAYLOAD_SUBSTANTIVE,YES,MATCHED_SEPARATE_CORRECTION_SELECTED,185be622ec55c0a27764b24a9b71d39db6fc41fe3535f78a9a6ff4ee52ee696b
پارس|1396,پارس.zip!پارس_۱۳۹۶_۱۲_۲۹_separate_ن-۱۰_صورت‌های مالی سال مالی منتهی به ۱۳۹۶_۱۲_۲۹ (حسابرسی شده).xlsx,separate,audited,original,PAYLOAD_SUBSTANTIVE,NO,MATCHED_SEPARATE_CORRECTION_SELECTED,4158e79977be90e74085df5ab52c68464bd4495df5c785af107b95a9d75501b4
پارس|1396,پارس.zip!پارس_۱۳۹۶_۱۲_۲۹_separate_ن-۱۰_صورت‌های مالی سال مالی منتهی به ۱۳۹۶_۱۲_۲۹ (حسابرسی شده)(اصلاحیه).xlsx,separate,audited,correction,PAYLOAD_SUBSTANTIVE,YES,MATCHED_SEPARATE_CORRECTION_SELECTED,72f9ac5b8db5c3ed0b2baf32862ce10cce038273d1e723e9e0174d56990d63b2
پی‌پاد|1402,پي پاد.zip!پي پاد_۱۴۰۲_۰۹_۳۰_consolidated_ن-۱۰_صورت‌های مالی تلفیقی سال مالی منتهی به ۱۴۰۲_۰۹_۳۰ (حسابرسی شده).xlsx,consolidated,audited,original,PAYLOAD_SUBSTANTIVE,NO,ONLY_CONSOLIDATED_AVAILABLE,41518d34add0820dea2f51af7039a3bf2e3b1c602d723f6d97623b74feeb9b2e
پی‌پاد|1402,پي پاد.zip!پي پاد_۱۴۰۲_۰۹_۳۰_consolidated_ن-۱۰_صورت‌های مالی تلفیقی سال مالی منتهی به ۱۴۰۲_۰۹_۳۰ (حسابرسی شده)(اصلاحیه).xlsx,consolidated,audited,correction,PAYLOAD_SUBSTANTIVE,NO,ONLY_CONSOLIDATED_AVAILABLE,9a68b14632a628e81a8f4f00b654aad46a6999a45d685a8e0630d3f7648784ae
رمپنا|1392,رمپنا.zip!رمپنا_۱۳۹۲_۱۲_۲۹_separate_ن-۱۰_صورتهای مالی سال مالی منتهی به ۱۳۹۲_۱۲_۲۹ (حسابرسی شده).xlsx,separate,audited,original,PAYLOAD_SUBSTANTIVE,NO,MATCHED_SEPARATE_CORRECTION_SELECTED,a5c1685402a1a5e7dddb860914952cc59c2e0ab3d99d9eaa4d251f026cfeb72b
رمپنا|1392,رمپنا.zip!رمپنا_۱۳۹۲_۱۲_۲۹_separate_ن-۱۰_صورتهای مالی سال مالی منتهی به ۱۳۹۲_۱۲_۲۹ (حسابرسی شده)(اصلاحیه).xlsx,separate,audited,correction,PAYLOAD_SUBSTANTIVE,YES,MATCHED_SEPARATE_CORRECTION_SELECTED,46fe793361c2edb7a945b2e00d8f694f6a228b7ef15833d9ba572bb2593aab1c
رمپنا|1394,رمپنا.zip!رمپنا_۱۳۹۴_۱۲_۲۹_consolidated_ن-۱۰_صورت‌های مالی تلفیقی سال مالی منتهی به ۱۳۹۴_۱۲_۲۹ (حسابرسی شده).xlsx,consolidated,audited,original,PAYLOAD_SUBSTANTIVE,NO,MATCHED_SEPARATE_VALID,0987f86cd86e7d0763207f946431d5bd810edba9df4c6d66344d4fbee1646153
رمپنا|1394,رمپنا.zip!رمپنا_۱۳۹۴_۱۲_۲۹_separate_ن-۱۰_صورت‌های مالی سال مالی منتهی به ۱۳۹۴_۱۲_۲۹ (حسابرسی شده).xlsx,separate,audited,original,PAYLOAD_SUBSTANTIVE,YES,MATCHED_SEPARATE_VALID,f596ceb5e522a304b9183c5ec9da5cd9be95af9bbd106cdbc605f75630354baf
رانفور|1396,رانفور.zip!رانفور_۱۳۹۶_۱۲_۲۹_consolidated_ن-۱۰_صورت‌های مالی تلفیقی سال مالی منتهی به ۱۳۹۶_۱۲_۲۹ (حسابرسی شده).xlsx,consolidated,audited,original,PAYLOAD_SUBSTANTIVE,NO,ONLY_CONSOLIDATED_AVAILABLE,44ba892dcd934eb99811edbdff59798f1ab4d1c2dcbbabead83f21752e58abcb
رانفور|1396,رانفور.zip!رانفور_۱۳۹۶_۱۲_۲۹_consolidated_ن-۱۰_صورت‌های مالی تلفیقی سال مالی منتهی به ۱۳۹۶_۱۲_۲۹ (حسابرسی شده)(اصلاحیه).xlsx,consolidated,audited,correction,PAYLOAD_SUBSTANTIVE,NO,ONLY_CONSOLIDATED_AVAILABLE,4aad1c3f2de96413068149f84967f05305dbf9216c4abb096a8d8a9feb6c8b62
رانفور|1400,رانفور.zip!رانفور_۱۴۰۰_۱۲_۲۹_consolidated_ن-۱۰_صورت‌های مالی تلفیقی سال مالی منتهی به ۱۴۰۰_۱۲_۲۹ (حسابرسی شده).xlsx,consolidated,audited,original,PAYLOAD_SUBSTANTIVE,NO,ONLY_CONSOLIDATED_AVAILABLE,cde9e2b711124d85988d41774ad5fa55a13dbc9479dc169062c9af1e73615d65
رانفور|1400,رانفور.zip!رانفور_۱۴۰۰_۱۲_۲۹_consolidated_ن-۱۰_صورت‌های مالی تلفیقی سال مالی منتهی به ۱۴۰۰_۱۲_۲۹ (حسابرسی شده)(اصلاحیه).xlsx,consolidated,audited,correction,PAYLOAD_SUBSTANTIVE,NO,ONLY_CONSOLIDATED_AVAILABLE,323c165285c85b0a575c7a8a3d004877ed6cb5afd7e00075f268016bae11d4d1
سآبیک|1402,سآبيك.zip!سآبيك_۱۴۰۲_۱۲_۲۹_separate_ن-۱۰_صورت‌های مالی سال مالی منتهی به ۱۴۰۲_۱۲_۲۹ (حسابرسی شده).xlsx,separate,audited,original,PAYLOAD_SUBSTANTIVE,NO,MATCHED_SEPARATE_CORRECTION_SELECTED,008cade9057b71e9cbe7439b0be6fc12f2974e6ce644a2c3a1c0f3300fa99703
سآبیک|1402,سآبيك.zip!سآبيك_۱۴۰۲_۱۲_۲۹_separate_ن-۱۰_صورت‌های مالی سال مالی منتهی به ۱۴۰۲_۱۲_۲۹ (حسابرسی شده)(اصلاحیه).xlsx,separate,audited,correction,PAYLOAD_SUBSTANTIVE,YES,MATCHED_SEPARATE_CORRECTION_SELECTED,af22242283d0c1900d609b4a1022ce34eb31ebcf7962f8363e49257be781e3a6
سبجنو|1397,سبجنو.zip!سبجنو_۱۳۹۷_۱۲_۲۹_separate_ن-۱۰_صورت‌های مالی سال مالی منتهی به ۱۳۹۷_۱۲_۲۹ (حسابرسی شده).xlsx,separate,audited,original,PAYLOAD_SUBSTANTIVE,NO,MATCHED_SEPARATE_CORRECTION_SELECTED,b1fed08b0689f9453e1d3a0ca8548f19a6b32840cef0e3a05a111fdf91da5862
سبجنو|1397,سبجنو.zip!سبجنو_۱۳۹۷_۱۲_۲۹_separate_ن-۱۰_صورت‌های مالی سال مالی منتهی به ۱۳۹۷_۱۲_۲۹ (حسابرسی شده)(اصلاحیه).xlsx,separate,audited,correction,PAYLOAD_SUBSTANTIVE,YES,MATCHED_SEPARATE_CORRECTION_SELECTED,1e4481a3d38d7c59a8d486d25eecae3c5e225c8689ab9be83f6d15ca4c6d38a9
سبجنو|1402,سبجنو.zip!سبجنو_۱۴۰۲_۱۲_۲۹_separate_ن-۱۰_صورت‌های مالی سال مالی منتهی به ۱۴۰۲_۱۲_۲۹ (حسابرسی شده).xlsx,separate,audited,original,PAYLOAD_SUBSTANTIVE,NO,MATCHED_SEPARATE_CORRECTION_SELECTED,c7b71e80d42386cecc8e0c4f8d6c4461738f81d94498a9fe33dad7cc433f422d
سبجنو|1402,سبجنو.zip!سبجنو_۱۴۰۲_۱۲_۲۹_separate_ن-۱۰_صورت‌های مالی سال مالی منتهی به ۱۴۰۲_۱۲_۲۹ (حسابرسی شده)(اصلاحیه).xlsx,separate,audited,correction,PAYLOAD_SUBSTANTIVE,YES,MATCHED_SEPARATE_CORRECTION_SELECTED,83dfb91b1dce80d9b5ece77e3af2027461611dc26185525baff18f2a278a1306
سهگمت|1396,سهگمت.zip!سهگمت_۱۳۹۶_۱۰_۳۰_consolidated_ن-۱۰_صورت‌های مالی تلفیقی سال مالی منتهی به ۱۳۹۶_۱۰_۳۰ (حسابرسی شده).xlsx,consolidated,audited,original,PAYLOAD_SUBSTANTIVE,NO,ONLY_CONSOLIDATED_AVAILABLE,4343bf2a337d58bf41667bbd0a279af9f95d02c976985249bc95bb0d1be3e57e
سهگمت|1396,سهگمت.zip!سهگمت_۱۳۹۶_۱۰_۳۰_consolidated_ن-۱۰_صورت‌های مالی تلفیقی سال مالی منتهی به ۱۳۹۶_۱۰_۳۰ (حسابرسی شده)(اصلاحیه).xlsx,consolidated,audited,correction,PAYLOAD_SUBSTANTIVE,NO,ONLY_CONSOLIDATED_AVAILABLE,ab2e29d1745dd84881a6276c35571c6bbcb61d66ef3dd544d4c660198a9373e2
سخوز|1392,سخوز.zip!سخوز_۱۳۹۲_۱۲_۲۹_separate_ن-۱۰_صورتهای مالی سال مالی منتهی به ۱۳۹۲_۱۲_۲۹ (حسابرسی شده).xlsx,separate,audited,original,PAYLOAD_SUBSTANTIVE,NO,MATCHED_SEPARATE_CORRECTION_SELECTED,130b0763084bb4c99cf31fc17b86ccc5ca8178ff93520fa550592958aeb26b47
سخوز|1392,سخوز.zip!سخوز_۱۳۹۲_۱۲_۲۹_separate_ن-۱۰_صورتهای مالی سال مالی منتهی به ۱۳۹۲_۱۲_۲۹ (حسابرسی شده)(اصلاحیه).xlsx,separate,audited,correction,PAYLOAD_SUBSTANTIVE,YES,MATCHED_SEPARATE_CORRECTION_SELECTED,b365567569209a5c278de1b1cd8932bc041261ec58ce36764e9e7c3807e7f579
سخوز|1395,سخوز.zip!سخوز_۱۳۹۵_۱۲_۳۰_separate_ن-۱۰_صورت‌های مالی سال مالی منتهی به ۱۳۹۵_۱۲_۳۰ (حسابرسی شده).xlsx,separate,audited,original,PAYLOAD_SUBSTANTIVE,NO,MATCHED_SEPARATE_CORRECTION_SELECTED,6a21a8bc7895e5e2a35553d9f63d64e58611e545f6b1f41e807de6a3304393ea
سخوز|1395,سخوز.zip!سخوز_۱۳۹۵_۱۲_۳۰_separate_ن-۱۰_صورت‌های مالی سال مالی منتهی به ۱۳۹۵_۱۲_۳۰ (حسابرسی شده)(اصلاحیه).xlsx,separate,audited,correction,PAYLOAD_SUBSTANTIVE,YES,MATCHED_SEPARATE_CORRECTION_SELECTED,1fba046b8aa74ca115b9533f9c771b165163f3f8371615949648a0f3b4763409
سخوز|1400,سخوز.zip!سخوز_۱۴۰۰_۱۲_۲۹_consolidated_ن-۱۰_صورت‌های مالی تلفیقی سال مالی منتهی به ۱۴۰۰_۱۲_۲۹ (حسابرسی شده).xlsx,consolidated,audited,original,PAYLOAD_SUBSTANTIVE,NO,ONLY_CONSOLIDATED_AVAILABLE,1d89191a7665af4cd5a21a51db2a0c5f425c363448a8ad031888b7e8df264980
سخوز|1400,سخوز.zip!سخوز_۱۴۰۰_۱۲_۲۹_consolidated_ن-۱۰_صورت‌های مالی تلفیقی سال مالی منتهی به ۱۴۰۰_۱۲_۲۹ (حسابرسی شده)(اصلاحیه).xlsx,consolidated,audited,correction,PAYLOAD_SUBSTANTIVE,NO,ONLY_CONSOLIDATED_AVAILABLE,7b303da9c4a9ab1a052eab27a065fd8be1f932e62fd7efac5d7e73984e2a2d4d
سخزر|1402,سخزر.zip!سخزر_۱۴۰۲_۱۲_۲۹_separate_ن-۱۰_صورت‌های مالی سال مالی منتهی به ۱۴۰۲_۱۲_۲۹ (حسابرسی شده).xlsx,separate,audited,original,PAYLOAD_SUBSTANTIVE,NO,MATCHED_SEPARATE_CORRECTION_SELECTED,9b988fa76dedc52e4795d4dc3b96f6647dbc20e3f114bf6dc4d9a3acb45c3a24
سخزر|1402,سخزر.zip!سخزر_۱۴۰۲_۱۲_۲۹_separate_ن-۱۰_صورت‌های مالی سال مالی منتهی به ۱۴۰۲_۱۲_۲۹ (حسابرسی شده)(اصلاحیه).xlsx,separate,audited,correction,PAYLOAD_SUBSTANTIVE,YES,MATCHED_SEPARATE_CORRECTION_SELECTED,55e5e4aebc5b56b2aacd9b1811ed5182257812c6a7ddd6f3b7476b5ac05b5cae
سمازن|1398,سمازن.zip!سمازن_۱۳۹۸_۰۹_۳۰_consolidated_ن-۱۰_صورت‌های مالی تلفیقی سال مالی منتهی به ۱۳۹۸_۰۹_۳۰ (حسابرسی شده).xlsx,consolidated,audited,original,PAYLOAD_NON_SUBSTANTIVE,NO,ONLY_CONSOLIDATED_AVAILABLE,9f6cd4f36ced7e029f8def6dda2786c53e4f6079715cb9e330fe4601988732d7
سمازن|1398,سمازن.zip!سمازن_۱۳۹۸_۰۹_۳۰_consolidated_ن-۱۰_صورت‌های مالی تلفیقی سال مالی منتهی به ۱۳۹۸_۰۹_۳۰ (حسابرسی شده)(اصلاحیه).xlsx,consolidated,audited,correction,PAYLOAD_NON_SUBSTANTIVE,NO,ONLY_CONSOLIDATED_AVAILABLE,9f6cd4f36ced7e029f8def6dda2786c53e4f6079715cb9e330fe4601988732d7
سقاین|1393,سقاين.zip!سقاين_۱۳۹۳_۱۲_۲۹_separate_ن-۱۰_صورتهای مالی سال مالی منتهی به ۱۳۹۳_۱۲_۲۹ (حسابرسی شده).xlsx,separate,audited,original,PAYLOAD_SUBSTANTIVE,NO,MATCHED_SEPARATE_CORRECTION_SELECTED,a66c1d3459ee1b079fbb9a3c0fd20a7c1f0a056e69015b48c00872d9721e3ba8
سقاین|1393,سقاين.zip!سقاين_۱۳۹۳_۱۲_۲۹_separate_ن-۱۰_صورتهای مالی سال مالی منتهی به ۱۳۹۳_۱۲_۲۹ (حسابرسی شده)(اصلاحیه).xlsx,separate,audited,correction,PAYLOAD_SUBSTANTIVE,YES,MATCHED_SEPARATE_CORRECTION_SELECTED,e7dc4ad4603511d948f893067ba55401a5898d0bb40ccf8c3b38d95788c7917e
ساراب|1399,ساراب.zip!ساراب_۱۳۹۹_۱۲_۳۰_consolidated_ن-۱۰_صورت‌های مالی تلفیقی سال مالی منتهی به ۱۳۹۹_۱۲_۳۰ (حسابرسی شده).xlsx,consolidated,audited,original,PAYLOAD_SUBSTANTIVE,NO,ONLY_CONSOLIDATED_AVAILABLE,80742b71f64237276b55fd43c9b2a60a309e42a4e0e374924a19b74d20b86e5e
ساراب|1399,ساراب.zip!ساراب_۱۳۹۹_۱۲_۳۰_consolidated_ن-۱۰_صورت‌های مالی تلفیقی سال مالی منتهی به ۱۳۹۹_۱۲_۳۰ (حسابرسی شده)(اصلاحیه).xlsx,consolidated,audited,correction,PAYLOAD_SUBSTANTIVE,NO,ONLY_CONSOLIDATED_AVAILABLE,17363a408a8cacbd4ef7163763c40d7f25786d0aa0efab32c1598166885927e7
ساروم|1396,ساروم.zip!ساروم_۱۳۹۶_۱۲_۲۹_separate_ن-۱۰_صورت‌های مالی سال مالی منتهی به ۱۳۹۶_۱۲_۲۹ (حسابرسی شده).xlsx,separate,audited,original,PAYLOAD_SUBSTANTIVE,NO,MATCHED_SEPARATE_CORRECTION_SELECTED,1d2fcbe072f6fbf10b77570a7d82d2b28e36ee5b414a03befc7f7e3e3e4105d8
ساروم|1396,ساروم.zip!ساروم_۱۳۹۶_۱۲_۲۹_separate_ن-۱۰_صورت‌های مالی سال مالی منتهی به ۱۳۹۶_۱۲_۲۹ (حسابرسی شده)(اصلاحیه).xlsx,separate,audited,correction,PAYLOAD_SUBSTANTIVE,YES,MATCHED_SEPARATE_CORRECTION_SELECTED,13c3c673c9873db37a0b143988b8c057b91963ad748491caad019fab49249008
سبهان|1396,سبهان.zip!سبهان_۱۳۹۶_۱۲_۲۹_separate_ن-۱۰_صورت‌های مالی سال مالی منتهی به ۱۳۹۶_۱۲_۲۹ (حسابرسی شده).xlsx,separate,audited,original,PAYLOAD_SUBSTANTIVE,NO,MATCHED_SEPARATE_CORRECTION_SELECTED,695d6c86e62670761e1d358763bd5b4bac781e2ce511b9c5e8c0e007cf667bcf
سبهان|1396,سبهان.zip!سبهان_۱۳۹۶_۱۲_۲۹_separate_ن-۱۰_صورت‌های مالی سال مالی منتهی به ۱۳۹۶_۱۲_۲۹ (حسابرسی شده)(اصلاحیه).xlsx,separate,audited,correction,PAYLOAD_SUBSTANTIVE,YES,MATCHED_SEPARATE_CORRECTION_SELECTED,ba9c4be05db9b92be1a8aadb0d8766768eb84fd9b6c0689b48b894c847f0ac94
سدشت|1395,سدشت.zip!سدشت_۱۳۹۵_۰۶_۳۱_consolidated_ن-۱۰_صورت‌های مالی تلفیقی سال مالی منتهی به ۱۳۹۵_۰۶_۳۱ (حسابرسی شده).xlsx,consolidated,audited,original,PAYLOAD_SUBSTANTIVE,NO,ONLY_CONSOLIDATED_AVAILABLE,6ef703b5edc351b66ab1257bb2e5f062c87b0dba784807fea923c20175190524
سدشت|1395,سدشت.zip!سدشت_۱۳۹۵_۰۶_۳۱_consolidated_ن-۱۰_صورت‌های مالی تلفیقی سال مالی منتهی به ۱۳۹۵_۰۶_۳۱ (حسابرسی شده)(اصلاحیه).xlsx,consolidated,audited,correction,PAYLOAD_SUBSTANTIVE,NO,ONLY_CONSOLIDATED_AVAILABLE,5a2d838b24e4ae128768d4167a0195e084037d558a6b643cc4cc9157322ffb42
سدور|1396,سدور.zip!سدور_۱۳۹۶_۱۲_۲۹_separate_ن-۱۰_صورت‌های مالی سال مالی منتهی به ۱۳۹۶_۱۲_۲۹ (حسابرسی شده).xlsx,separate,audited,original,PAYLOAD_SUBSTANTIVE,NO,MATCHED_SEPARATE_CORRECTION_SELECTED,7bdf42ce65f924a5102aec0e026d8fd367ba2e126ae91052c30220170da7b2ef
سدور|1396,سدور.zip!سدور_۱۳۹۶_۱۲_۲۹_separate_ن-۱۰_صورت‌های مالی سال مالی منتهی به ۱۳۹۶_۱۲_۲۹ (حسابرسی شده)(اصلاحیه).xlsx,separate,audited,correction,PAYLOAD_SUBSTANTIVE,YES,MATCHED_SEPARATE_CORRECTION_SELECTED,7b49a8defe2843e427181948de5eb0f9fab3bfce505242abb7964c33e7670597
سدور|1398,سدور.zip!سدور_۱۳۹۸_۱۲_۲۹_separate_ن-۱۰_صورت‌های مالی سال مالی منتهی به ۱۳۹۸_۱۲_۲۹ (حسابرسی شده).xlsx,separate,audited,original,PAYLOAD_SUBSTANTIVE,NO,MATCHED_SEPARATE_CORRECTION_SELECTED,8ef5715e6e3fd91b294302dcd6941edb881c0d602125026e3b8ee0b1e5021a0c
سدور|1398,سدور.zip!سدور_۱۳۹۸_۱۲_۲۹_separate_ن-۱۰_صورت‌های مالی سال مالی منتهی به ۱۳۹۸_۱۲_۲۹ (حسابرسی شده)(اصلاحیه).xlsx,separate,audited,correction,PAYLOAD_SUBSTANTIVE,YES,MATCHED_SEPARATE_CORRECTION_SELECTED,bd366e987d93a3789bdc0eb183e9d211155d08e40d7f81c78beec70ffe69c954
تاپیکو|1394,تاپيكو.zip!تاپيكو_۱۳۹۴_۰۲_۳۱_separate_ن-۱۰_صورت‌های مالی سال مالی منتهی به ۱۳۹۴_۰۲_۳۱ (حسابرسی شده).xlsx,separate,audited,original,PAYLOAD_SUBSTANTIVE,NO,MATCHED_SEPARATE_CORRECTION_SELECTED,7877a27fc002400df545579cb061b5daa67615e03e02b21d2550d2649aaeb3c1
تاپیکو|1394,تاپيكو.zip!تاپيكو_۱۳۹۴_۰۲_۳۱_separate_ن-۱۰_صورت‌های مالی سال مالی منتهی به ۱۳۹۴_۰۲_۳۱ (حسابرسی شده)(اصلاحیه).xlsx,separate,audited,correction,PAYLOAD_SUBSTANTIVE,YES,MATCHED_SEPARATE_CORRECTION_SELECTED,61a1643d092e021e33f17ecf9dd14a83bcf1e8adee94acdfecd82e14ebf72d09
تپمپی|1394,تپمپي.zip!تپمپي_۱۳۹۴_۰۳_۳۱_separate_ن-۱۰_صورت‌های مالی سال مالی منتهی به ۱۳۹۴_۰۳_۳۱ (حسابرسی شده).xlsx,separate,audited,original,PAYLOAD_SUBSTANTIVE,NO,MATCHED_SEPARATE_CORRECTION_SELECTED,719a6a59a533c42f6b39f533b10ff86e44b1e23b67b1d42714d65fb6a23629e7
تپمپی|1394,تپمپي.zip!تپمپي_۱۳۹۴_۰۳_۳۱_separate_ن-۱۰_صورت‌های مالی سال مالی منتهی به ۱۳۹۴_۰۳_۳۱ (حسابرسی شده)(اصلاحیه).xlsx,separate,audited,correction,PAYLOAD_SUBSTANTIVE,YES,MATCHED_SEPARATE_CORRECTION_SELECTED,8147c7b2414c002c57b610d341eeee62cd3acf9feeb73894b7f63af7bd8b6271
وملی|1399,وملي.zip!وملي_۱۳۹۹_۱۲_۳۰_separate_ن-۱۰_صورت‌های مالی سال مالی منتهی به ۱۳۹۹_۱۲_۳۰ (حسابرسی شده).xlsx,separate,audited,original,PAYLOAD_SUBSTANTIVE,NO,MATCHED_SEPARATE_CORRECTION_SELECTED,830589d5b6b9f8277e27bfa5dcba5c6b35be7051fe0b0f466349be464a4ab057
وملی|1399,وملي.zip!وملي_۱۳۹۹_۱۲_۳۰_separate_ن-۱۰_صورت‌های مالی سال مالی منتهی به ۱۳۹۹_۱۲_۳۰ (حسابرسی شده)(اصلاحیه).xlsx,separate,audited,correction,PAYLOAD_SUBSTANTIVE,YES,MATCHED_SEPARATE_CORRECTION_SELECTED,63086eb72a4fc0a9e24aa032534dcd8f35119b91f813f5e1ca516d274df37b7f
وملی|1400,وملي.zip!وملي_۱۴۰۰_۱۲_۲۹_separate_ن-۱۰_صورت‌های مالی سال مالی منتهی به ۱۴۰۰_۱۲_۲۹ (حسابرسی شده).xlsx,separate,audited,original,PAYLOAD_SUBSTANTIVE,NO,MATCHED_SEPARATE_CORRECTION_SELECTED,2d0a1c43cd4fdb67f66f7e421e87cd40b17fc32d6b46f53e07e3aeda621b6b0f
وملی|1400,وملي.zip!وملي_۱۴۰۰_۱۲_۲۹_separate_ن-۱۰_صورت‌های مالی سال مالی منتهی به ۱۴۰۰_۱۲_۲۹ (حسابرسی شده)(اصلاحیه).xlsx,separate,audited,correction,PAYLOAD_SUBSTANTIVE,YES,MATCHED_SEPARATE_CORRECTION_SELECTED,e0e08e874a19e32644138609c85112909df75dc22e2b56f9e7d05786ba87d6f4
وملی|1402,وملي.zip!وملي_۱۴۰۲_۱۲_۲۹_separate_ن-۱۰_صورت‌های مالی سال مالی منتهی به ۱۴۰۲_۱۲_۲۹ (حسابرسی شده).xlsx,separate,audited,original,PAYLOAD_SUBSTANTIVE,NO,MATCHED_SEPARATE_CORRECTION_SELECTED,1b5980e233fa07c2bd658835e3de20d59d4afeaa59a2b2099fb2aeb630345971
وملی|1402,وملي.zip!وملي_۱۴۰۲_۱۲_۲۹_separate_ن-۱۰_صورت‌های مالی سال مالی منتهی به ۱۴۰۲_۱۲_۲۹ (حسابرسی شده)(اصلاحیه).xlsx,separate,audited,correction,PAYLOAD_SUBSTANTIVE,YES,MATCHED_SEPARATE_CORRECTION_SELECTED,649db9263bffb54ee0c5b66efdda3d7c97c88577b866c19af539583d3cfc0844
وکغدیر|1400,وكغدير.zip!وكغدير_۱۴۰۰_۰۶_۳۱_separate_ن-۱۰_صورت‌های مالی سال مالی منتهی به ۱۴۰۰_۰۶_۳۱ (حسابرسی شده).xlsx,separate,audited,original,PAYLOAD_SUBSTANTIVE,NO,MATCHED_SEPARATE_CORRECTION_SELECTED,1d18799353b4cb76e6dadee2782cc8e800074cbde0a1562f1a0d8542743e581d
وکغدیر|1400,وكغدير.zip!وكغدير_۱۴۰۰_۰۶_۳۱_separate_ن-۱۰_صورت‌های مالی سال مالی منتهی به ۱۴۰۰_۰۶_۳۱ (حسابرسی شده)(اصلاحیه).xlsx,separate,audited,correction,PAYLOAD_SUBSTANTIVE,YES,MATCHED_SEPARATE_CORRECTION_SELECTED,a2e1f44ed21902eb1ac7c41a9430b9077111a3e8e8ac2ca76cce07d488943385
زمگسا|1393,زمگسا.zip!زمگسا_۱۳۹۳_۱۲_۲۹_separate_ن-۱۰_صورتهای مالی سال مالی منتهی به ۱۳۹۳_۱۲_۲۹ (حسابرسی شده).xlsx,separate,audited,original,PAYLOAD_SUBSTANTIVE,NO,MATCHED_SEPARATE_CORRECTION_SELECTED,6cf6e0a333423860aad28fde89ac3cf22fc479a30bb008202971651eed582063
زمگسا|1393,زمگسا.zip!زمگسا_۱۳۹۳_۱۲_۲۹_separate_ن-۱۰_صورتهای مالی سال مالی منتهی به ۱۳۹۳_۱۲_۲۹ (حسابرسی شده)(اصلاحیه).xlsx,separate,audited,correction,PAYLOAD_SUBSTANTIVE,YES,MATCHED_SEPARATE_CORRECTION_SELECTED,34039ec1cd0cb883891c6270fd9e2b05dac19564d7226eb38cdb68e7ebef9c8c
ذوب|1396,ذوب.zip!ذوب_۱۳۹۶_۱۲_۲۹_consolidated_ن-۱۰_صورت‌های مالی تلفیقی سال مالی منتهی به ۱۳۹۶_۱۲_۲۹ (حسابرسی شده).xlsx,consolidated,audited,original,PAYLOAD_SUBSTANTIVE,NO,ONLY_CONSOLIDATED_AVAILABLE,3bf86df98837f40fbc40715a1195330680ff7115d6759213a5d13c287c5e6265
ذوب|1396,ذوب.zip!ذوب_۱۳۹۶_۱۲_۲۹_consolidated_ن-۱۰_صورت‌های مالی تلفیقی سال مالی منتهی به ۱۳۹۶_۱۲_۲۹ (حسابرسی شده)(اصلاحیه).xlsx,consolidated,audited,correction,PAYLOAD_SUBSTANTIVE,NO,ONLY_CONSOLIDATED_AVAILABLE,78141b39df4ed71b86095dd33f89913fadd724b298ac0fd1c8908e272777c164
ذوب|1399,ذوب.zip!ذوب_۱۳۹۹_۱۲_۳۰_consolidated_ن-۱۰_صورت‌های مالی تلفیقی سال مالی منتهی به ۱۳۹۹_۱۲_۳۰ (حسابرسی شده).xlsx,consolidated,audited,original,PAYLOAD_SUBSTANTIVE,NO,ONLY_CONSOLIDATED_AVAILABLE,27e374f7a3baac9de4b5ad0ad3bd39fb07a4f082980aa4f84a1e61c55d9651dc
ذوب|1399,ذوب.zip!ذوب_۱۳۹۹_۱۲_۳۰_consolidated_ن-۱۰_صورت‌های مالی تلفیقی سال مالی منتهی به ۱۳۹۹_۱۲_۳۰ (حسابرسی شده)(اصلاحیه).xlsx,consolidated,audited,correction,PAYLOAD_SUBSTANTIVE,NO,ONLY_CONSOLIDATED_AVAILABLE,37dba3034b05c1d9325bd5e7cf5e4b5c0105bbb7e47906cbbd1e8118d8de6fc8
ذوب|1401,ذوب.zip!ذوب_۱۴۰۱_۱۲_۲۹_consolidated_ن-۱۰_صورت‌های مالی تلفیقی سال مالی منتهی به ۱۴۰۱_۱۲_۲۹ (حسابرسی شده).xlsx,consolidated,audited,original,PAYLOAD_SUBSTANTIVE,NO,ONLY_CONSOLIDATED_AVAILABLE,6c6db4385486eb52b53c4b3be0823837210545d0a3e5846044ae64656e6cb35e
ذوب|1401,ذوب.zip!ذوب_۱۴۰۱_۱۲_۲۹_consolidated_ن-۱۰_صورت‌های مالی تلفیقی سال مالی منتهی به ۱۴۰۱_۱۲_۲۹ (حسابرسی شده)(اصلاحیه).xlsx,consolidated,audited,correction,PAYLOAD_SUBSTANTIVE,NO,ONLY_CONSOLIDATED_AVAILABLE,d06eff5e02456af8b13dfa4f182d1400132dd0f52d0c78356fada41b57f3fd7f
شاراک|1393,شاراك.zip!شاراك_۱۳۹۳_۱۲_۲۹_separate_ن-۱۰_صورتهای مالی سال مالی منتهی به ۱۳۹۳_۱۲_۲۹ (حسابرسی شده).xlsx,separate,audited,original,PAYLOAD_SUBSTANTIVE,NO,MATCHED_SEPARATE_CORRECTION_SELECTED,b5ed7e426ec92c368eee7e9c1621e81a45c5747a1239d62884fec1aeac8768f1
شاراک|1393,شاراك.zip!شاراك_۱۳۹۳_۱۲_۲۹_separate_ن-۱۰_صورتهای مالی سال مالی منتهی به ۱۳۹۳_۱۲_۲۹ (حسابرسی شده)(اصلاحیه).xlsx,separate,audited,correction,PAYLOAD_SUBSTANTIVE,YES,MATCHED_SEPARATE_CORRECTION_SELECTED,25bb0f7f1fd8eb53b7780efa2e32dc9030f61fed5eb6ebbdf685f01583044838
شکلر|1396,شكلر.zip!شكلر_۱۳۹۶_۰۶_۳۱_separate_ن-۱۰_صورت‌های مالی سال مالی منتهی به ۱۳۹۶_۰۶_۳۱ (حسابرسی شده).xlsx,separate,audited,original,PAYLOAD_SUBSTANTIVE,NO,MATCHED_SEPARATE_CORRECTION_SELECTED,a7916edc056fa90caa794e619e464e99bc513215c6c0d022bed26d0e66d4be40
شکلر|1396,شكلر.zip!شكلر_۱۳۹۶_۰۶_۳۱_separate_ن-۱۰_صورت‌های مالی سال مالی منتهی به ۱۳۹۶_۰۶_۳۱ (حسابرسی شده)(اصلاحیه).xlsx,separate,audited,correction,PAYLOAD_SUBSTANTIVE,YES,MATCHED_SEPARATE_CORRECTION_SELECTED,b8254d426a0f07153c7afb6127cee56be2561f5974d6b47dfd1b95ce30ef05dd
شکلر|1401,شكلر.zip!شكلر_۱۴۰۱_۰۸_۳۰_separate_ن-۱۰_صورت‌های مالی سال مالی منتهی به ۱۴۰۱_۰۸_۳۰ (حسابرسی شده).xlsx,separate,audited,original,PAYLOAD_SUBSTANTIVE,NO,MATCHED_SEPARATE_CORRECTION_SELECTED,1ebf69405e8774b3e055b4cd0dac0ac2466583d505e85ffdc9142f2a7d45d7b6
شکلر|1401,شكلر.zip!شكلر_۱۴۰۱_۰۸_۳۰_separate_ن-۱۰_صورت‌های مالی سال مالی منتهی به ۱۴۰۱_۰۸_۳۰ (حسابرسی شده)(اصلاحیه).xlsx,separate,audited,correction,PAYLOAD_SUBSTANTIVE,YES,MATCHED_SEPARATE_CORRECTION_SELECTED,3d0bcc22cca32bda8193e4bd72f82630a9a958b81aebbd4056dcd5364f7b5429
شفارس|1399,شفارس.zip!شفارس_۱۳۹۹_۱۲_۳۰_separate_ن-۱۰_صورت‌های مالی سال مالی منتهی به ۱۳۹۹_۱۲_۳۰ (حسابرسی شده).xlsx,separate,audited,original,PAYLOAD_SUBSTANTIVE,NO,MATCHED_SEPARATE_CORRECTION_SELECTED,6d6bc3998b6582550bb675b0bf3bdab148672bb43af4777f19335a7f74685825
شفارس|1399,شفارس.zip!شفارس_۱۳۹۹_۱۲_۳۰_separate_ن-۱۰_صورت‌های مالی سال مالی منتهی به ۱۳۹۹_۱۲_۳۰ (حسابرسی شده)(اصلاحیه).xlsx,separate,audited,correction,PAYLOAD_SUBSTANTIVE,YES,MATCHED_SEPARATE_CORRECTION_SELECTED,1914212540f0b871c289d1e4fed3aae9a710446b96d99cc4d5a3efa92e912a67
شغدیر|1396,شغدير.zip!شغدير_۱۳۹۶_۱۲_۲۹_separate_ن-۱۰_صورت‌های مالی سال مالی منتهی به ۱۳۹۶_۱۲_۲۹ (حسابرسی شده).xlsx,separate,audited,original,PAYLOAD_SUBSTANTIVE,NO,MATCHED_SEPARATE_CORRECTION_SELECTED,6bc045ee6282e7a9afed294bad119649ba09f80d9488a28ffa2ee3e204a04783
شغدیر|1396,شغدير.zip!شغدير_۱۳۹۶_۱۲_۲۹_separate_ن-۱۰_صورت‌های مالی سال مالی منتهی به ۱۳۹۶_۱۲_۲۹ (حسابرسی شده)(اصلاحیه).xlsx,separate,audited,correction,PAYLOAD_SUBSTANTIVE,YES,MATCHED_SEPARATE_CORRECTION_SELECTED,3a5aeb8dad082484708bf16b41c0fbdb33c3d08de0ccd225afddaf5c8a74a544
شپارس|1393,شپارس.zip!شپارس_۱۳۹۳_۰۶_۳۱_separate_ن-۱۰_صورتهای مالی سال مالی منتهی به ۱۳۹۳_۰۶_۳۱ (حسابرسی شده).xlsx,separate,audited,original,PAYLOAD_SUBSTANTIVE,NO,MATCHED_SEPARATE_CORRECTION_SELECTED,ce1c0660070b5741ce053cd412fbac946c4020c473553fd460de2f7fe9715123
شپارس|1393,شپارس.zip!شپارس_۱۳۹۳_۰۶_۳۱_separate_ن-۱۰_صورتهای مالی سال مالی منتهی به ۱۳۹۳_۰۶_۳۱ (حسابرسی شده)(اصلاحیه).xlsx,separate,audited,correction,PAYLOAD_SUBSTANTIVE,YES,MATCHED_SEPARATE_CORRECTION_SELECTED,e3d1a6f54959a04c8bc756585622d70b4f64b24994a8181d3d279c191058b920
شپارس|1395,شپارس.zip!شپارس_۱۳۹۵_۰۶_۳۱_separate_ن-۱۰_صورت‌های مالی سال مالی منتهی به ۱۳۹۵_۰۶_۳۱ (حسابرسی شده).xlsx,separate,audited,original,PAYLOAD_SUBSTANTIVE,NO,MATCHED_SEPARATE_CORRECTION_SELECTED,af82d1b6f571e193400339beb3db576387499708862eb713d531aeee0593d6c6
شپارس|1395,شپارس.zip!شپارس_۱۳۹۵_۰۶_۳۱_separate_ن-۱۰_صورت‌های مالی سال مالی منتهی به ۱۳۹۵_۰۶_۳۱ (حسابرسی شده)(اصلاحیه).xlsx,separate,audited,correction,PAYLOAD_SUBSTANTIVE,YES,MATCHED_SEPARATE_CORRECTION_SELECTED,01cd0bdbd8a2feb430553bbe9675b7258baba11e6274ae9c50873f3b92b6e909
سپاها|1395,سپاها.zip!سپاها_۱۳۹۵_۰۶_۳۱_consolidated_ن-۱۰_صورت‌های مالی تلفیقی سال مالی منتهی به ۱۳۹۵_۰۶_۳۱ (حسابرسی شده).xlsx,consolidated,audited,original,PAYLOAD_SUBSTANTIVE,NO,MATCHED_SEPARATE_VALID,07ec2696a5f8073c85127e8b087ffc9af7ed683a5d653f5d8d51f4c26f18c2e2
سپاها|1395,سپاها.zip!سپاها_۱۳۹۵_۰۶_۳۱_separate_ن-۱۰_صورت‌های مالی سال مالی منتهی به ۱۳۹۵_۰۶_۳۱ (حسابرسی شده).xlsx,separate,audited,original,PAYLOAD_SUBSTANTIVE,YES,MATCHED_SEPARATE_VALID,0ac9c63449feb3c3d9c0d5f27ace27f23963b87f4a38d5167a2d7ee5132a8d07
سپید|1399,سپيد.zip!سپيد_۱۳۹۹_۱۲_۳۰_consolidated_ن-۱۰_صورت‌های مالی تلفیقی سال مالی منتهی به ۱۳۹۹_۱۲_۳۰ (حسابرسی شده).xlsx,consolidated,audited,original,PAYLOAD_SUBSTANTIVE,NO,ONLY_CONSOLIDATED_AVAILABLE,54de95aba63fb61f6a691f578583130afd9ac14d63202fc12534e10a84a53df5
سپید|1399,سپيد.zip!سپيد_۱۳۹۹_۱۲_۳۰_consolidated_ن-۱۰_صورت‌های مالی تلفیقی سال مالی منتهی به ۱۳۹۹_۱۲_۳۰ (حسابرسی شده)(اصلاحیه).xlsx,consolidated,audited,correction,PAYLOAD_SUBSTANTIVE,NO,ONLY_CONSOLIDATED_AVAILABLE,f1adfa4edbdebcc9fd4ab469ad2c35e84ed565f5bab29e5f339395951dd37074
ستران|1401,ستران.zip!ستران_۱۴۰۱_۱۲_۲۹_consolidated_ن-۱۰_صورت‌های مالی تلفیقی سال مالی منتهی به ۱۴۰۱_۱۲_۲۹ (حسابرسی شده).xlsx,consolidated,audited,original,PAYLOAD_SUBSTANTIVE,NO,ONLY_CONSOLIDATED_AVAILABLE,5fc11b6045b3a36d700d45c3d6798abd797daec385db181d531c2cf61c393757
ستران|1401,ستران.zip!ستران_۱۴۰۱_۱۲_۲۹_consolidated_ن-۱۰_صورت‌های مالی تلفیقی سال مالی منتهی به ۱۴۰۱_۱۲_۲۹ (حسابرسی شده)(اصلاحیه).xlsx,consolidated,audited,correction,PAYLOAD_SUBSTANTIVE,NO,ONLY_CONSOLIDATED_AVAILABLE,6ea6a46b6c821dff6ebd17cc0e73ac0933c02acde640b699596d4902298fbf02
سغرب|1396,سغرب.zip!سغرب_۱۳۹۶_۱۲_۲۹_separate_ن-۱۰_صورت‌های مالی سال مالی منتهی به ۱۳۹۶_۱۲_۲۹ (حسابرسی شده).xlsx,separate,audited,original,PAYLOAD_SUBSTANTIVE,NO,MATCHED_SEPARATE_CORRECTION_SELECTED,75702a7640f93f4ae134efe0be31d77146dbafe11d9bc6263e5bb9649fd9ea82
سغرب|1396,سغرب.zip!سغرب_۱۳۹۶_۱۲_۲۹_separate_ن-۱۰_صورت‌های مالی سال مالی منتهی به ۱۳۹۶_۱۲_۲۹ (حسابرسی شده)(اصلاحیه).xlsx,separate,audited,correction,PAYLOAD_SUBSTANTIVE,YES,MATCHED_SEPARATE_CORRECTION_SELECTED,668178e267756e608bc36fb464457059b3f44d62ecfd0a3126fc0d56c8652ab9
سغرب|1400,سغرب.zip!سغرب_۱۴۰۰_۱۲_۲۹_separate_ن-۱۰_صورت‌های مالی سال مالی منتهی به ۱۴۰۰_۱۲_۲۹ (حسابرسی شده).xlsx,separate,audited,original,PAYLOAD_SUBSTANTIVE,NO,MATCHED_SEPARATE_CORRECTION_SELECTED,32560e107347bbbbc69693ad0c7b0507016387b85481805496306f72d0b1e012
سغرب|1400,سغرب.zip!سغرب_۱۴۰۰_۱۲_۲۹_separate_ن-۱۰_صورت‌های مالی سال مالی منتهی به ۱۴۰۰_۱۲_۲۹ (حسابرسی شده)(اصلاحیه).xlsx,separate,audited,correction,PAYLOAD_SUBSTANTIVE,YES,MATCHED_SEPARATE_CORRECTION_SELECTED,4ed39ffa3e447b95e3be42aaadd512c297c5f4d7de56fce5dddaa35c77be3b41
سغرب|1402,سغرب.zip!سغرب_۱۴۰۲_۱۲_۲۹_separate_ن-۱۰_صورت‌های مالی سال مالی منتهی به ۱۴۰۲_۱۲_۲۹ (حسابرسی شده).xlsx,separate,audited,original,PAYLOAD_SUBSTANTIVE,NO,MATCHED_SEPARATE_CORRECTION_SELECTED,2365d39c7ec8e0991ef6dcd03f062f0a6dcfb99a7b0f1c26bbf800dbba76f7e6
سغرب|1402,سغرب.zip!سغرب_۱۴۰۲_۱۲_۲۹_separate_ن-۱۰_صورت‌های مالی سال مالی منتهی به ۱۴۰۲_۱۲_۲۹ (حسابرسی شده)(اصلاحیه).xlsx,separate,audited,correction,PAYLOAD_SUBSTANTIVE,YES,MATCHED_SEPARATE_CORRECTION_SELECTED,09f7f804c9b79bf0dc13fe7497f78555331126d3cd7420c866c96a42be4dfeac
شبندر|1395,شبندر.zip!شبندر_۱۳۹۵_۱۲_۳۰_separate_ن-۱۰_صورت‌های مالی سال مالی منتهی به ۱۳۹۵_۱۲_۳۰ (حسابرسی شده).xlsx,separate,audited,original,PAYLOAD_SUBSTANTIVE,NO,MATCHED_SEPARATE_CORRECTION_SELECTED,687315a1cbc30070bc3069539dd1dd64f9a136c9d95fb462af3139d1a5f4d893
شبندر|1395,شبندر.zip!شبندر_۱۳۹۵_۱۲_۳۰_separate_ن-۱۰_صورت‌های مالی سال مالی منتهی به ۱۳۹۵_۱۲_۳۰ (حسابرسی شده)(اصلاحیه).xlsx,separate,audited,correction,PAYLOAD_SUBSTANTIVE,YES,MATCHED_SEPARATE_CORRECTION_SELECTED,d3ca0960834850255ea17babe44399393104aba4a841a42e9360cefa9eea5b93
شبندر|1396,شبندر.zip!شبندر_۱۳۹۶_۱۲_۲۹_separate_ن-۱۰_صورت‌های مالی سال مالی منتهی به ۱۳۹۶_۱۲_۲۹ (حسابرسی شده).xlsx,separate,audited,original,PAYLOAD_SUBSTANTIVE,NO,MATCHED_SEPARATE_CORRECTION_SELECTED,1865470dc641a74456e24d317f3d0dcee84b25e7f808d7c8434bc9790a6fdd66
شبندر|1396,شبندر.zip!شبندر_۱۳۹۶_۱۲_۲۹_separate_ن-۱۰_صورت‌های مالی سال مالی منتهی به ۱۳۹۶_۱۲_۲۹ (حسابرسی شده)(اصلاحیه).xlsx,separate,audited,correction,PAYLOAD_SUBSTANTIVE,YES,MATCHED_SEPARATE_CORRECTION_SELECTED,e3c9208f60e2838617d6712d876a0778df88853c6a1aed98bcb61145d0c1e599
شبندر|1397,شبندر.zip!شبندر_۱۳۹۷_۱۲_۲۹_separate_ن-۱۰_صورت‌های مالی سال مالی منتهی به ۱۳۹۷_۱۲_۲۹ (حسابرسی شده).xlsx,separate,audited,original,PAYLOAD_SUBSTANTIVE,NO,MATCHED_SEPARATE_CORRECTION_SELECTED,f275c01c069d4859a56207f88e18fdaa94e5eeb50e1fb4d6290bbd3a7e72683d
شبندر|1397,شبندر.zip!شبندر_۱۳۹۷_۱۲_۲۹_separate_ن-۱۰_صورت‌های مالی سال مالی منتهی به ۱۳۹۷_۱۲_۲۹ (حسابرسی شده)(اصلاحیه).xlsx,separate,audited,correction,PAYLOAD_SUBSTANTIVE,YES,MATCHED_SEPARATE_CORRECTION_SELECTED,983c1a021d53b274be54b6571a44b217ecf2f0b4e722f21c56b5604f72aeef12
شبندر|1398,شبندر.zip!شبندر_۱۳۹۸_۱۲_۲۹_separate_ن-۱۰_صورت‌های مالی سال مالی منتهی به ۱۳۹۸_۱۲_۲۹ (حسابرسی شده).xlsx,separate,audited,original,PAYLOAD_SUBSTANTIVE,NO,MATCHED_SEPARATE_CORRECTION_SELECTED,0f57ad6dce6bb470bdbdbedbb02c03052d7f63075dfb08b1fbd9bef83e516960
شبندر|1398,شبندر.zip!شبندر_۱۳۹۸_۱۲_۲۹_separate_ن-۱۰_صورت‌های مالی سال مالی منتهی به ۱۳۹۸_۱۲_۲۹ (حسابرسی شده)(اصلاحیه).xlsx,separate,audited,correction,PAYLOAD_SUBSTANTIVE,YES,MATCHED_SEPARATE_CORRECTION_SELECTED,d684004b2862c3430f554acb61e7d778075c0396922c42c8350c737efb29929d
شبندر|1401,شبندر.zip!شبندر_۱۴۰۱_۱۲_۲۹_separate_ن-۱۰_صورت‌های مالی سال مالی منتهی به ۱۴۰۱_۱۲_۲۹ (حسابرسی شده).xlsx,separate,audited,original,PAYLOAD_SUBSTANTIVE,NO,MATCHED_SEPARATE_CORRECTION_SELECTED,a0f88d325cc3d33c5b9fd1ae6477508a61c87840cc46cd4685440ff8ea1898db
شبندر|1401,شبندر.zip!شبندر_۱۴۰۱_۱۲_۲۹_separate_ن-۱۰_صورت‌های مالی سال مالی منتهی به ۱۴۰۱_۱۲_۲۹ (حسابرسی شده)(اصلاحیه).xlsx,separate,audited,correction,PAYLOAD_SUBSTANTIVE,YES,MATCHED_SEPARATE_CORRECTION_SELECTED,7087fdda3e63f4131c84095e3e60cdb7ad88e67cc16b03f16b897477e498d13d
شدوص|1393,شدوص.zip!شدوص_۱۳۹۳_۱۲_۲۹_separate_ن-۱۰_صورتهای مالی سال مالی منتهی به ۱۳۹۳_۱۲_۲۹ (حسابرسی شده).xlsx,separate,audited,original,PAYLOAD_SUBSTANTIVE,NO,MATCHED_SEPARATE_CORRECTION_SELECTED,985579c182d48eb4eddfe5ec2d7e55a33e316ebc659503de062ac532aaf7872a
شدوص|1393,شدوص.zip!شدوص_۱۳۹۳_۱۲_۲۹_separate_ن-۱۰_صورتهای مالی سال مالی منتهی به ۱۳۹۳_۱۲_۲۹ (حسابرسی شده)(اصلاحیه).xlsx,separate,audited,correction,PAYLOAD_SUBSTANTIVE,YES,MATCHED_SEPARATE_CORRECTION_SELECTED,53443d86a9975dcf59c28bbff7ccc967d8c137db6c262d983fc1b3ca43972cfa
شدوص|1394,شدوص.zip!شدوص_۱۳۹۴_۱۲_۲۹_separate_ن-۱۰_صورت‌های مالی سال مالی منتهی به ۱۳۹۴_۱۲_۲۹ (حسابرسی شده).xlsx,separate,audited,original,PAYLOAD_SUBSTANTIVE,NO,MATCHED_SEPARATE_CORRECTION_SELECTED,973ecd1b1c69055c740dd1039ed02d685af297da4ffbee6dd665512e5901d20c
شدوص|1394,شدوص.zip!شدوص_۱۳۹۴_۱۲_۲۹_separate_ن-۱۰_صورت‌های مالی سال مالی منتهی به ۱۳۹۴_۱۲_۲۹ (حسابرسی شده)(اصلاحیه).xlsx,separate,audited,correction,PAYLOAD_SUBSTANTIVE,YES,MATCHED_SEPARATE_CORRECTION_SELECTED,0197adb789e24248a90b57e739d1d29d1fb98355c7bfaa105531d5ce9cc19e75
اردستان|1399,اردستان.zip!اردستان_۱۳۹۹_۱۲_۳۰_consolidated_ن-۱۰_صورت‌های مالی تلفیقی سال مالی منتهی به ۱۳۹۹_۱۲_۳۰ (حسابرسی شده).xlsx,consolidated,audited,original,PAYLOAD_SUBSTANTIVE,NO,ONLY_CONSOLIDATED_AVAILABLE,53ab244dcaef8115e9c08e8414df3e7a7c8f2556a8a49dc91aea9713bd33d738
اردستان|1399,اردستان.zip!اردستان_۱۳۹۹_۱۲_۳۰_consolidated_ن-۱۰_صورت‌های مالی تلفیقی سال مالی منتهی به ۱۳۹۹_۱۲_۳۰ (حسابرسی شده)(اصلاحیه).xlsx,consolidated,audited,correction,PAYLOAD_SUBSTANTIVE,NO,ONLY_CONSOLIDATED_AVAILABLE,c328493d9629e21af54b7dea779425d5b519c4f21f9de5f5cb7c4dbf12c8435d
اردستان|1400,اردستان.zip!اردستان_۱۴۰۰_۱۲_۲۹_consolidated_ن-۱۰_صورت‌های مالی تلفیقی سال مالی منتهی به ۱۴۰۰_۱۲_۲۹ (حسابرسی شده).xlsx,consolidated,audited,original,PAYLOAD_SUBSTANTIVE,NO,ONLY_CONSOLIDATED_AVAILABLE,fb351a5b1cbfb583697c354a70226530ada8fb09ff9b770a42f9f8c7bca42167
اردستان|1400,اردستان.zip!اردستان_۱۴۰۰_۱۲_۲۹_consolidated_ن-۱۰_صورت‌های مالی تلفیقی سال مالی منتهی به ۱۴۰۰_۱۲_۲۹ (حسابرسی شده)(اصلاحیه).xlsx,consolidated,audited,correction,PAYLOAD_NON_SUBSTANTIVE,NO,ONLY_CONSOLIDATED_AVAILABLE,95931457e6b9a250cee4eb89371529c30642ed5c264168b41a3218e97ad85378
