claim_id,manuscript_section,scope,manuscript_claim,canonical_source_path,canonical_source_field_or_row,exact_committed_value,source_sha256,limitation_present,status
CTM-001,4 Data and Sample; 7 Temporal Validation,temporal_design,Development uses target years 1393-1399.,project/stage130/manuscript_evidence_package/manuscript_results_tables/table_1_cohort_and_temporal_design.csv,row development_target_years,1393-1399,07717076b90b32af2e586ab687d45e4d86b24c008cc6fdba33a4b6dfcb7924e2,no,TRACED_EXACT_COMMITTED_VALUE
CTM-002,4 Data and Sample; 10 Final Test Results,final_test_cohort,The final evaluation uses target years 1400-1402.,project/stage130/manuscript_evidence_package/manuscript_results_tables/table_1_cohort_and_temporal_design.csv,row final_test_target_years,1400-1402,07717076b90b32af2e586ab687d45e4d86b24c008cc6fdba33a4b6dfcb7924e2,no,TRACED_EXACT_COMMITTED_VALUE
CTM-003,4 Data and Sample,temporal_design,Fold 1 trains on target years 1393-1395 and validates on 1396-1397.,project/stage130/manuscript_evidence_package/manuscript_results_tables/table_1_cohort_and_temporal_design.csv,row temporal_validation_fold_1,"{""train_target_years"": [1393, 1394, 1395], ""validation_target_years"": [1396, 1397]}",07717076b90b32af2e586ab687d45e4d86b24c008cc6fdba33a4b6dfcb7924e2,no,TRACED_EXACT_COMMITTED_VALUE
CTM-004,4 Data and Sample,temporal_design,Fold 2 trains on target years 1393-1397 and validates on 1398-1399.,project/stage130/manuscript_evidence_package/manuscript_results_tables/table_1_cohort_and_temporal_design.csv,row temporal_validation_fold_2,"{""train_target_years"": [1393, 1394, 1395, 1396, 1397], ""validation_target_years"": [1398, 1399]}",07717076b90b32af2e586ab687d45e4d86b24c008cc6fdba33a4b6dfcb7924e2,no,TRACED_EXACT_COMMITTED_VALUE
CTM-005,4 Data and Sample; 7 Temporal Validation,temporal_design,The split variable is the fiscal target year.,project/stage130/manuscript_evidence_package/manuscript_results_tables/table_1_cohort_and_temporal_design.csv,row split_variable,target_year,07717076b90b32af2e586ab687d45e4d86b24c008cc6fdba33a4b6dfcb7924e2,no,TRACED_EXACT_COMMITTED_VALUE
CTM-006,4 Data and Sample; 7 Temporal Validation,temporal_design,Random splitting was not authorised.,project/stage130/manuscript_evidence_package/manuscript_results_tables/table_1_cohort_and_temporal_design.csv,row random_split_authorized,false,07717076b90b32af2e586ab687d45e4d86b24c008cc6fdba33a4b6dfcb7924e2,no,TRACED_EXACT_COMMITTED_VALUE
CTM-007,4 Data and Sample; 7 Temporal Validation,temporal_design,Shuffling was not authorised.,project/stage130/manuscript_evidence_package/manuscript_results_tables/table_1_cohort_and_temporal_design.csv,row shuffle_authorized,false,07717076b90b32af2e586ab687d45e4d86b24c008cc6fdba33a4b6dfcb7924e2,no,TRACED_EXACT_COMMITTED_VALUE
CTM-008,4 Data and Sample,development_fit_set,The development fit set comprises 666 company-year rows.,project/stage130/manuscript_evidence_package/manuscript_results_tables/table_1_cohort_and_temporal_design.csv,row development_fit_set_rows,666,07717076b90b32af2e586ab687d45e4d86b24c008cc6fdba33a4b6dfcb7924e2,no,TRACED_EXACT_COMMITTED_VALUE
CTM-009,4 Data and Sample,development_fit_set,The development fit set contains 68 positive rows.,project/stage130/manuscript_evidence_package/manuscript_results_tables/table_1_cohort_and_temporal_design.csv,row development_fit_set_positive,68,07717076b90b32af2e586ab687d45e4d86b24c008cc6fdba33a4b6dfcb7924e2,no,TRACED_EXACT_COMMITTED_VALUE
CTM-010,4 Data and Sample,development_fit_set,The development fit set contains 598 negative rows.,project/stage130/manuscript_evidence_package/manuscript_results_tables/table_1_cohort_and_temporal_design.csv,row development_fit_set_negative,598,07717076b90b32af2e586ab687d45e4d86b24c008cc6fdba33a4b6dfcb7924e2,no,TRACED_EXACT_COMMITTED_VALUE
CTM-011,Abstract; 4 Data and Sample; 10 Final Test Results,final_test_cohort,The Final Test contained 346 evaluable company-year rows.,project/stage130/manuscript_evidence_package/manuscript_results_tables/table_1_cohort_and_temporal_design.csv,row final_test_evaluable_rows,346,07717076b90b32af2e586ab687d45e4d86b24c008cc6fdba33a4b6dfcb7924e2,yes,TRACED_EXACT_COMMITTED_VALUE
CTM-012,Abstract; 4; 10 Final Test Results; 13 Limitations,final_test_cohort,Only 12 positive observations were present in the Final Test.,project/stage130/manuscript_evidence_package/manuscript_claim_freeze.md,C8 committed value,12 positive,2607811c34ee36891bce68484f3f86cd6254682324d1da9035604f6d9460131f,yes,TRACED_EXACT_COMMITTED_VALUE
CTM-013,4 Data and Sample; 10 Final Test Results,final_test_cohort,The Final Test contained 334 negative observations.,project/stage130/manuscript_evidence_package/manuscript_results_tables/table_1_cohort_and_temporal_design.csv,row final_test_negative,334,07717076b90b32af2e586ab687d45e4d86b24c008cc6fdba33a4b6dfcb7924e2,no,TRACED_EXACT_COMMITTED_VALUE
CTM-014,Abstract; 4 Data and Sample; 10 Final Test Results,final_test_cohort,The Final Test spans 119 unique companies.,project/stage130/manuscript_evidence_package/manuscript_results_tables/table_1_cohort_and_temporal_design.csv,row final_test_unique_tickers,119,07717076b90b32af2e586ab687d45e4d86b24c008cc6fdba33a4b6dfcb7924e2,no,TRACED_EXACT_COMMITTED_VALUE
CTM-015,Abstract; 10.1 Primary metric; 13 Limitations,final_test_cohort,"Final Test prevalence, reported separately from discrimination.",project/stage130/manuscript_evidence_package/manuscript_claim_freeze.md,C1 Final Test prevalence,0.03468208092485549,2607811c34ee36891bce68484f3f86cd6254682324d1da9035604f6d9460131f,yes,TRACED_EXACT_COMMITTED_VALUE
CTM-016,4 Data and Sample,final_test_cohort,The Final Test cohort comprises 346 pairs.,project/stage130/manuscript_evidence_package/manuscript_results_tables/table_1_cohort_and_temporal_design.csv,row final_test_cohort_pairs,346,07717076b90b32af2e586ab687d45e4d86b24c008cc6fdba33a4b6dfcb7924e2,no,TRACED_EXACT_COMMITTED_VALUE
CTM-017,5 Target Construction,outcome_definition,Composite criterion: accumulated loss to registered capital at or above one half is positive.,project/stage130/manuscript_evidence_package/manuscript_results_tables/table_8_outcome_definition.csv,row fd_accumulated_loss,1 if accumulated_loss/registered_capital >= 0.5; 0 if < 0.5; missing if registered_capital <=0/missing OR accumulated_loss missing.,b2cd6082e2feebfc5f528df218c05e770b92c3f39192bcb9b833137d614b0a08,no,TRACED_EXACT_COMMITTED_VALUE
CTM-018,5 Target Construction,outcome_definition,Composite criterion: negative equity.,project/stage130/manuscript_evidence_package/manuscript_results_tables/table_8_outcome_definition.csv,row fd_negative_equity,1 if equity<0; 0 if equity>=0; missing if equity missing.,b2cd6082e2feebfc5f528df218c05e770b92c3f39192bcb9b833137d614b0a08,no,TRACED_EXACT_COMMITTED_VALUE
CTM-019,5 Target Construction,outcome_definition,Composite criterion: negative operating cash flow combined with leverage above 0.70.,project/stage130/manuscript_evidence_package/manuscript_results_tables/table_8_outcome_definition.csv,row fd_ocf_high_leverage,1 if OCF<0 AND liabilities/assets>0.70; definite 0 if OCF>=0 OR leverage<=0.70; missing otherwise (three-valued).,b2cd6082e2feebfc5f528df218c05e770b92c3f39192bcb9b833137d614b0a08,no,TRACED_EXACT_COMMITTED_VALUE
CTM-020,5 Target Construction,outcome_definition,Direct Article-141 evidence is unobserved for every row in the panel.,project/stage130/manuscript_evidence_package/manuscript_results_tables/table_8_outcome_definition.csv,row fd_article141_direct,Stage121 has NO such source -> missing for ALL rows.,b2cd6082e2feebfc5f528df218c05e770b92c3f39192bcb9b833137d614b0a08,yes,TRACED_EXACT_COMMITTED_VALUE
CTM-021,5 Target Construction,outcome_definition,The composite aggregates by a modified three-valued OR and is not an Article-141 target.,project/stage130/manuscript_evidence_package/manuscript_results_tables/table_8_outcome_definition.csv,row FD_target_main,modified three-valued OR with non-blocking unavailable direct Article-141 evidence. 1 if any criterion definitely 1; 0 if all evaluable quantitative criteria definitely 0; missing otherwise. NOT an Article-141 target.,b2cd6082e2feebfc5f528df218c05e770b92c3f39192bcb9b833137d614b0a08,yes,TRACED_EXACT_COMMITTED_VALUE
CTM-022,5 Target Construction,prespecified_analysis_plan,Missing target evidence is never counted as negative.,project/stage125/part4_statistical_analysis_plan_stage125.json,target_state_contract.missing_never_counted_as_negative,true,8763bc094561ce63da2f9f621b8278a1c9836c8cbc2aeaace934e439d6e79d6e,no,TRACED_TO_FROZEN_STATISTICAL_ANALYSIS_PLAN
CTM-023,5 Target Construction,prespecified_analysis_plan,The primary target is FD_target_main_t_plus_1 on the main_rule_a_primary sample.,project/stage125/part4_statistical_analysis_plan_stage125.json,primary_target / primary_sample,FD_target_main_t_plus_1 / main_rule_a_primary,8763bc094561ce63da2f9f621b8278a1c9836c8cbc2aeaace934e439d6e79d6e,no,TRACED_TO_FROZEN_STATISTICAL_ANALYSIS_PLAN
CTM-024,6 Predictor Architecture; 11 Model Interpretation,prespecified_analysis_plan,The nine financial features in locked order.,project/stage125/part4_statistical_analysis_plan_stage125.json,m1_primary_feature_order,"[""log_total_assets"", ""leverage_ratio"", ""current_ratio"", ""roa_period_adjusted"", ""ocf_to_assets_period_adjusted"", ""asset_turnover_period_adjusted"", ""operating_margin_period_adjusted"", ""financial_expense_to_assets_period_adjusted"", ""accumulated_loss_to_capital_ratio""]",8763bc094561ce63da2f9f621b8278a1c9836c8cbc2aeaace934e439d6e79d6e,no,TRACED_TO_FROZEN_STATISTICAL_ANALYSIS_PLAN
CTM-025,6 Predictor Architecture,prespecified_analysis_plan,Revenue growth was excluded before modelling on a fold-1 training coverage gate.,project/stage125/part4_statistical_analysis_plan_stage125.json,revenue_growth_period_adjusted_status.rejection_reason,minimum_fold_training_coverage_below_locked_threshold; Fold_1_training_coverage_148/245=0.6040816327; passed_overall_development_coverage_0.8483483483_but_failed_minimum_fold_training_threshold_0.75,8763bc094561ce63da2f9f621b8278a1c9836c8cbc2aeaace934e439d6e79d6e,yes,TRACED_TO_FROZEN_STATISTICAL_ANALYSIS_PLAN
CTM-026,3 Institutional Context; 6 Predictor Architecture; 13 Limitations,prespecified_analysis_plan,The active availability method is a fixed regulatory lag of four Jalali months.,project/stage125/part4_statistical_analysis_plan_stage125.json,active_availability_method / active_availability_lag_months,fixed_regulatory_lag / 4,8763bc094561ce63da2f9f621b8278a1c9836c8cbc2aeaace934e439d6e79d6e,yes,TRACED_TO_FROZEN_STATISTICAL_ANALYSIS_PLAN
CTM-027,6 Predictor Architecture,prespecified_analysis_plan,Prediction aligns predictor year t to target year t+1.,project/stage125/part4_statistical_analysis_plan_stage125.json,prediction_alignment,predictor_year_t_to_target_year_t_plus_1,8763bc094561ce63da2f9f621b8278a1c9836c8cbc2aeaace934e439d6e79d6e,no,TRACED_TO_FROZEN_STATISTICAL_ANALYSIS_PLAN
CTM-028,6 Predictor Architecture,repository_provenance,The design matrix has 18 columns matching the locked model exactly and in order.,project/stage129/final_test_execution/stage129_final_test_qc_report.json,controls[FT06].detail,design matrix 18 columns equal the accepted model's design_matrix_columns exactly and in order,016eaa19149a9247574e13931e9aae4a10fede26316a63f1321a6643c96ad9f5,no,TRACED_TO_FINAL_TEST_QC_CONTROL
CTM-029,6 Predictor Architecture,repository_provenance,Preprocessing parameters were taken verbatim from the development artifact; nothing was re-estimated on Final Test rows.,project/stage129/final_test_execution/stage129_final_test_qc_report.json,controls[FT07].detail,"clipping bounds, medians and standardization mean/std taken verbatim from the PR #90 preprocessing artifact; nothing re-estimated on Final Test rows",016eaa19149a9247574e13931e9aae4a10fede26316a63f1321a6643c96ad9f5,no,TRACED_TO_FINAL_TEST_QC_CONTROL
CTM-030,6 Predictor Architecture,repository_provenance,"Missingness indicators are each row's own pre-imputation NaN positions, unstandardised binary.",project/stage129/final_test_execution/stage129_final_test_qc_report.json,controls[FT08].detail,"missingness indicators equal each row's own pre-imputation NaN positions, unstandardized binary 0/1, never inferred from the imputed matrix",016eaa19149a9247574e13931e9aae4a10fede26316a63f1321a6643c96ad9f5,no,TRACED_TO_FINAL_TEST_QC_CONTROL
CTM-031,7 Empirical Design; 10 Final Test Results; 15 Reproducibility,repository_provenance,The Final Test was opened exactly once.,project/stage130/manuscript_evidence_package/manuscript_claim_freeze.md,C9 permissible wording,the Final Test was opened exactly once,2607811c34ee36891bce68484f3f86cd6254682324d1da9035604f6d9460131f,no,TRACED_EXACT_COMMITTED_VALUE
CTM-032,7 Empirical Design; 10.3 Operating point,final_test_cohort,The threshold rule is the development-OOF F2-maximising threshold.,project/stage130/manuscript_evidence_package/manuscript_results_tables/table_3_operating_point_confusion_matrix.csv,row threshold_rule,development_OOF_F2_maximizing_threshold,80acdc7f1fb28a36de12e8bf0e8a3f5d98f45160e8ddb04fa953fcc32fa10767,no,TRACED_EXACT_COMMITTED_VALUE
CTM-033,7 Empirical Design,final_test_cohort,The threshold tie-break is the higher threshold.,project/stage130/manuscript_evidence_package/manuscript_results_tables/table_3_operating_point_confusion_matrix.csv,row threshold_tie_break,higher_threshold,80acdc7f1fb28a36de12e8bf0e8a3f5d98f45160e8ddb04fa953fcc32fa10767,no,TRACED_EXACT_COMMITTED_VALUE
CTM-034,Abstract; 7 Empirical Design; 10.3 Operating point,final_test_cohort,The threshold was derived from pooled development out-of-fold predictions only.,project/stage130/manuscript_evidence_package/manuscript_results_tables/table_3_operating_point_confusion_matrix.csv,row threshold_derived_from,pooled_development_oof_only,80acdc7f1fb28a36de12e8bf0e8a3f5d98f45160e8ddb04fa953fcc32fa10767,yes,TRACED_EXACT_COMMITTED_VALUE
CTM-035,7 Empirical Design,prespecified_analysis_plan,"SMOTE is an in-training-fold robustness check only, separated from class weighting.",project/stage125/part4_statistical_analysis_plan_stage125.json,contract_version_history.v2_changes,separates_SMOTE_from_class_weighting,8763bc094561ce63da2f9f621b8278a1c9836c8cbc2aeaace934e439d6e79d6e,no,TRACED_TO_FROZEN_STATISTICAL_ANALYSIS_PLAN
CTM-036,7 Empirical Design,final_test_cohort,Uncertainty uses a paired bootstrap clustered on ticker with percentile 95 intervals.,project/stage130/manuscript_evidence_package/manuscript_claim_freeze.md,C1 committed value wording,95% cluster-bootstrap interval,2607811c34ee36891bce68484f3f86cd6254682324d1da9035604f6d9460131f,no,TRACED_EXACT_COMMITTED_VALUE
CTM-037,7 Empirical Design,repository_provenance,No estimator was trained during the Final Test pass.,project/stage129/final_test_execution/stage129_final_test_qc_report.json,controls[FT09].detail,"model_fits_executed == 0; reconstructed from the pinned intercept and 18 coefficients, no estimator was trained",016eaa19149a9247574e13931e9aae4a10fede26316a63f1321a6643c96ad9f5,no,TRACED_TO_FINAL_TEST_QC_CONTROL
CTM-038,7 Empirical Design,repository_provenance,"No hyperparameter, feature or threshold search was executed during the Final Test pass.",project/stage129/final_test_execution/stage129_final_test_qc_report.json,controls[FT15].detail,"no hyperparameter search, grid expansion, early stopping, feature search or threshold search executed",016eaa19149a9247574e13931e9aae4a10fede26316a63f1321a6643c96ad9f5,no,TRACED_TO_FINAL_TEST_QC_CONTROL
CTM-039,7 Empirical Design; 10.2 Secondary metrics,repository_provenance,No recalibration and no isotonic fitting were executed; probabilities are raw.,project/stage129/final_test_execution/stage129_final_test_qc_report.json,controls[FT12].detail,recalibration_executions == 0 and isotonic_executions == 0; reported probabilities are the raw pipeline probabilities,016eaa19149a9247574e13931e9aae4a10fede26316a63f1321a6643c96ad9f5,yes,TRACED_TO_FINAL_TEST_QC_CONTROL
CTM-040,7 Empirical Design,repository_provenance,The evaluation cohort contained zero development rows.,project/stage129/final_test_execution/stage129_final_test_qc_report.json,controls[FT05].detail,"cohort of 346 pairs, target years [1400, 1401, 1402]; zero development rows",016eaa19149a9247574e13931e9aae4a10fede26316a63f1321a6643c96ad9f5,no,TRACED_TO_FINAL_TEST_QC_CONTROL
CTM-041,8 Development and Robustness,development_out_of_fold,Observed primary development ordering.,project/stage130/manuscript_evidence_package/manuscript_results_tables/table_5_robustness_and_block_dispositions.csv,row primary_development_ordering,regularized_logistic_regression > random_forest > xgboost,9b2a48dfca187a4bcab51007f300dfdd68dd75ba67175cb1bd1c1b7fdd839074,yes,TRACED_EXACT_COMMITTED_VALUE
CTM-042,8 Development and Robustness,development_out_of_fold,The observed ordering was preserved in robustness categories 2 through 6; category 1 is the sole exception.,project/stage130/manuscript_evidence_package/manuscript_claim_freeze.md,C6 mandatory accompanying limitation,the primary ordering was preserved in Parts 2-6 and not in Part 1,2607811c34ee36891bce68484f3f86cd6254682324d1da9035604f6d9460131f,yes,TRACED_TO_CLAIM_FREEZE_C6_WHICH_OVERRIDES_TABLE_5_ordering_preserved_in_parts
CTM-043,8 Development and Robustness,development_out_of_fold,The six robustness categories in registered order.,project/stage126/stage126_m1_robustness_closure_synthesis_record.json,registered_categories_in_order,"[""m1_target_proximity_six_feature_set"", ""main_rule_b_listing_robustness"", ""expanded_rule_a_company_scope_robustness"", ""expanded_rule_b_combined_robustness"", ""persistent_loss_robustness_target"", ""smote_training_fold_only_robustness""]",fdf8c585e6f4c38a066feec6f90094a2b6d50867ffac290195f40b9ce616846a,yes,TRACED_TO_PINNED_ROBUSTNESS_CLOSURE_RECORD
CTM-044,8 Development and Robustness,development_out_of_fold,Robustness evidence class is synthesis only.,project/stage130/manuscript_evidence_package/manuscript_results_tables/table_5_robustness_and_block_dispositions.csv,row robustness_evidence_class,synthesis_only,9b2a48dfca187a4bcab51007f300dfdd68dd75ba67175cb1bd1c1b7fdd839074,yes,TRACED_EXACT_COMMITTED_VALUE
CTM-045,8 Development and Robustness,development_out_of_fold,No retained design was selected on the robustness evidence.,project/stage130/manuscript_evidence_package/manuscript_results_tables/table_5_robustness_and_block_dispositions.csv,row retained_design_selected,false,9b2a48dfca187a4bcab51007f300dfdd68dd75ba67175cb1bd1c1b7fdd839074,yes,TRACED_EXACT_COMMITTED_VALUE
CTM-046,8 Development and Robustness,development_out_of_fold,No paper winner was selected by the robustness closure.,project/stage130/manuscript_evidence_package/manuscript_results_tables/table_5_robustness_and_block_dispositions.csv,row paper_winner_selected_by_robustness_closure,false,9b2a48dfca187a4bcab51007f300dfdd68dd75ba67175cb1bd1c1b7fdd839074,yes,TRACED_EXACT_COMMITTED_VALUE
CTM-047,8 Development and Robustness; 11 Model Interpretation,development_fit_set,The locked model is regularized logistic regression with an L2 penalty at C = 0.1.,project/stage130/manuscript_evidence_package/manuscript_claim_freeze.md,C7 mandatory accompanying limitation,"coefficients are penalized (L2, C = 0.1)",2607811c34ee36891bce68484f3f86cd6254682324d1da9035604f6d9460131f,yes,TRACED_EXACT_COMMITTED_VALUE
CTM-048,9 Incremental Blocks,prespecified_analysis_plan,The market block is defined on three market features.,project/stage125/part4_statistical_analysis_plan_stage125.json,m2_block,"[""equity_return_window"", ""realized_volatility"", ""amihud_illiquidity""]",8763bc094561ce63da2f9f621b8278a1c9836c8cbc2aeaace934e439d6e79d6e,no,TRACED_TO_FROZEN_STATISTICAL_ANALYSIS_PLAN
CTM-049,9 Incremental Blocks,block_governance,The M2 development evidence is approximately null and is preserved and reported as such.,project/stage128/m2_retained_block_human_decision/stage128_m2_retained_block_human_decision.json,approximately_null_m2_development_result_preserved_and_reported,true,9d486d2ab52a966560f91d2cefbe48ca3299c0252872e4619cdddb13a3cb84ec,yes,TRACED_TO_HUMAN_DECISION_RECORD
CTM-050,9 Incremental Blocks,block_governance,M2 was retained as the intermediate confirmatory block.,project/stage128/m2_retained_block_human_decision/stage128_m2_retained_block_human_decision.json,decision_outcome,RETAIN_M2_AS_INTERMEDIATE_CONFIRMATORY_BLOCK,9d486d2ab52a966560f91d2cefbe48ca3299c0252872e4619cdddb13a3cb84ec,yes,TRACED_TO_HUMAN_DECISION_RECORD
CTM-051,9 Incremental Blocks,block_governance,"M2 retention rests on architecture preservation, not on observed predictive superiority.",project/stage128/m2_retained_block_human_decision/stage128_m2_retained_block_human_decision.json,m2_retention_basis,preregistered_nested_confirmatory_architecture_preservation_not_observed_predictive_superiority,9d486d2ab52a966560f91d2cefbe48ca3299c0252872e4619cdddb13a3cb84ec,yes,TRACED_TO_HUMAN_DECISION_RECORD
CTM-052,9 Incremental Blocks; 12 Discussion,block_governance,No M2 predictive superiority claim is supported.,project/stage128/m2_retained_block_human_decision/stage128_m2_retained_block_human_decision.json,m2_predictive_superiority_claim_supported,false,9d486d2ab52a966560f91d2cefbe48ca3299c0252872e4619cdddb13a3cb84ec,yes,TRACED_TO_HUMAN_DECISION_RECORD
CTM-053,9 Incremental Blocks,prespecified_analysis_plan,The confirmatory macroeconomic block is defined on three macro features.,project/stage125/part4_statistical_analysis_plan_stage125.json,m3_block,"[""cpi_inflation"", ""fx_change_official"", ""policy_financing_rate""]",8763bc094561ce63da2f9f621b8278a1c9836c8cbc2aeaace934e439d6e79d6e,no,TRACED_TO_FROZEN_STATISTICAL_ANALYSIS_PLAN
CTM-054,9 Incremental Blocks,block_governance,The M3-CBI comparison was not executed.,project/stage129/m3_cbi_human_discontinuation_and_reporting/stage129_m3_cbi_confirmatory_comparison_record.json,comparison_status,NOT_EXECUTED_M3_CBI_DISCONTINUED,7980ac4d9af68a8088e10b530b8740b186c00c4992be7803471a8b3cd03e58d0,yes,TRACED_TO_COMPARISON_RECORD
CTM-055,9 Incremental Blocks,block_governance,No p-value was computed for the M3-CBI comparison.,project/stage129/m3_cbi_human_discontinuation_and_reporting/stage129_m3_cbi_confirmatory_comparison_record.json,comparison_p_value,null,7980ac4d9af68a8088e10b530b8740b186c00c4992be7803471a8b3cd03e58d0,yes,TRACED_TO_COMPARISON_RECORD
CTM-056,9 Incremental Blocks,block_governance,No inferential conclusion is drawn for M3-CBI.,project/stage129/m3_cbi_human_discontinuation_and_reporting/stage129_m3_cbi_confirmatory_comparison_record.json,comparison_inferential_conclusion,none,7980ac4d9af68a8088e10b530b8740b186c00c4992be7803471a8b3cd03e58d0,yes,TRACED_TO_COMPARISON_RECORD
CTM-057,9 Incremental Blocks; 12 Discussion,block_governance,M3-CBI reporting text as approved.,project/stage129/m3_cbi_human_discontinuation_and_reporting/stage129_m3_cbi_human_discontinuation_decision.json,approved_manuscript_text_en,"M3-CBI was prespecified, but its executed Data Gate remained unresolved because point-in-time availability could not be established. The block was therefore not admitted to modeling. Consequently, the M3-CBI-M2 comparison was not executed, no p-value was computed, and no inferential conclusion is drawn for M3-CBI.",3c18babd3f33a2dc73dc0ad1fe2cb4076d4b4f28b7d82e9b569fc3a3504cdd0b,yes,TRACED_TO_APPROVED_REPORTING_TEXT
CTM-058,9 Incremental Blocks,block_governance,The audit-and-governance candidate set has four members.,project/stage129/m4_manuscript_reporting_decision/stage129_m4_manuscript_reporting_decision.json,m4_candidate_set,"[""audit_opinion_type"", ""going_concern_flag"", ""audit_lag_days"", ""board_size""]",53509fa4d389450f7994dd0483721cf698ff842900b23a8733681243cba31d8e,no,TRACED_TO_REPORTING_DECISION_RECORD
CTM-059,9 Incremental Blocks,block_governance,The formal M4 data gate was never executed.,project/stage129/m4_manuscript_reporting_decision/stage129_m4_manuscript_reporting_decision.json,formal_m4_data_gate_executed,false,53509fa4d389450f7994dd0483721cf698ff842900b23a8733681243cba31d8e,yes,TRACED_TO_REPORTING_DECISION_RECORD
CTM-060,9 Incremental Blocks; 12 Discussion,block_governance,M4 reporting text as approved.,project/stage129/m4_manuscript_reporting_decision/stage129_m4_manuscript_reporting_decision.json,approved_manuscript_text_en,"M4 was prespecified but was not admitted to modeling because the available data did not provide adequate coverage and did not satisfy the frozen feature definitions. Consequently, the M4-M3-CBI comparison was not executed, no p-value was computed, and no inferential conclusion is drawn for M4.",53509fa4d389450f7994dd0483721cf698ff842900b23a8733681243cba31d8e,yes,TRACED_TO_APPROVED_REPORTING_TEXT
CTM-061,9 Incremental Blocks,block_governance,The supplementary exploratory macro result is null on the primary metric.,project/stage128/m3_lag_wdi_exploratory_incremental_evaluation/stage128_m3_lag_wdi_evaluation_decision.json,e1_conclusion,E1_NULL_NO_DETECTABLE_INCREMENTAL_CONTRIBUTION,9d82c1e0217808699cb2d7521e8855bb44bb06f74da5d4b0280f55057069a705,yes,TRACED_TO_EXPLORATORY_EVALUATION_DECISION
CTM-062,9 Incremental Blocks,block_governance,No exploratory family interval excludes zero.,project/stage128/m3_lag_wdi_exploratory_incremental_evaluation/stage128_m3_lag_wdi_evaluation_decision.json,e1_any_family_interval_excludes_zero,false,9d82c1e0217808699cb2d7521e8855bb44bb06f74da5d4b0280f55057069a705,yes,TRACED_TO_EXPLORATORY_EVALUATION_DECISION
CTM-063,9 Incremental Blocks,block_governance,"The exploratory macro block is a supplementary exploratory robustness block, not confirmatory.",project/stage128/m3_lag_wdi_exploratory_incremental_evaluation/stage128_m3_lag_wdi_evaluation_decision.json,scientific_role / comparison_family,supplementary_exploratory_robustness_block / M3_LAG_WDI_EXPLORATORY_SUPPLEMENTARY,9d82c1e0217808699cb2d7521e8855bb44bb06f74da5d4b0280f55057069a705,yes,TRACED_TO_EXPLORATORY_EVALUATION_DECISION
CTM-064,9 Incremental Blocks,block_governance,The exploratory macro block was not promoted to the confirmatory model.,project/stage128/m3_lag_wdi_exploratory_incremental_evaluation/stage128_m3_lag_wdi_evaluation_decision.json,block_promoted_to_confirmatory,false,9d82c1e0217808699cb2d7521e8855bb44bb06f74da5d4b0280f55057069a705,yes,TRACED_TO_EXPLORATORY_EVALUATION_DECISION
CTM-065,9 Incremental Blocks; 13 Limitations,block_governance,The final research disposition of the exploratory macro block is supplementary exploratory only.,project/stage128/m3i2_track_a_waiting_termination_and_m3_disposition/stage128_m3i2_track_a_waiting_termination_decision.json,m3_lag_wdi_final_research_disposition,SUPPLEMENTARY_EXPLORATORY_ONLY,132fb0da2490ef3a61fc2d5364913fb09af55f378942c37d64381b0ebc89ec77,yes,TRACED_TO_TRACK_A_TERMINATION_DECISION
CTM-066,9 Incremental Blocks; 13 Limitations,block_governance,Point-in-time availability of the exploratory macro indicators is unverified with currently available evidence.,project/stage128/m3i2_track_a_waiting_termination_and_m3_disposition/stage128_m3i2_track_a_waiting_termination_decision.json,point_in_time_wdi_availability_status,UNVERIFIED_WITH_CURRENTLY_AVAILABLE_EVIDENCE,132fb0da2490ef3a61fc2d5364913fb09af55f378942c37d64381b0ebc89ec77,yes,TRACED_TO_TRACK_A_TERMINATION_DECISION
CTM-067,9 Incremental Blocks; 12 Discussion,block_governance,The confirmatory Holm family is incomplete and its final adjustment is deferred.,project/stage130/manuscript_evidence_package/manuscript_claim_freeze.md,claim freeze preamble,The Holm family is incomplete and its final adjustment is deferred.,2607811c34ee36891bce68484f3f86cd6254682324d1da9035604f6d9460131f,yes,TRACED_EXACT_COMMITTED_VALUE
CTM-068,9 Incremental Blocks; 12 Discussion,block_governance,No p-values and no Holm executions were performed; no superiority claim is made.,project/stage130/manuscript_evidence_package/manuscript_claim_freeze.md,claim freeze preamble,"p_values_computed = 0, holm_executions = 0, inferential_superiority_claim = false",2607811c34ee36891bce68484f3f86cd6254682324d1da9035604f6d9460131f,yes,TRACED_EXACT_COMMITTED_VALUE
CTM-069,Abstract; 10.1 Primary metric; 14 Conclusion,final_test_cohort,PR-AUC on the held-out Final Test.,project/stage130/manuscript_evidence_package/manuscript_claim_freeze.md,C1 committed value,0.243879669979,2607811c34ee36891bce68484f3f86cd6254682324d1da9035604f6d9460131f,yes,TRACED_EXACT_COMMITTED_VALUE
CTM-070,Abstract; 10.1 Primary metric; 13 Limitations,final_test_cohort,PR-AUC 95% cluster-bootstrap interval lower bound.,project/stage130/manuscript_evidence_package/manuscript_claim_freeze.md,C1 committed value,0.053272572767,2607811c34ee36891bce68484f3f86cd6254682324d1da9035604f6d9460131f,yes,TRACED_EXACT_COMMITTED_VALUE
CTM-071,Abstract; 10.1 Primary metric; 13 Limitations,final_test_cohort,PR-AUC 95% cluster-bootstrap interval upper bound.,project/stage130/manuscript_evidence_package/manuscript_claim_freeze.md,C1 committed value,0.541675572242,2607811c34ee36891bce68484f3f86cd6254682324d1da9035604f6d9460131f,yes,TRACED_EXACT_COMMITTED_VALUE
CTM-072,Abstract; 7; 10 Final Test Results,final_test_cohort,PR-AUC is the pre-specified primary metric.,project/stage130/manuscript_evidence_package/manuscript_results_tables/table_2_final_test_aggregate_performance.csv,row PR-AUC column role,primary,674bc56e001bf86619a2bfea8c476554b7df64a927a6491ec347d69ee5ee3020,yes,TRACED_EXACT_COMMITTED_VALUE
CTM-073,Abstract; 10.2 Secondary metrics; 14 Conclusion,final_test_cohort,ROC-AUC on the held-out Final Test.,project/stage130/manuscript_evidence_package/manuscript_claim_freeze.md,C2 committed value,0.907684630739,2607811c34ee36891bce68484f3f86cd6254682324d1da9035604f6d9460131f,yes,TRACED_EXACT_COMMITTED_VALUE
CTM-074,Abstract; 10.2 Secondary metrics,final_test_cohort,ROC-AUC 95% interval lower bound.,project/stage130/manuscript_evidence_package/manuscript_claim_freeze.md,C2 committed value,0.787834897749,2607811c34ee36891bce68484f3f86cd6254682324d1da9035604f6d9460131f,yes,TRACED_EXACT_COMMITTED_VALUE
CTM-075,Abstract; 10.2 Secondary metrics,final_test_cohort,ROC-AUC 95% interval upper bound.,project/stage130/manuscript_evidence_package/manuscript_claim_freeze.md,C2 committed value,0.97144045144,2607811c34ee36891bce68484f3f86cd6254682324d1da9035604f6d9460131f,yes,TRACED_EXACT_COMMITTED_VALUE
CTM-076,Abstract; 10.2 Secondary metrics,final_test_cohort,ROC-AUC is a secondary metric.,project/stage130/manuscript_evidence_package/manuscript_results_tables/table_2_final_test_aggregate_performance.csv,row ROC-AUC column role,secondary,674bc56e001bf86619a2bfea8c476554b7df64a927a6491ec347d69ee5ee3020,yes,TRACED_EXACT_COMMITTED_VALUE
CTM-077,Abstract; 10.2 Secondary metrics,final_test_cohort,"Brier score on raw, unrecalibrated predicted probabilities.",project/stage130/manuscript_evidence_package/manuscript_claim_freeze.md,C3 committed value,0.071625345916,2607811c34ee36891bce68484f3f86cd6254682324d1da9035604f6d9460131f,yes,TRACED_EXACT_COMMITTED_VALUE
CTM-078,Abstract; 10.2 Secondary metrics,final_test_cohort,Brier score 95% interval lower bound.,project/stage130/manuscript_evidence_package/manuscript_claim_freeze.md,C3 committed value,0.053164118058,2607811c34ee36891bce68484f3f86cd6254682324d1da9035604f6d9460131f,yes,TRACED_EXACT_COMMITTED_VALUE
CTM-079,Abstract; 10.2 Secondary metrics,final_test_cohort,Brier score 95% interval upper bound.,project/stage130/manuscript_evidence_package/manuscript_claim_freeze.md,C3 committed value,0.092580775647,2607811c34ee36891bce68484f3f86cd6254682324d1da9035604f6d9460131f,yes,TRACED_EXACT_COMMITTED_VALUE
CTM-080,Abstract; 10.2 Secondary metrics; 13 Limitations,final_test_cohort,Calibration was not fully assessed.,project/stage130/manuscript_evidence_package/manuscript_claim_freeze.md,C3 mandatory accompanying limitation,calibration was **not** fully assessed,2607811c34ee36891bce68484f3f86cd6254682324d1da9035604f6d9460131f,yes,TRACED_EXACT_COMMITTED_VALUE
CTM-081,Abstract; 10.3 Operating point,final_test_cohort,The pre-specified operating threshold.,project/stage130/manuscript_evidence_package/manuscript_claim_freeze.md,C4 committed value,0.426878838687,2607811c34ee36891bce68484f3f86cd6254682324d1da9035604f6d9460131f,yes,TRACED_EXACT_COMMITTED_VALUE
CTM-082,10.3 Operating point,final_test_cohort,True positives at the operating threshold.,project/stage130/manuscript_evidence_package/manuscript_claim_freeze.md,C4 committed value,TP 8,2607811c34ee36891bce68484f3f86cd6254682324d1da9035604f6d9460131f,yes,TRACED_EXACT_COMMITTED_VALUE
CTM-083,10.3 Operating point,final_test_cohort,False positives at the operating threshold.,project/stage130/manuscript_evidence_package/manuscript_claim_freeze.md,C4 committed value,FP 43,2607811c34ee36891bce68484f3f86cd6254682324d1da9035604f6d9460131f,yes,TRACED_EXACT_COMMITTED_VALUE
CTM-084,10.3 Operating point,final_test_cohort,True negatives at the operating threshold.,project/stage130/manuscript_evidence_package/manuscript_claim_freeze.md,C4 committed value,TN 291,2607811c34ee36891bce68484f3f86cd6254682324d1da9035604f6d9460131f,yes,TRACED_EXACT_COMMITTED_VALUE
CTM-085,10.3 Operating point,final_test_cohort,False negatives at the operating threshold.,project/stage130/manuscript_evidence_package/manuscript_claim_freeze.md,C4 committed value,FN 4,2607811c34ee36891bce68484f3f86cd6254682324d1da9035604f6d9460131f,yes,TRACED_EXACT_COMMITTED_VALUE
CTM-086,Abstract; 10.4 Top-decile screening,final_test_cohort,Recall@10% as a point estimate with no interval.,project/stage130/manuscript_evidence_package/manuscript_claim_freeze.md,C5 committed value,0.666666666667,2607811c34ee36891bce68484f3f86cd6254682324d1da9035604f6d9460131f,yes,TRACED_EXACT_COMMITTED_VALUE
CTM-087,Abstract; 10.4 Top-decile screening,final_test_cohort,Lift@10% as a point estimate with no interval.,project/stage130/manuscript_evidence_package/manuscript_claim_freeze.md,C5 committed value,6.407407407407,2607811c34ee36891bce68484f3f86cd6254682324d1da9035604f6d9460131f,yes,TRACED_EXACT_COMMITTED_VALUE
CTM-088,10.4 Top-decile screening,final_test_cohort,Neither Recall@10% nor Lift@10% has a confidence interval.,project/stage130/manuscript_evidence_package/manuscript_results_tables/table_2_final_test_aggregate_performance.csv,"rows Recall@10% and Lift@10%, column interval_available",false,674bc56e001bf86619a2bfea8c476554b7df64a927a6491ec347d69ee5ee3020,yes,TRACED_EXACT_COMMITTED_VALUE
CTM-089,10.4 Top-decile screening,final_test_cohort,Top-decile selection rule.,project/stage130/manuscript_evidence_package/manuscript_claim_freeze.md,C5 committed value,K_y = ceil(0.10 * N_y),2607811c34ee36891bce68484f3f86cd6254682324d1da9035604f6d9460131f,no,TRACED_EXACT_COMMITTED_VALUE
CTM-090,10.4 Top-decile screening,final_test_cohort,Selection fraction.,project/stage130/manuscript_evidence_package/manuscript_results_tables/table_4_top10_percent_screening.csv,row fraction,0.1,15856e82e51acadc15c7f1d8223e014258f06855c610a5388c889f6df08a4ca2,no,TRACED_EXACT_COMMITTED_VALUE
CTM-091,10.4 Top-decile screening,final_test_cohort,Pooled rows selected.,project/stage130/manuscript_evidence_package/manuscript_claim_freeze.md,C5 committed value,36 rows selected,2607811c34ee36891bce68484f3f86cd6254682324d1da9035604f6d9460131f,yes,TRACED_EXACT_COMMITTED_VALUE
CTM-092,10.4 Top-decile screening; 12 Discussion; 14 Conclusion,final_test_cohort,"Positives captured by the top-decile rule, out of the total positives.",project/stage130/manuscript_evidence_package/manuscript_claim_freeze.md,C5 committed value,8 of 12 positives captured,2607811c34ee36891bce68484f3f86cd6254682324d1da9035604f6d9460131f,yes,TRACED_EXACT_COMMITTED_VALUE
CTM-093,10.4 Top-decile screening,final_test_cohort,"Target year 1400: evaluable rows, selected rows, captured positives.",project/stage130/manuscript_evidence_package/manuscript_results_tables/table_4_top10_percent_screening.csv,row target_year_1400,112 / 12 / 3,15856e82e51acadc15c7f1d8223e014258f06855c610a5388c889f6df08a4ca2,yes,TRACED_EXACT_COMMITTED_VALUE
CTM-094,10.4 Top-decile screening,final_test_cohort,"Target year 1401: evaluable rows, selected rows, captured positives.",project/stage130/manuscript_evidence_package/manuscript_results_tables/table_4_top10_percent_screening.csv,row target_year_1401,116 / 12 / 4,15856e82e51acadc15c7f1d8223e014258f06855c610a5388c889f6df08a4ca2,yes,TRACED_EXACT_COMMITTED_VALUE
CTM-095,10.4 Top-decile screening,final_test_cohort,"Target year 1402: evaluable rows, selected rows, captured positives.",project/stage130/manuscript_evidence_package/manuscript_results_tables/table_4_top10_percent_screening.csv,row target_year_1402,118 / 12 / 1,15856e82e51acadc15c7f1d8223e014258f06855c610a5388c889f6df08a4ca2,yes,TRACED_EXACT_COMMITTED_VALUE
CTM-096,10.4 Top-decile screening,final_test_cohort,Pooled precision among the selected rows.,project/stage130/manuscript_evidence_package/manuscript_results_tables/table_4_top10_percent_screening.csv,row pooled_precision_among_selected,0.2222222222222222,15856e82e51acadc15c7f1d8223e014258f06855c610a5388c889f6df08a4ca2,yes,TRACED_EXACT_COMMITTED_VALUE
CTM-097,10.4 Top-decile screening,final_test_cohort,The selection size was not optimised after results were seen.,project/stage130/manuscript_evidence_package/manuscript_results_tables/table_4_top10_percent_screening.csv,row K_optimized_after_results,false,15856e82e51acadc15c7f1d8223e014258f06855c610a5388c889f6df08a4ca2,no,TRACED_EXACT_COMMITTED_VALUE
CTM-098,10.5 What is not reported,repository_provenance,No performance curves were created; their absence is by design.,project/stage130/manuscript_evidence_package/README.md,Figures section,"ROC, precision-recall, calibration, subgroup and per-year performance curves are absent by design",96fabafc2725d81a8678ff0607d352d300d7b1f1acb8e584c1605c9ae7268751,no,TRACED_TO_EVIDENCE_PACKAGE_README
CTM-099,11 Model Interpretation,development_fit_set,Model intercept and its exponentiated value.,project/stage130/manuscript_evidence_package/manuscript_results_tables/table_6_model_coefficients_and_odds_ratios.csv,row term_order 0,-0.763911411758 / 0.465840763836272,bc0c6495c6d0261f0b4ab7bc6498b8337f7b9df0b5a7b84753de8e8026832577,yes,TRACED_EXACT_COMMITTED_VALUE
CTM-100,11 Model Interpretation,development_fit_set,The locked model carries an intercept plus 18 coefficients.,project/stage130/manuscript_evidence_package/manuscript_claim_freeze.md,C7 committed values,intercept plus 18 coefficients,2607811c34ee36891bce68484f3f86cd6254682324d1da9035604f6d9460131f,yes,TRACED_EXACT_COMMITTED_VALUE
CTM-101,11 Model Interpretation,development_fit_set,"Continuous-term coefficients with a positive sign, in locked order.",project/stage130/manuscript_evidence_package/manuscript_results_tables/table_6_model_coefficients_and_odds_ratios.csv,"rows term_order 2,3,6,7,9",leverage_ratio 0.663684563254; current_ratio 0.137463730074; asset_turnover_period_adjusted 0.080845687786; operating_margin_period_adjusted 0.183025212532; accumulated_loss_to_capital_ratio 0.809558129623,bc0c6495c6d0261f0b4ab7bc6498b8337f7b9df0b5a7b84753de8e8026832577,yes,TRACED_EXACT_COMMITTED_VALUE
CTM-102,11 Model Interpretation,development_fit_set,"Continuous-term coefficients with a negative sign, in locked order.",project/stage130/manuscript_evidence_package/manuscript_results_tables/table_6_model_coefficients_and_odds_ratios.csv,"rows term_order 1,4,5,8",log_total_assets -0.19520805906; roa_period_adjusted -0.381668897564; ocf_to_assets_period_adjusted -0.490395638824; financial_expense_to_assets_period_adjusted -0.1161911309,bc0c6495c6d0261f0b4ab7bc6498b8337f7b9df0b5a7b84753de8e8026832577,yes,TRACED_EXACT_COMMITTED_VALUE
CTM-103,11 Model Interpretation,development_fit_set,Six of the nine missingness-indicator coefficients are exactly zero and three are non-zero.,project/stage130/manuscript_evidence_package/manuscript_claim_freeze.md,C7 mandatory accompanying limitation,Six of the nine missingness-indicator coefficients are exactly zero in the locked model; three are non-zero.,2607811c34ee36891bce68484f3f86cd6254682324d1da9035604f6d9460131f,yes,TRACED_EXACT_COMMITTED_VALUE
CTM-104,11 Model Interpretation,development_fit_set,Identity of the three non-zero missingness indicators.,project/stage130/manuscript_evidence_package/manuscript_results_tables/table_6_model_coefficients_and_odds_ratios.csv,"rows term_order 14,16,17",ocf_to_assets_period_adjusted__missing 0.212061732053; operating_margin_period_adjusted__missing -0.099474732555; financial_expense_to_assets_period_adjusted__missing -0.01969263415,bc0c6495c6d0261f0b4ab7bc6498b8337f7b9df0b5a7b84753de8e8026832577,yes,TRACED_EXACT_COMMITTED_VALUE
CTM-105,11 Model Interpretation,development_fit_set,Effect scale for standardised continuous features.,project/stage130/manuscript_evidence_package/manuscript_results_tables/table_6_model_coefficients_and_odds_ratios.csv,column effect_scale,odds_ratio_per_1_SD_increase,bc0c6495c6d0261f0b4ab7bc6498b8337f7b9df0b5a7b84753de8e8026832577,yes,TRACED_EXACT_COMMITTED_VALUE
CTM-106,11 Model Interpretation,development_fit_set,Effect scale for the binary missingness indicators.,project/stage130/manuscript_evidence_package/manuscript_results_tables/table_6_model_coefficients_and_odds_ratios.csv,column effect_scale,odds_ratio_for_indicator_1_versus_0,bc0c6495c6d0261f0b4ab7bc6498b8337f7b9df0b5a7b84753de8e8026832577,yes,TRACED_EXACT_COMMITTED_VALUE
CTM-107,11 Model Interpretation,development_fit_set,"All coefficients are regularized conditional associations, never causal.",project/stage130/manuscript_evidence_package/manuscript_results_tables/table_6_model_coefficients_and_odds_ratios.csv,column interpretation_class,regularized_conditional_association,bc0c6495c6d0261f0b4ab7bc6498b8337f7b9df0b5a7b84753de8e8026832577,yes,TRACED_EXACT_COMMITTED_VALUE
CTM-108,11 Model Interpretation,development_fit_set,"No standard error, confidence interval, p-value or significance marker exists for any coefficient.",project/stage130/manuscript_evidence_package/README.md,Reading the coefficient table,"No confidence interval, standard error, p-value or significance marker is present, because none exists in the locked artifact.",96fabafc2725d81a8678ff0607d352d300d7b1f1acb8e584c1605c9ae7268751,yes,TRACED_TO_EVIDENCE_PACKAGE_README
CTM-109,11 Model Interpretation,development_fit_set,"Terms appear in the model's own order, which is deliberately not an importance ranking.",project/stage130/manuscript_evidence_package/README.md,Reading the coefficient table,Terms appear in the model's own order -- this is deliberately not an importance ranking.,96fabafc2725d81a8678ff0607d352d300d7b1f1acb8e584c1605c9ae7268751,yes,TRACED_TO_EVIDENCE_PACKAGE_README
CTM-110,15 Reproducibility,repository_provenance,Twenty-one fail-closed controls FT01-FT21 were evaluated and all passed.,project/stage129/final_test_execution/stage129_final_test_qc_report.json,all_pass and controls,true; 21 controls FT01-FT21 all PASS,016eaa19149a9247574e13931e9aae4a10fede26316a63f1321a6643c96ad9f5,no,TRACED_EXACT_COMMITTED_VALUE
CTM-111,15 Reproducibility,repository_provenance,The Final Test executor was frozen and hashed before access.,project/stage129/final_test_execution/stage129_final_test_provenance_record.json,executor_sha256,d85234ee4c7e2b14dc21084348a059fceb083cf8bcc0ecbf30ee64eef79c56a4,5b5d4d66ed4ca0770667547752c0436380c8960f0d5296f62bda83b3fa80c551,no,TRACED_EXACT_COMMITTED_VALUE
CTM-112,15 Reproducibility,repository_provenance,Exactly one Final Test pass was executed.,project/stage129/final_test_execution/stage129_final_test_provenance_record.json,final_test_passes_executed,1,5b5d4d66ed4ca0770667547752c0436380c8960f0d5296f62bda83b3fa80c551,no,TRACED_EXACT_COMMITTED_VALUE
CTM-113,15 Reproducibility; 4 Data and Sample,repository_provenance,Final Test rows read during the single authorised pass.,project/stage129/final_test_execution/stage129_final_test_provenance_record.json,final_test_rows_read,346,5b5d4d66ed4ca0770667547752c0436380c8960f0d5296f62bda83b3fa80c551,no,TRACED_EXACT_COMMITTED_VALUE
CTM-114,15 Reproducibility,repository_provenance,Locked model artifact digest.,project/stage130/manuscript_evidence_package/manifest.json,source_sha256 entry,48faab1ef186206508385713fb3b885a88a55bb072fb586d56e63d2777c97690,d5355a85cdab0018bb9cb312aff6fc0b1914de6b05e1488247d31da940ca1fef,no,TRACED_EXACT_COMMITTED_VALUE
CTM-115,15 Reproducibility,repository_provenance,Locked preprocessing artifact digest.,project/stage130/manuscript_evidence_package/manifest.json,source_sha256 entry,862c65ec37082be1e3e95c29d2bf8873df9105e90cc43ce1ecac4fd8901ba9f6,d5355a85cdab0018bb9cb312aff6fc0b1914de6b05e1488247d31da940ca1fef,no,TRACED_EXACT_COMMITTED_VALUE
CTM-116,15 Reproducibility,repository_provenance,Final Test aggregate metrics artifact digest.,project/stage130/manuscript_evidence_package/manifest.json,source_sha256 entry,0b1ea6c086430d6ecc65432c8001cc3b028422e7c1293a9ea2fb6c44d7ef4392,d5355a85cdab0018bb9cb312aff6fc0b1914de6b05e1488247d31da940ca1fef,no,TRACED_EXACT_COMMITTED_VALUE
CTM-117,15 Reproducibility,repository_provenance,Threshold artifact digest.,project/stage130/manuscript_evidence_package/manifest.json,source_sha256 entry,9b8a7d799616eb12d6e70a6dcf623ff1a636b4ec4b1bde37c21116252876b534,d5355a85cdab0018bb9cb312aff6fc0b1914de6b05e1488247d31da940ca1fef,no,TRACED_EXACT_COMMITTED_VALUE
CTM-118,15 Reproducibility,repository_provenance,Temporal split contract digest.,project/stage130/manuscript_evidence_package/manifest.json,source_sha256 entry,3f6ff8c7adf77295e558045e5bcaa391b5d2c10e7be0a89aeb0c8ac2dd0463b9,d5355a85cdab0018bb9cb312aff6fc0b1914de6b05e1488247d31da940ca1fef,no,TRACED_EXACT_COMMITTED_VALUE
CTM-119,15 Reproducibility,repository_provenance,The legacy Stage123 report tree is non-canonical and may not be cited.,project/stage130/manuscript_evidence_package/legacy_outputs_supersession.md,Status,LEGACY_STAGE123_NONCANONICAL_DO_NOT_CITE,8fb39d04c4d8790518f4ebe35288e6ced477303b376daa0e74cea77a52981d4d,no,TRACED_EXACT_COMMITTED_VALUE
CTM-120,15 Reproducibility,repository_provenance,No new scientific analysis was performed for the evidence package.,project/stage130/manuscript_evidence_package/manifest.json,new_scientific_analysis_performed,false,d5355a85cdab0018bb9cb312aff6fc0b1914de6b05e1488247d31da940ca1fef,no,TRACED_EXACT_COMMITTED_VALUE
CTM-121,15 Reproducibility,block_governance,Raw evidence for the supplementary exploratory retrieval is deposited under a public archival version DOI.,project/stage128/m3_lag_wdi_exploratory_data_retrieval/stage128_m3_lag_wdi_retrieval_source_manifest.json,raw_retention_version_doi,10.5281/zenodo.21844636,d09d4b58f47cc4e5971c7eb9576e10db0348e0e91d8f7cc58d4e0d43efec6319,no,TRACED_TO_RETRIEVAL_SOURCE_MANIFEST
CTM-122,15 Reproducibility,block_governance,The corresponding concept DOI for the deposited raw evidence.,project/stage128/m3_lag_wdi_exploratory_data_retrieval/stage128_m3_lag_wdi_retrieval_source_manifest.json,raw_retention_concept_doi,10.5281/zenodo.21844635,d09d4b58f47cc4e5971c7eb9576e10db0348e0e91d8f7cc58d4e0d43efec6319,no,TRACED_TO_RETRIEVAL_SOURCE_MANIFEST
CTM-123,8 Development and Robustness,development_out_of_fold,"The observed ordering was preserved in robustness parts 2, 3, 4, 5 and 6.",project/stage130/manuscript_evidence_package/manuscript_results_tables/table_5_robustness_and_block_dispositions.csv,row ordering_preserved_in_parts,"[2, 3, 4, 5, 6]",9b2a48dfca187a4bcab51007f300dfdd68dd75ba67175cb1bd1c1b7fdd839074,yes,TRACED_EXACT_COMMITTED_VALUE
CTM-124,8 Development and Robustness,development_out_of_fold,Part 1 is the sole part in which the observed ordering reversed.,project/stage130/manuscript_evidence_package/manuscript_results_tables/table_5_robustness_and_block_dispositions.csv,row ordering_reversed_in_parts,[1],9b2a48dfca187a4bcab51007f300dfdd68dd75ba67175cb1bd1c1b7fdd839074,yes,TRACED_EXACT_COMMITTED_VALUE
CTM-125,8 Development and Robustness,development_out_of_fold,"Pooled development out-of-fold PR-AUC, regularized logistic regression.",project/stage130/manuscript_evidence_package/manuscript_results_tables/table_7_development_performance.csv,"row scope=pooled_development_oof, model_family=regularized_logistic_regression",0.445756964048,47f4e3967d3d97509499bbff0a1ef14c9b60e2c5c0dca17cde5513dec0fe2a94,yes,TRACED_EXACT_COMMITTED_VALUE
CTM-126,8 Development and Robustness,development_out_of_fold,"Pooled development out-of-fold PR-AUC, random forest.",project/stage130/manuscript_evidence_package/manuscript_results_tables/table_7_development_performance.csv,"row scope=pooled_development_oof, model_family=random_forest",0.40244183002,47f4e3967d3d97509499bbff0a1ef14c9b60e2c5c0dca17cde5513dec0fe2a94,yes,TRACED_EXACT_COMMITTED_VALUE
CTM-127,8 Development and Robustness,development_out_of_fold,"Pooled development out-of-fold PR-AUC, gradient boosting.",project/stage130/manuscript_evidence_package/manuscript_results_tables/table_7_development_performance.csv,"row scope=pooled_development_oof, model_family=xgboost",0.356545008162,47f4e3967d3d97509499bbff0a1ef14c9b60e2c5c0dca17cde5513dec0fe2a94,yes,TRACED_EXACT_COMMITTED_VALUE
CTM-128,8 Development and Robustness,development_out_of_fold,The pooled development out-of-fold scope is the basis of the reported ordering.,project/stage130/manuscript_evidence_package/manuscript_results_tables/table_7_development_performance.csv,column is_ordering_basis,true,47f4e3967d3d97509499bbff0a1ef14c9b60e2c5c0dca17cde5513dec0fe2a94,yes,TRACED_EXACT_COMMITTED_VALUE
CTM-129,5 Target Construction,outcome_definition,The outcome criteria and their aggregation are reproduced verbatim from the frozen definition.,project/stage130/manuscript_evidence_package/manuscript_results_tables/table_8_outcome_definition.csv,all rows,criterion / label / rule copied verbatim from project/stage122/target_definition_stage122.csv,b2cd6082e2feebfc5f528df218c05e770b92c3f39192bcb9b833137d614b0a08,yes,TRACED_EXACT_COMMITTED_VALUE
CTM-130,15 Reproducibility,block_governance,The supplementary raw-evidence deposit is openly archived under a verified version DOI.,project/stage128/m3_lag_wdi_exploratory_data_retrieval/stage128_m3_lag_wdi_retrieval_source_manifest.json,raw_retention_version_doi,10.5281/zenodo.21844636,d09d4b58f47cc4e5971c7eb9576e10db0348e0e91d8f7cc58d4e0d43efec6319,no,TRACED_TO_RETRIEVAL_SOURCE_MANIFEST_AND_RESOLVED_AT_ZENODO
CTM-131,Abstract; 4 Data and Sample; 4.1 Data construction,upstream_source_panel,"The upstream source panel holds 1,331 firm-year rows.",project/raw_handoff/financial_distress_programmer_handoff_stage121(1)/qc_report_stage121.json,source_dimensions.rows,1331,167e6922a03bba0f851e535d15bdae550da96f0fcaca1e40478a3f50305ba062,yes,TRACED_EXACT_COMMITTED_VALUE
CTM-132,Abstract; 4 Data and Sample; 4.1 Data construction,upstream_source_panel,The upstream source panel covers 130 companies.,project/stage122/stage122_qc_report.json,n_companies_before,130,4e637d936c118e2a42a82432d5993428c368bf4c3fb44ce7d370f826cb0ee16a,yes,TRACED_EXACT_COMMITTED_VALUE
CTM-133,"4.1 Data construction, verification and provenance",upstream_source_panel,The upstream source panel covers Jalali fiscal years 1392-1402.,project/raw_handoff/financial_distress_programmer_handoff_stage121(1)/qc_report_stage121.json,structural_checks.year_counts (keys),1392-1402,167e6922a03bba0f851e535d15bdae550da96f0fcaca1e40478a3f50305ba062,yes,TRACED_EXACT_COMMITTED_VALUE
CTM-134,Abstract; 4 Data and Sample; 4.1 Data construction,upstream_source_panel,"The panel carries 1,331 unique row keys.",project/raw_handoff/financial_distress_programmer_handoff_stage121(1)/qc_report_stage121.json,structural_checks.unique_key_count,1331,167e6922a03bba0f851e535d15bdae550da96f0fcaca1e40478a3f50305ba062,yes,TRACED_EXACT_COMMITTED_VALUE
CTM-135,Abstract; 4 Data and Sample; 4.1 Data construction,upstream_source_panel,The panel carries zero duplicate row keys.,project/raw_handoff/financial_distress_programmer_handoff_stage121(1)/qc_report_stage121.json,structural_checks.duplicate_key_count,0,167e6922a03bba0f851e535d15bdae550da96f0fcaca1e40478a3f50305ba062,yes,TRACED_EXACT_COMMITTED_VALUE
CTM-136,Abstract; 4 Data and Sample; 4.1 Data construction,upstream_source_panel,The panel carries zero missing row keys.,project/raw_handoff/financial_distress_programmer_handoff_stage121(1)/qc_report_stage121.json,structural_checks.missing_key_count,0,167e6922a03bba0f851e535d15bdae550da96f0fcaca1e40478a3f50305ba062,yes,TRACED_EXACT_COMMITTED_VALUE
CTM-137,Abstract; 4 Data and Sample; 4.1 Data construction,upstream_source_panel,"The accounting identity was checked on 1,312 evaluable rows.",project/raw_handoff/financial_distress_programmer_handoff_stage121(1)/qc_report_stage121.json,accounting_identity.rows_checked,1312,167e6922a03bba0f851e535d15bdae550da96f0fcaca1e40478a3f50305ba062,yes,TRACED_EXACT_COMMITTED_VALUE
CTM-138,Abstract; 4 Data and Sample; 4.1 Data construction,upstream_source_panel,"1,311 rows reconciled exactly.",project/raw_handoff/financial_distress_programmer_handoff_stage121(1)/qc_report_stage121.json,accounting_identity.exact_matches,1311,167e6922a03bba0f851e535d15bdae550da96f0fcaca1e40478a3f50305ba062,yes,TRACED_EXACT_COMMITTED_VALUE
CTM-139,Abstract; 4 Data and Sample; 4.1 Data construction,upstream_source_panel,One row reconciled within the recorded tolerance of 1 million IRR.,project/raw_handoff/financial_distress_programmer_handoff_stage121(1)/qc_report_stage121.json,accounting_identity.rounding_tolerance_matches_abs_diff_le_1_million_irr,1,167e6922a03bba0f851e535d15bdae550da96f0fcaca1e40478a3f50305ba062,yes,TRACED_EXACT_COMMITTED_VALUE
CTM-140,Abstract; 4 Data and Sample; 4.1 Data construction,upstream_source_panel,No evaluable row failed the accounting-identity check.,project/raw_handoff/financial_distress_programmer_handoff_stage121(1)/qc_report_stage121.json,accounting_identity.failures,[] (empty list),167e6922a03bba0f851e535d15bdae550da96f0fcaca1e40478a3f50305ba062,yes,TRACED_EXACT_COMMITTED_VALUE
CTM-141,"4.1 Data construction, verification and provenance",upstream_source_panel,Recalculating leverage_ratio produced zero mismatches.,project/raw_handoff/financial_distress_programmer_handoff_stage121(1)/qc_report_stage121.json,ratio_recalculation_checks.leverage_ratio.mismatches,0,167e6922a03bba0f851e535d15bdae550da96f0fcaca1e40478a3f50305ba062,yes,TRACED_EXACT_COMMITTED_VALUE
CTM-142,"4.1 Data construction, verification and provenance",upstream_source_panel,Recalculating current_ratio produced zero mismatches.,project/raw_handoff/financial_distress_programmer_handoff_stage121(1)/qc_report_stage121.json,ratio_recalculation_checks.current_ratio.mismatches,0,167e6922a03bba0f851e535d15bdae550da96f0fcaca1e40478a3f50305ba062,yes,TRACED_EXACT_COMMITTED_VALUE
CTM-143,"4.1 Data construction, verification and provenance",upstream_source_panel,Recalculating equity_ratio produced zero mismatches.,project/raw_handoff/financial_distress_programmer_handoff_stage121(1)/qc_report_stage121.json,ratio_recalculation_checks.equity_ratio.mismatches,0,167e6922a03bba0f851e535d15bdae550da96f0fcaca1e40478a3f50305ba062,yes,TRACED_EXACT_COMMITTED_VALUE
CTM-144,"4.1 Data construction, verification and provenance",upstream_source_panel,Recalculating roa_period_adjusted produced zero mismatches.,project/raw_handoff/financial_distress_programmer_handoff_stage121(1)/qc_report_stage121.json,ratio_recalculation_checks.roa_period_adjusted.mismatches,0,167e6922a03bba0f851e535d15bdae550da96f0fcaca1e40478a3f50305ba062,yes,TRACED_EXACT_COMMITTED_VALUE
CTM-145,"4.1 Data construction, verification and provenance",upstream_source_panel,Recalculating ocf_to_assets_period_adjusted produced zero mismatches.,project/raw_handoff/financial_distress_programmer_handoff_stage121(1)/qc_report_stage121.json,ratio_recalculation_checks.ocf_to_assets_period_adjusted.mismatches,0,167e6922a03bba0f851e535d15bdae550da96f0fcaca1e40478a3f50305ba062,yes,TRACED_EXACT_COMMITTED_VALUE
CTM-146,"4.1 Data construction, verification and provenance",upstream_source_panel,Recalculating financial_expense_to_assets_period_adjusted produced zero mismatches.,project/raw_handoff/financial_distress_programmer_handoff_stage121(1)/qc_report_stage121.json,ratio_recalculation_checks.financial_expense_to_assets_period_adjusted.mismatches,0,167e6922a03bba0f851e535d15bdae550da96f0fcaca1e40478a3f50305ba062,yes,TRACED_EXACT_COMMITTED_VALUE
CTM-147,"4.1 Data construction, verification and provenance",upstream_source_panel,Recalculating asset_turnover_period_adjusted produced zero mismatches.,project/raw_handoff/financial_distress_programmer_handoff_stage121(1)/qc_report_stage121.json,ratio_recalculation_checks.asset_turnover_period_adjusted.mismatches,0,167e6922a03bba0f851e535d15bdae550da96f0fcaca1e40478a3f50305ba062,yes,TRACED_EXACT_COMMITTED_VALUE
CTM-148,"4.1 Data construction, verification and provenance",stage122_target_qc,The panel holds 98 positive target states.,project/stage122/stage122_qc_report.json,target_counts.1,98,4e637d936c118e2a42a82432d5993428c368bf4c3fb44ce7d370f826cb0ee16a,yes,TRACED_EXACT_COMMITTED_VALUE
CTM-149,"4.1 Data construction, verification and provenance",stage122_target_qc,"The panel holds 1,205 negative target states.",project/stage122/stage122_qc_report.json,target_counts.0,1205,4e637d936c118e2a42a82432d5993428c368bf4c3fb44ce7d370f826cb0ee16a,yes,TRACED_EXACT_COMMITTED_VALUE
CTM-150,"4.1 Data construction, verification and provenance",stage122_target_qc,The panel holds 28 unknown target states.,project/stage122/stage122_qc_report.json,target_counts.missing,28,4e637d936c118e2a42a82432d5993428c368bf4c3fb44ce7d370f826cb0ee16a,yes,TRACED_EXACT_COMMITTED_VALUE
CTM-151,Abstract; 4 Data and Sample; 4.1 Data construction,stage122_target_qc,No unknown target state was converted into a negative observation.,project/stage122/stage122_qc_report.json,assertions.no_missing_target_converted_to_zero,true,4e637d936c118e2a42a82432d5993428c368bf4c3fb44ce7d370f826cb0ee16a,yes,TRACED_EXACT_COMMITTED_VALUE
CTM-152,"4.1 Data construction, verification and provenance",stage122_target_qc,"All 1,331 rows were preserved through the target-construction QC stage.",project/stage122/stage122_qc_report.json,"rows_before, rows_after, assertions.rows_preserved",1331 -> 1331; rows_preserved=true,4e637d936c118e2a42a82432d5993428c368bf4c3fb44ce7d370f826cb0ee16a,yes,TRACED_EXACT_COMMITTED_VALUE
CTM-153,"4.1 Data construction, verification and provenance",stage122_target_qc,Every exclusion carries an explicit recorded reason.,project/stage122/stage122_qc_report.json,exclusion_reason_counts_row,"{""consolidated_or_unresolved_statement"": 95, ""financial_industry"": 43, ""non_12_month_period"": 6, ""pre_listing"": 19, ""source_not_traceable"": 28, ""unresolved_target"": 28}",4e637d936c118e2a42a82432d5993428c368bf4c3fb44ce7d370f826cb0ee16a,yes,TRACED_EXACT_COMMITTED_VALUE
CTM-154,4.1 Data construction; 12 Discussion,stage122_target_qc,"A source file is recorded for 1,303 of the 1,331 rows.",project/stage122/stage122_qc_report.json,eligibility_counts.eligible_source_quality,1303,4e637d936c118e2a42a82432d5993428c368bf4c3fb44ce7d370f826cb0ee16a,yes,TRACED_EXACT_COMMITTED_VALUE
CTM-155,4.1 Data construction; 12 Discussion,stage122_target_qc,"A source file is absent for 28 rows, a documented provenance gap.",project/stage122/stage122_qc_report.json,exclusion_reason_counts_row.source_not_traceable,28,4e637d936c118e2a42a82432d5993428c368bf4c3fb44ce7d370f826cb0ee16a,yes,TRACED_EXACT_COMMITTED_VALUE
CTM-156,"4.1 Data construction, verification and provenance",stage122_target_qc,The Part 1 data contract records the same source-file coverage.,project/stage125/README_STAGE125_PART1_DATA_CONTRACT.md,M1 provenance gap counts: source_file present/missing,1303/28,34fc241c4e9cc99983a5e05b8468f12bd1cde1c18b0318b158ac10285a481c2b,yes,TRACED_EXACT_COMMITTED_VALUE
CTM-157,Abstract; 3 Institutional Context; 4.1 Data construction; 13 Limitations,prespecified_analysis_plan,Row-level publication timestamps were not collected for this panel.,project/stage125/part4_statistical_analysis_plan_stage125.json,row_level_publish_datetime_collection_required,false,8763bc094561ce63da2f9f621b8278a1c9836c8cbc2aeaace934e439d6e79d6e,yes,TRACED_EXACT_COMMITTED_VALUE
CTM-158,3 Institutional Context; 4.1 Data construction,prespecified_analysis_plan,Predictor admission uses a prespecified fixed four-month regulatory lag.,project/stage125/part4_statistical_analysis_plan_stage125.json,"active_availability_lag_months, active_availability_method",4; fixed_regulatory_lag,8763bc094561ce63da2f9f621b8278a1c9836c8cbc2aeaace934e439d6e79d6e,yes,TRACED_EXACT_COMMITTED_VALUE
CTM-159,4 Data and Sample,model_eligible_pairs,"1,200 one-year-ahead company-year pairs are constructible.",project/stage122/stage122_qc_report.json,pairs_total,1200,4e637d936c118e2a42a82432d5993428c368bf4c3fb44ce7d370f826cb0ee16a,yes,TRACED_EXACT_COMMITTED_VALUE
CTM-160,4 Data and Sample,model_eligible_pairs,"1,054 pairs satisfy every recorded eligibility rule.",project/stage122/stage122_qc_report.json,pairs_final_eligible,1054,4e637d936c118e2a42a82432d5993428c368bf4c3fb44ce7d370f826cb0ee16a,yes,TRACED_EXACT_COMMITTED_VALUE
CTM-161,4.1 Data construction; 12 Discussion,upstream_source_panel,"The data-construction and QC evidence is descriptive provenance evidence, not a scientific result.",project/stage130/manuscript_evidence_package/manuscript_claim_freeze.md,C12 preamble,"DESCRIPTIVE/PROVENANCE, not a result",2607811c34ee36891bce68484f3f86cd6254682324d1da9035604f6d9460131f,yes,TRACED_EXACT_COMMITTED_VALUE
CTM-162,12 Discussion; 15 Reproducibility,upstream_source_panel,The company panel is restricted-access and not openly redistributable.,project/stage130/manuscript_evidence_package/manuscript_claim_freeze.md,C12 mandatory accompanying limitation,"the company panel is restricted-access, not openly redistributable",2607811c34ee36891bce68484f3f86cd6254682324d1da9035604f6d9460131f,yes,TRACED_EXACT_COMMITTED_VALUE
CTM-163,1 Introduction; 4 Data and Sample; 4.1 Data construction; 12 Discussion,upstream_source_panel,"Table 9 reproduces every data-construction and QC value with its scope, meaning, limitation and canonical source.",project/stage130/manuscript_evidence_package/manuscript_results_tables/table_9_data_construction_and_qc.csv,all rows,32 rows across 6 scope labels,60c8a5ea03ccf49098e1ba1ef3a11b8d7aab1946b757ba90bc8aba0ff3ade70f,yes,TRACED_EXACT_COMMITTED_VALUE
