archive_edition_id,archive_year,archive_month,official_listing_url,official_download_url,listed_release_date,listed_release_time,release_time_exact,derived_release_available_at_utc,date_only_next_day_rule_applied,release_date_verified,discovery_chain_artifact,raw_listing_sha256,retrieval_timestamp_utc,unresolved_reason
WDI_2005_04,2005,04,https://datatopics.worldbank.org/world-development-indicators/wdi-archives.html,https://databank.worldbank.org/data/download/archive/WDI_2005_04.zip,,,False,,False,False,wb_wdi_archive_listing,100f3ad8efef9483206306115876f972e1a117b8af1863a0e5ae27ffe8defd8e,2026-08-03T10:35:03Z,"the official listing states year and month only for this edition; a month is not a release date, so no available_at can be verified and the edition cannot serve as a pre-cutoff vintage"
WDI_2005_09,2005,09,https://datatopics.worldbank.org/world-development-indicators/wdi-archives.html,https://databank.worldbank.org/data/download/archive/WDI_2005_09.zip,,,False,,False,False,wb_wdi_archive_listing,100f3ad8efef9483206306115876f972e1a117b8af1863a0e5ae27ffe8defd8e,2026-08-03T10:35:03Z,"the official listing states year and month only for this edition; a month is not a release date, so no available_at can be verified and the edition cannot serve as a pre-cutoff vintage"
WDI_2006_04,2006,04,https://datatopics.worldbank.org/world-development-indicators/wdi-archives.html,https://databank.worldbank.org/data/download/archive/WDI_2006_04.zip,,,False,,False,False,wb_wdi_archive_listing,100f3ad8efef9483206306115876f972e1a117b8af1863a0e5ae27ffe8defd8e,2026-08-03T10:35:03Z,"the official listing states year and month only for this edition; a month is not a release date, so no available_at can be verified and the edition cannot serve as a pre-cutoff vintage"
WDI_2006_09,2006,09,https://datatopics.worldbank.org/world-development-indicators/wdi-archives.html,https://databank.worldbank.org/data/download/archive/WDI_2006_09.zip,,,False,,False,False,wb_wdi_archive_listing,100f3ad8efef9483206306115876f972e1a117b8af1863a0e5ae27ffe8defd8e,2026-08-03T10:35:03Z,"the official listing states year and month only for this edition; a month is not a release date, so no available_at can be verified and the edition cannot serve as a pre-cutoff vintage"
WDI_2007_04,2007,04,https://datatopics.worldbank.org/world-development-indicators/wdi-archives.html,https://databank.worldbank.org/data/download/archive/WDI_2007_04.zip,,,False,,False,False,wb_wdi_archive_listing,100f3ad8efef9483206306115876f972e1a117b8af1863a0e5ae27ffe8defd8e,2026-08-03T10:35:03Z,"the official listing states year and month only for this edition; a month is not a release date, so no available_at can be verified and the edition cannot serve as a pre-cutoff vintage"
WDI_2007_09,2007,09,https://datatopics.worldbank.org/world-development-indicators/wdi-archives.html,https://databank.worldbank.org/data/download/archive/WDI_2007_09.zip,,,False,,False,False,wb_wdi_archive_listing,100f3ad8efef9483206306115876f972e1a117b8af1863a0e5ae27ffe8defd8e,2026-08-03T10:35:03Z,"the official listing states year and month only for this edition; a month is not a release date, so no available_at can be verified and the edition cannot serve as a pre-cutoff vintage"
WDI_2008_04,2008,04,https://datatopics.worldbank.org/world-development-indicators/wdi-archives.html,https://databank.worldbank.org/data/download/archive/WDI_2008_04.zip,,,False,,False,False,wb_wdi_archive_listing,100f3ad8efef9483206306115876f972e1a117b8af1863a0e5ae27ffe8defd8e,2026-08-03T10:35:03Z,"the official listing states year and month only for this edition; a month is not a release date, so no available_at can be verified and the edition cannot serve as a pre-cutoff vintage"
WDI_2008_09,2008,09,https://datatopics.worldbank.org/world-development-indicators/wdi-archives.html,https://databank.worldbank.org/data/download/archive/WDI_2008_09.zip,,,False,,False,False,wb_wdi_archive_listing,100f3ad8efef9483206306115876f972e1a117b8af1863a0e5ae27ffe8defd8e,2026-08-03T10:35:03Z,"the official listing states year and month only for this edition; a month is not a release date, so no available_at can be verified and the edition cannot serve as a pre-cutoff vintage"
WDI_2008_12,2008,12,https://datatopics.worldbank.org/world-development-indicators/wdi-archives.html,https://databank.worldbank.org/data/download/archive/WDI_2008_12.zip,,,False,,False,False,wb_wdi_archive_listing,100f3ad8efef9483206306115876f972e1a117b8af1863a0e5ae27ffe8defd8e,2026-08-03T10:35:03Z,"the official listing states year and month only for this edition; a month is not a release date, so no available_at can be verified and the edition cannot serve as a pre-cutoff vintage"
WDI_2009_05,2009,05,https://datatopics.worldbank.org/world-development-indicators/wdi-archives.html,https://databank.worldbank.org/data/download/archive/WDI_2009_05.zip,,,False,,False,False,wb_wdi_archive_listing,100f3ad8efef9483206306115876f972e1a117b8af1863a0e5ae27ffe8defd8e,2026-08-03T10:35:03Z,"the official listing states year and month only for this edition; a month is not a release date, so no available_at can be verified and the edition cannot serve as a pre-cutoff vintage"
WDI_2009_10,2009,10,https://datatopics.worldbank.org/world-development-indicators/wdi-archives.html,https://databank.worldbank.org/data/download/archive/WDI_2009_10.zip,,,False,,False,False,wb_wdi_archive_listing,100f3ad8efef9483206306115876f972e1a117b8af1863a0e5ae27ffe8defd8e,2026-08-03T10:35:03Z,"the official listing states year and month only for this edition; a month is not a release date, so no available_at can be verified and the edition cannot serve as a pre-cutoff vintage"
WDI_2010_04,2010,04,https://datatopics.worldbank.org/world-development-indicators/wdi-archives.html,https://databank.worldbank.org/data/download/archive/WDI_2010_04.zip,,,False,,False,False,wb_wdi_archive_listing,100f3ad8efef9483206306115876f972e1a117b8af1863a0e5ae27ffe8defd8e,2026-08-03T10:35:03Z,"the official listing states year and month only for this edition; a month is not a release date, so no available_at can be verified and the edition cannot serve as a pre-cutoff vintage"
WDI_2012_12,2012,12,https://datatopics.worldbank.org/world-development-indicators/wdi-archives.html,https://databank.worldbank.org/data/download/archive/WDI_excel_2012_12.zip,,,False,,False,False,wb_wdi_archive_listing,100f3ad8efef9483206306115876f972e1a117b8af1863a0e5ae27ffe8defd8e,2026-08-03T10:35:03Z,"the official listing states year and month only for this edition; a month is not a release date, so no available_at can be verified and the edition cannot serve as a pre-cutoff vintage"
WDI_2013_04,2013,04,https://datatopics.worldbank.org/world-development-indicators/wdi-archives.html,https://databank.worldbank.org/data/download/archive/WDI_excel_2013_04.zip,,,False,,False,False,wb_wdi_archive_listing,100f3ad8efef9483206306115876f972e1a117b8af1863a0e5ae27ffe8defd8e,2026-08-03T10:35:03Z,"the official listing states year and month only for this edition; a month is not a release date, so no available_at can be verified and the edition cannot serve as a pre-cutoff vintage"
WDI_2013_07,2013,07,https://datatopics.worldbank.org/world-development-indicators/wdi-archives.html,https://databank.worldbank.org/data/download/archive/WDI_excel_2013_07.zip,,,False,,False,False,wb_wdi_archive_listing,100f3ad8efef9483206306115876f972e1a117b8af1863a0e5ae27ffe8defd8e,2026-08-03T10:35:03Z,"the official listing states year and month only for this edition; a month is not a release date, so no available_at can be verified and the edition cannot serve as a pre-cutoff vintage"
WDI_2013_10,2013,10,https://datatopics.worldbank.org/world-development-indicators/wdi-archives.html,https://databank.worldbank.org/data/download/archive/WDI_excel_2013_10.zip,,,False,,False,False,wb_wdi_archive_listing,100f3ad8efef9483206306115876f972e1a117b8af1863a0e5ae27ffe8defd8e,2026-08-03T10:35:03Z,"the official listing states year and month only for this edition; a month is not a release date, so no available_at can be verified and the edition cannot serve as a pre-cutoff vintage"
WDI_2013_12,2013,12,https://datatopics.worldbank.org/world-development-indicators/wdi-archives.html,https://databank.worldbank.org/data/download/archive/WDI_excel_2013_12.zip,,,False,,False,False,wb_wdi_archive_listing,100f3ad8efef9483206306115876f972e1a117b8af1863a0e5ae27ffe8defd8e,2026-08-03T10:35:03Z,"the official listing states year and month only for this edition; a month is not a release date, so no available_at can be verified and the edition cannot serve as a pre-cutoff vintage"
WDI_2014_04,2014,04,https://datatopics.worldbank.org/world-development-indicators/wdi-archives.html,https://databank.worldbank.org/data/download/archive/WDI_excel_2014_04.zip,,,False,,False,False,wb_wdi_archive_listing,100f3ad8efef9483206306115876f972e1a117b8af1863a0e5ae27ffe8defd8e,2026-08-03T10:35:03Z,"the official listing states year and month only for this edition; a month is not a release date, so no available_at can be verified and the edition cannot serve as a pre-cutoff vintage"
WDI_2014_05,2014,05,https://datatopics.worldbank.org/world-development-indicators/wdi-archives.html,https://databank.worldbank.org/data/download/archive/WDI_excel_2014_05.zip,,,False,,False,False,wb_wdi_archive_listing,100f3ad8efef9483206306115876f972e1a117b8af1863a0e5ae27ffe8defd8e,2026-08-03T10:35:03Z,"the official listing states year and month only for this edition; a month is not a release date, so no available_at can be verified and the edition cannot serve as a pre-cutoff vintage"
WDI_2014_07,2014,07,https://datatopics.worldbank.org/world-development-indicators/wdi-archives.html,https://databank.worldbank.org/data/download/archive/WDI_excel_2014_07.zip,,,False,,False,False,wb_wdi_archive_listing,100f3ad8efef9483206306115876f972e1a117b8af1863a0e5ae27ffe8defd8e,2026-08-03T10:35:03Z,"the official listing states year and month only for this edition; a month is not a release date, so no available_at can be verified and the edition cannot serve as a pre-cutoff vintage"
WDI_2014_09,2014,09,https://datatopics.worldbank.org/world-development-indicators/wdi-archives.html,https://databank.worldbank.org/data/download/archive/WDI_excel_2014_09.zip,,,False,,False,False,wb_wdi_archive_listing,100f3ad8efef9483206306115876f972e1a117b8af1863a0e5ae27ffe8defd8e,2026-08-03T10:35:03Z,"the official listing states year and month only for this edition; a month is not a release date, so no available_at can be verified and the edition cannot serve as a pre-cutoff vintage"
WDI_2014_11,2014,11,https://datatopics.worldbank.org/world-development-indicators/wdi-archives.html,https://databank.worldbank.org/data/download/archive/WDI_excel_2014_11.zip,,,False,,False,False,wb_wdi_archive_listing,100f3ad8efef9483206306115876f972e1a117b8af1863a0e5ae27ffe8defd8e,2026-08-03T10:35:03Z,"the official listing states year and month only for this edition; a month is not a release date, so no available_at can be verified and the edition cannot serve as a pre-cutoff vintage"
WDI_2014_12,2014,12,https://datatopics.worldbank.org/world-development-indicators/wdi-archives.html,https://databank.worldbank.org/data/download/archive/WDI_excel_2014_12.zip,,,False,,False,False,wb_wdi_archive_listing,100f3ad8efef9483206306115876f972e1a117b8af1863a0e5ae27ffe8defd8e,2026-08-03T10:35:03Z,"the official listing states year and month only for this edition; a month is not a release date, so no available_at can be verified and the edition cannot serve as a pre-cutoff vintage"
WDI_2015_01,2015,01,https://datatopics.worldbank.org/world-development-indicators/wdi-archives.html,https://databank.worldbank.org/data/download/archive/WDI_excel_2015_01.zip,,,False,,False,False,wb_wdi_archive_listing,100f3ad8efef9483206306115876f972e1a117b8af1863a0e5ae27ffe8defd8e,2026-08-03T10:35:03Z,"the official listing states year and month only for this edition; a month is not a release date, so no available_at can be verified and the edition cannot serve as a pre-cutoff vintage"
WDI_2015_03,2015,03,https://datatopics.worldbank.org/world-development-indicators/wdi-archives.html,https://databank.worldbank.org/data/download/archive/WDI_excel_2015_03.zip,,,False,,False,False,wb_wdi_archive_listing,100f3ad8efef9483206306115876f972e1a117b8af1863a0e5ae27ffe8defd8e,2026-08-03T10:35:03Z,"the official listing states year and month only for this edition; a month is not a release date, so no available_at can be verified and the edition cannot serve as a pre-cutoff vintage"
WDI_2015_04,2015,04,https://datatopics.worldbank.org/world-development-indicators/wdi-archives.html,https://databank.worldbank.org/data/download/archive/WDI_excel_2015_04.zip,,,False,,False,False,wb_wdi_archive_listing,100f3ad8efef9483206306115876f972e1a117b8af1863a0e5ae27ffe8defd8e,2026-08-03T10:35:03Z,"the official listing states year and month only for this edition; a month is not a release date, so no available_at can be verified and the edition cannot serve as a pre-cutoff vintage"
WDI_2015_07,2015,07,https://datatopics.worldbank.org/world-development-indicators/wdi-archives.html,https://databank.worldbank.org/data/download/archive/WDI_excel_2015_07.zip,,,False,,False,False,wb_wdi_archive_listing,100f3ad8efef9483206306115876f972e1a117b8af1863a0e5ae27ffe8defd8e,2026-08-03T10:35:03Z,"the official listing states year and month only for this edition; a month is not a release date, so no available_at can be verified and the edition cannot serve as a pre-cutoff vintage"
WDI_2015_09,2015,09,https://datatopics.worldbank.org/world-development-indicators/wdi-archives.html,https://databank.worldbank.org/data/download/archive/WDI_excel_2015_09.zip,,,False,,False,False,wb_wdi_archive_listing,100f3ad8efef9483206306115876f972e1a117b8af1863a0e5ae27ffe8defd8e,2026-08-03T10:35:03Z,"the official listing states year and month only for this edition; a month is not a release date, so no available_at can be verified and the edition cannot serve as a pre-cutoff vintage"
WDI_2015_10,2015,10,https://datatopics.worldbank.org/world-development-indicators/wdi-archives.html,https://databank.worldbank.org/data/download/archive/WDI_excel_2015_10.zip,,,False,,False,False,wb_wdi_archive_listing,100f3ad8efef9483206306115876f972e1a117b8af1863a0e5ae27ffe8defd8e,2026-08-03T10:35:03Z,"the official listing states year and month only for this edition; a month is not a release date, so no available_at can be verified and the edition cannot serve as a pre-cutoff vintage"
WDI_2015_12,2015,12,https://datatopics.worldbank.org/world-development-indicators/wdi-archives.html,https://databank.worldbank.org/data/download/archive/WDI_excel_2015_12.zip,,,False,,False,False,wb_wdi_archive_listing,100f3ad8efef9483206306115876f972e1a117b8af1863a0e5ae27ffe8defd8e,2026-08-03T10:35:03Z,"the official listing states year and month only for this edition; a month is not a release date, so no available_at can be verified and the edition cannot serve as a pre-cutoff vintage"
WDI_2016_02,2016,02,https://datatopics.worldbank.org/world-development-indicators/wdi-archives.html,https://databank.worldbank.org/data/download/archive/WDI_excel_2016_02.zip,,,False,,False,False,wb_wdi_archive_listing,100f3ad8efef9483206306115876f972e1a117b8af1863a0e5ae27ffe8defd8e,2026-08-03T10:35:03Z,"the official listing states year and month only for this edition; a month is not a release date, so no available_at can be verified and the edition cannot serve as a pre-cutoff vintage"
WDI_2016_04,2016,04,https://datatopics.worldbank.org/world-development-indicators/wdi-archives.html,https://databank.worldbank.org/data/download/archive/WDI_excel_2016_04.zip,,,False,,False,False,wb_wdi_archive_listing,100f3ad8efef9483206306115876f972e1a117b8af1863a0e5ae27ffe8defd8e,2026-08-03T10:35:03Z,"the official listing states year and month only for this edition; a month is not a release date, so no available_at can be verified and the edition cannot serve as a pre-cutoff vintage"
WDI_2016_06,2016,06,https://datatopics.worldbank.org/world-development-indicators/wdi-archives.html,https://databank.worldbank.org/data/download/archive/WDI_excel_2016_06.zip,,,False,,False,False,wb_wdi_archive_listing,100f3ad8efef9483206306115876f972e1a117b8af1863a0e5ae27ffe8defd8e,2026-08-03T10:35:03Z,"the official listing states year and month only for this edition; a month is not a release date, so no available_at can be verified and the edition cannot serve as a pre-cutoff vintage"
WDI_2016_07,2016,07,https://datatopics.worldbank.org/world-development-indicators/wdi-archives.html,https://databank.worldbank.org/data/download/archive/WDI_excel_2016_07.zip,,,False,,False,False,wb_wdi_archive_listing,100f3ad8efef9483206306115876f972e1a117b8af1863a0e5ae27ffe8defd8e,2026-08-03T10:35:03Z,"the official listing states year and month only for this edition; a month is not a release date, so no available_at can be verified and the edition cannot serve as a pre-cutoff vintage"
WDI_2016_08,2016,08,https://datatopics.worldbank.org/world-development-indicators/wdi-archives.html,https://databank.worldbank.org/data/download/archive/WDI_excel_2016_08.zip,,,False,,False,False,wb_wdi_archive_listing,100f3ad8efef9483206306115876f972e1a117b8af1863a0e5ae27ffe8defd8e,2026-08-03T10:35:03Z,"the official listing states year and month only for this edition; a month is not a release date, so no available_at can be verified and the edition cannot serve as a pre-cutoff vintage"
WDI_2016_10,2016,10,https://datatopics.worldbank.org/world-development-indicators/wdi-archives.html,https://databank.worldbank.org/data/download/archive/WDI_excel_2016_10.zip,,,False,,False,False,wb_wdi_archive_listing,100f3ad8efef9483206306115876f972e1a117b8af1863a0e5ae27ffe8defd8e,2026-08-03T10:35:03Z,"the official listing states year and month only for this edition; a month is not a release date, so no available_at can be verified and the edition cannot serve as a pre-cutoff vintage"
WDI_2016_11,2016,11,https://datatopics.worldbank.org/world-development-indicators/wdi-archives.html,https://databank.worldbank.org/data/download/archive/WDI_excel_2016_11.zip,,,False,,False,False,wb_wdi_archive_listing,100f3ad8efef9483206306115876f972e1a117b8af1863a0e5ae27ffe8defd8e,2026-08-03T10:35:03Z,"the official listing states year and month only for this edition; a month is not a release date, so no available_at can be verified and the edition cannot serve as a pre-cutoff vintage"
WDI_2016_12,2016,12,https://datatopics.worldbank.org/world-development-indicators/wdi-archives.html,https://databank.worldbank.org/data/download/archive/WDI_excel_2016_12.zip,,,False,,False,False,wb_wdi_archive_listing,100f3ad8efef9483206306115876f972e1a117b8af1863a0e5ae27ffe8defd8e,2026-08-03T10:35:03Z,"the official listing states year and month only for this edition; a month is not a release date, so no available_at can be verified and the edition cannot serve as a pre-cutoff vintage"
WDI_2017_03,2017,03,https://datatopics.worldbank.org/world-development-indicators/wdi-archives.html,https://databank.worldbank.org/data/download/archive/WDI_excel_2017_03.zip,,,False,,False,False,wb_wdi_archive_listing,100f3ad8efef9483206306115876f972e1a117b8af1863a0e5ae27ffe8defd8e,2026-08-03T10:35:03Z,"the official listing states year and month only for this edition; a month is not a release date, so no available_at can be verified and the edition cannot serve as a pre-cutoff vintage"
WDI_2017_04,2017,04,https://datatopics.worldbank.org/world-development-indicators/wdi-archives.html,https://databank.worldbank.org/data/download/archive/WDI_excel_2017_04.zip,,,False,,False,False,wb_wdi_archive_listing,100f3ad8efef9483206306115876f972e1a117b8af1863a0e5ae27ffe8defd8e,2026-08-03T10:35:03Z,"the official listing states year and month only for this edition; a month is not a release date, so no available_at can be verified and the edition cannot serve as a pre-cutoff vintage"
WDI_2017_05,2017,05,https://datatopics.worldbank.org/world-development-indicators/wdi-archives.html,https://databank.worldbank.org/data/download/archive/WDI_excel_2017_05.zip,,,False,,False,False,wb_wdi_archive_listing,100f3ad8efef9483206306115876f972e1a117b8af1863a0e5ae27ffe8defd8e,2026-08-03T10:35:03Z,"the official listing states year and month only for this edition; a month is not a release date, so no available_at can be verified and the edition cannot serve as a pre-cutoff vintage"
WDI_2017_06,2017,06,https://datatopics.worldbank.org/world-development-indicators/wdi-archives.html,https://databank.worldbank.org/data/download/archive/WDI_excel_2017_06.zip,,,False,,False,False,wb_wdi_archive_listing,100f3ad8efef9483206306115876f972e1a117b8af1863a0e5ae27ffe8defd8e,2026-08-03T10:35:03Z,"the official listing states year and month only for this edition; a month is not a release date, so no available_at can be verified and the edition cannot serve as a pre-cutoff vintage"
WDI_2017_07,2017,07,https://datatopics.worldbank.org/world-development-indicators/wdi-archives.html,https://databank.worldbank.org/data/download/archive/WDI_excel_2017_07.zip,,,False,,False,False,wb_wdi_archive_listing,100f3ad8efef9483206306115876f972e1a117b8af1863a0e5ae27ffe8defd8e,2026-08-03T10:35:03Z,"the official listing states year and month only for this edition; a month is not a release date, so no available_at can be verified and the edition cannot serve as a pre-cutoff vintage"
WDI_2017_08,2017,08,https://datatopics.worldbank.org/world-development-indicators/wdi-archives.html,https://databank.worldbank.org/data/download/archive/WDI_excel_2017_08.zip,,,False,,False,False,wb_wdi_archive_listing,100f3ad8efef9483206306115876f972e1a117b8af1863a0e5ae27ffe8defd8e,2026-08-03T10:35:03Z,"the official listing states year and month only for this edition; a month is not a release date, so no available_at can be verified and the edition cannot serve as a pre-cutoff vintage"
WDI_2017_09_19,2017,09,https://datatopics.worldbank.org/world-development-indicators/wdi-archives.html,https://databank.worldbank.org/data/download/archive/WDI_excel_2017_09_19.zip,2017-09-19,,False,2017-09-20T00:00:00Z,True,True,wb_wdi_archive_listing,100f3ad8efef9483206306115876f972e1a117b8af1863a0e5ae27ffe8defd8e,2026-08-03T10:35:03Z,
WDI_2017_10_30,2017,10,https://datatopics.worldbank.org/world-development-indicators/wdi-archives.html,https://databank.worldbank.org/data/download/archive/WDI_excel_2017_10_30.zip,2017-10-30,,False,2017-10-31T00:00:00Z,True,True,wb_wdi_archive_listing,100f3ad8efef9483206306115876f972e1a117b8af1863a0e5ae27ffe8defd8e,2026-08-03T10:35:03Z,
WDI_2017_11_21,2017,11,https://datatopics.worldbank.org/world-development-indicators/wdi-archives.html,https://databank.worldbank.org/data/download/archive/WDI_excel_2017_11_21.zip,2017-11-21,,False,2017-11-22T00:00:00Z,True,True,wb_wdi_archive_listing,100f3ad8efef9483206306115876f972e1a117b8af1863a0e5ae27ffe8defd8e,2026-08-03T10:35:03Z,
WDI_2017_12_22,2017,12,https://datatopics.worldbank.org/world-development-indicators/wdi-archives.html,https://databank.worldbank.org/data/download/archive/WDI_excel_2017_12_22.zip,2017-12-22,,False,2017-12-23T00:00:00Z,True,True,wb_wdi_archive_listing,100f3ad8efef9483206306115876f972e1a117b8af1863a0e5ae27ffe8defd8e,2026-08-03T10:35:03Z,
WDI_2018_02_22,2018,02,https://datatopics.worldbank.org/world-development-indicators/wdi-archives.html,https://databank.worldbank.org/data/download/archive/WDI_excel_2018_02_22.zip,2018-02-22,,False,2018-02-23T00:00:00Z,True,True,wb_wdi_archive_listing,100f3ad8efef9483206306115876f972e1a117b8af1863a0e5ae27ffe8defd8e,2026-08-03T10:35:03Z,
WDI_2018_04_18,2018,04,https://datatopics.worldbank.org/world-development-indicators/wdi-archives.html,https://databank.worldbank.org/data/download/archive/WDI_excel_2018_04_18.zip,2018-04-18,,False,2018-04-19T00:00:00Z,True,True,wb_wdi_archive_listing,100f3ad8efef9483206306115876f972e1a117b8af1863a0e5ae27ffe8defd8e,2026-08-03T10:35:03Z,
WDI_2018_05_21,2018,05,https://datatopics.worldbank.org/world-development-indicators/wdi-archives.html,https://databank.worldbank.org/data/download/archive/WDI_excel_2018_05_21.zip,2018-05-21,,False,2018-05-22T00:00:00Z,True,True,wb_wdi_archive_listing,100f3ad8efef9483206306115876f972e1a117b8af1863a0e5ae27ffe8defd8e,2026-08-03T10:35:03Z,
WDI_2018_07_27,2018,07,https://datatopics.worldbank.org/world-development-indicators/wdi-archives.html,https://databank.worldbank.org/data/download/archive/WDI_excel_2018_07_27.zip,2018-07-27,,False,2018-07-28T00:00:00Z,True,True,wb_wdi_archive_listing,100f3ad8efef9483206306115876f972e1a117b8af1863a0e5ae27ffe8defd8e,2026-08-03T10:35:03Z,
WDI_2018_08_28,2018,08,https://datatopics.worldbank.org/world-development-indicators/wdi-archives.html,https://databank.worldbank.org/data/download/archive/WDI_excel_2018_08_28.zip,2018-08-28,,False,2018-08-29T00:00:00Z,True,True,wb_wdi_archive_listing,100f3ad8efef9483206306115876f972e1a117b8af1863a0e5ae27ffe8defd8e,2026-08-03T10:35:03Z,
WDI_2018_09_21,2018,09,https://datatopics.worldbank.org/world-development-indicators/wdi-archives.html,https://databank.worldbank.org/data/download/archive/WDI_excel_2018_09_21.zip,2018-09-21,,False,2018-09-22T00:00:00Z,True,True,wb_wdi_archive_listing,100f3ad8efef9483206306115876f972e1a117b8af1863a0e5ae27ffe8defd8e,2026-08-03T10:35:03Z,
WDI_2018_10_18,2018,10,https://datatopics.worldbank.org/world-development-indicators/wdi-archives.html,https://databank.worldbank.org/data/download/archive/WDI_excel_2018_10_18.zip,2018-10-18,,False,2018-10-19T00:00:00Z,True,True,wb_wdi_archive_listing,100f3ad8efef9483206306115876f972e1a117b8af1863a0e5ae27ffe8defd8e,2026-08-03T10:35:03Z,
WDI_2018_11_14,2018,11,https://datatopics.worldbank.org/world-development-indicators/wdi-archives.html,https://databank.worldbank.org/data/download/archive/WDI_excel_2018_11_14.zip,2018-11-14,,False,2018-11-15T00:00:00Z,True,True,wb_wdi_archive_listing,100f3ad8efef9483206306115876f972e1a117b8af1863a0e5ae27ffe8defd8e,2026-08-03T10:35:03Z,
WDI_2019_01_30,2019,01,https://datatopics.worldbank.org/world-development-indicators/wdi-archives.html,https://databank.worldbank.org/data/download/archive/WDI_excel_2019_01_30.zip,2019-01-30,,False,2019-01-31T00:00:00Z,True,True,wb_wdi_archive_listing,100f3ad8efef9483206306115876f972e1a117b8af1863a0e5ae27ffe8defd8e,2026-08-03T10:35:03Z,
WDI_2019_03_21,2019,03,https://datatopics.worldbank.org/world-development-indicators/wdi-archives.html,https://databank.worldbank.org/data/download/archive/WDI_excel_2019_03_21.zip,2019-03-21,,False,2019-03-22T00:00:00Z,True,True,wb_wdi_archive_listing,100f3ad8efef9483206306115876f972e1a117b8af1863a0e5ae27ffe8defd8e,2026-08-03T10:35:03Z,
WDI_2019_04_24,2019,04,https://datatopics.worldbank.org/world-development-indicators/wdi-archives.html,https://databank.worldbank.org/data/download/archive/WDI_excel_2019_04_24.zip,2019-04-24,,False,2019-04-25T00:00:00Z,True,True,wb_wdi_archive_listing,100f3ad8efef9483206306115876f972e1a117b8af1863a0e5ae27ffe8defd8e,2026-08-03T10:35:03Z,
WDI_2019_06_28,2019,06,https://datatopics.worldbank.org/world-development-indicators/wdi-archives.html,https://databank.worldbank.org/data/download/archive/WDI_excel_2019_06_28.zip,2019-06-28,,False,2019-06-29T00:00:00Z,True,True,wb_wdi_archive_listing,100f3ad8efef9483206306115876f972e1a117b8af1863a0e5ae27ffe8defd8e,2026-08-03T10:35:03Z,
WDI_2019_09_24,2019,09,https://datatopics.worldbank.org/world-development-indicators/wdi-archives.html,https://databank.worldbank.org/data/download/archive/WDI_excel_2019_09_24.zip,2019-09-24,,False,2019-09-25T00:00:00Z,True,True,wb_wdi_archive_listing,100f3ad8efef9483206306115876f972e1a117b8af1863a0e5ae27ffe8defd8e,2026-08-03T10:35:03Z,
WDI_2019_10_28,2019,10,https://datatopics.worldbank.org/world-development-indicators/wdi-archives.html,https://databank.worldbank.org/data/download/archive/WDI_excel_2019_10_28.zip,2019-10-28,,False,2019-10-29T00:00:00Z,True,True,wb_wdi_archive_listing,100f3ad8efef9483206306115876f972e1a117b8af1863a0e5ae27ffe8defd8e,2026-08-03T10:35:03Z,
WDI_2019_12_20,2019,12,https://datatopics.worldbank.org/world-development-indicators/wdi-archives.html,https://databank.worldbank.org/data/download/archive/WDI_excel_2019_12_20.zip,2019-12-20,,False,2019-12-21T00:00:00Z,True,True,wb_wdi_archive_listing,100f3ad8efef9483206306115876f972e1a117b8af1863a0e5ae27ffe8defd8e,2026-08-03T10:35:03Z,
WDI_2020_02_28,2020,02,https://datatopics.worldbank.org/world-development-indicators/wdi-archives.html,https://databank.worldbank.org/data/download/archive/WDI_excel_2020_02_28.zip,2020-02-28,,False,2020-02-29T00:00:00Z,True,True,wb_wdi_archive_listing,100f3ad8efef9483206306115876f972e1a117b8af1863a0e5ae27ffe8defd8e,2026-08-03T10:35:03Z,
WDI_2020_03_19,2020,03,https://datatopics.worldbank.org/world-development-indicators/wdi-archives.html,https://databank.worldbank.org/data/download/archive/WDI_excel_2020_03_19.zip,2020-03-19,,False,2020-03-20T00:00:00Z,True,True,wb_wdi_archive_listing,100f3ad8efef9483206306115876f972e1a117b8af1863a0e5ae27ffe8defd8e,2026-08-03T10:35:03Z,
WDI_2020_04_09,2020,04,https://datatopics.worldbank.org/world-development-indicators/wdi-archives.html,https://databank.worldbank.org/data/download/archive/WDI_excel_2020_04_09.zip,2020-04-09,,False,2020-04-10T00:00:00Z,True,True,wb_wdi_archive_listing,100f3ad8efef9483206306115876f972e1a117b8af1863a0e5ae27ffe8defd8e,2026-08-03T10:35:03Z,
WDI_2020_05_29,2020,05,https://datatopics.worldbank.org/world-development-indicators/wdi-archives.html,https://databank.worldbank.org/data/download/archive/WDI_excel_2020_05_29.zip,2020-05-29,,False,2020-05-30T00:00:00Z,True,True,wb_wdi_archive_listing,100f3ad8efef9483206306115876f972e1a117b8af1863a0e5ae27ffe8defd8e,2026-08-03T10:35:03Z,
WDI_2020_07_01,2020,07,https://datatopics.worldbank.org/world-development-indicators/wdi-archives.html,https://databank.worldbank.org/data/download/archive/WDI_excel_2020_07_01.zip,2020-07-01,,False,2020-07-02T00:00:00Z,True,True,wb_wdi_archive_listing,100f3ad8efef9483206306115876f972e1a117b8af1863a0e5ae27ffe8defd8e,2026-08-03T10:35:03Z,
WDI_2020_08_19,2020,08,https://datatopics.worldbank.org/world-development-indicators/wdi-archives.html,https://databank.worldbank.org/data/download/archive/WDI_excel_2020_08_19.zip,2020-08-19,,False,2020-08-20T00:00:00Z,True,True,wb_wdi_archive_listing,100f3ad8efef9483206306115876f972e1a117b8af1863a0e5ae27ffe8defd8e,2026-08-03T10:35:03Z,
WDI_2020_09_16,2020,09,https://datatopics.worldbank.org/world-development-indicators/wdi-archives.html,https://databank.worldbank.org/data/download/archive/WDI_excel_2020_09_16.zip,2020-09-16,,False,2020-09-17T00:00:00Z,True,True,wb_wdi_archive_listing,100f3ad8efef9483206306115876f972e1a117b8af1863a0e5ae27ffe8defd8e,2026-08-03T10:35:03Z,
WDI_2020_10_16,2020,10,https://datatopics.worldbank.org/world-development-indicators/wdi-archives.html,https://databank.worldbank.org/data/download/archive/WDI_excel_2020_10_16.zip,2020-10-16,,False,2020-10-17T00:00:00Z,True,True,wb_wdi_archive_listing,100f3ad8efef9483206306115876f972e1a117b8af1863a0e5ae27ffe8defd8e,2026-08-03T10:35:03Z,
WDI_2020_12_16,2020,12,https://datatopics.worldbank.org/world-development-indicators/wdi-archives.html,https://databank.worldbank.org/data/download/archive/WDI_excel_2020_12_16.zip,2020-12-16,,False,2020-12-17T00:00:00Z,True,True,wb_wdi_archive_listing,100f3ad8efef9483206306115876f972e1a117b8af1863a0e5ae27ffe8defd8e,2026-08-03T10:35:03Z,
WDI_2021_02_17,2021,02,https://datatopics.worldbank.org/world-development-indicators/wdi-archives.html,https://databank.worldbank.org/data/download/archive/WDI_excel_2021_02_17.zip,2021-02-17,,False,2021-02-18T00:00:00Z,True,True,wb_wdi_archive_listing,100f3ad8efef9483206306115876f972e1a117b8af1863a0e5ae27ffe8defd8e,2026-08-03T10:35:03Z,
WDI_2021_03_19,2021,03,https://datatopics.worldbank.org/world-development-indicators/wdi-archives.html,https://databank.worldbank.org/data/download/archive/WDI_excel_2021_03_19.zip,2021-03-19,,False,2021-03-20T00:00:00Z,True,True,wb_wdi_archive_listing,100f3ad8efef9483206306115876f972e1a117b8af1863a0e5ae27ffe8defd8e,2026-08-03T10:35:03Z,
WDI_2021_04_26,2021,04,https://datatopics.worldbank.org/world-development-indicators/wdi-archives.html,https://databank.worldbank.org/data/download/archive/WDI_excel_2021_04_26.zip,2021-04-26,,False,2021-04-27T00:00:00Z,True,True,wb_wdi_archive_listing,100f3ad8efef9483206306115876f972e1a117b8af1863a0e5ae27ffe8defd8e,2026-08-03T10:35:03Z,
WDI_2021_05_25,2021,05,https://datatopics.worldbank.org/world-development-indicators/wdi-archives.html,https://databank.worldbank.org/data/download/archive/WDI_excel_2021_05_25.zip,2021-05-25,,False,2021-05-26T00:00:00Z,True,True,wb_wdi_archive_listing,100f3ad8efef9483206306115876f972e1a117b8af1863a0e5ae27ffe8defd8e,2026-08-03T10:35:03Z,
WDI_2021_07_30,2021,07,https://datatopics.worldbank.org/world-development-indicators/wdi-archives.html,https://databank.worldbank.org/data/download/archive/WDI_excel_2021_07_30.zip,2021-07-30,,False,2021-07-31T00:00:00Z,True,True,wb_wdi_archive_listing,100f3ad8efef9483206306115876f972e1a117b8af1863a0e5ae27ffe8defd8e,2026-08-03T10:35:03Z,
WDI_2021_09_15,2021,09,https://datatopics.worldbank.org/world-development-indicators/wdi-archives.html,https://databank.worldbank.org/data/download/archive/WDI_excel_2021_09_15.zip,2021-09-15,,False,2021-09-16T00:00:00Z,True,True,wb_wdi_archive_listing,100f3ad8efef9483206306115876f972e1a117b8af1863a0e5ae27ffe8defd8e,2026-08-03T10:35:03Z,
WDI_2021_10_28,2021,10,https://datatopics.worldbank.org/world-development-indicators/wdi-archives.html,https://databank.worldbank.org/data/download/archive/WDI_excel_2021_10_28.zip,2021-10-28,,False,2021-10-29T00:00:00Z,True,True,wb_wdi_archive_listing,100f3ad8efef9483206306115876f972e1a117b8af1863a0e5ae27ffe8defd8e,2026-08-03T10:35:03Z,
WDI_2021_11_23,2021,11,https://datatopics.worldbank.org/world-development-indicators/wdi-archives.html,https://databank.worldbank.org/data/download/archive/WDI_excel_2021_11_23.zip,2021-11-23,,False,2021-11-24T00:00:00Z,True,True,wb_wdi_archive_listing,100f3ad8efef9483206306115876f972e1a117b8af1863a0e5ae27ffe8defd8e,2026-08-03T10:35:03Z,
WDI_2021_12_16,2021,12,https://datatopics.worldbank.org/world-development-indicators/wdi-archives.html,https://databank.worldbank.org/data/download/archive/WDI_excel_2021_12_16.zip,2021-12-16,,False,2021-12-17T00:00:00Z,True,True,wb_wdi_archive_listing,100f3ad8efef9483206306115876f972e1a117b8af1863a0e5ae27ffe8defd8e,2026-08-03T10:35:03Z,
WDI_2022_02_15,2022,02,https://datatopics.worldbank.org/world-development-indicators/wdi-archives.html,https://databank.worldbank.org/data/download/archive/WDI_excel_2022_02_15.zip,2022-02-15,,False,2022-02-16T00:00:00Z,True,True,wb_wdi_archive_listing,100f3ad8efef9483206306115876f972e1a117b8af1863a0e5ae27ffe8defd8e,2026-08-03T10:35:03Z,
WDI_2022_04_27,2022,04,https://datatopics.worldbank.org/world-development-indicators/wdi-archives.html,https://databank.worldbank.org/data/download/archive/WDI_excel_2022_04_27.zip,2022-04-27,,False,2022-04-28T00:00:00Z,True,True,wb_wdi_archive_listing,100f3ad8efef9483206306115876f972e1a117b8af1863a0e5ae27ffe8defd8e,2026-08-03T10:35:03Z,
WDI_2022_06_30,2022,06,https://datatopics.worldbank.org/world-development-indicators/wdi-archives.html,https://databank.worldbank.org/data/download/archive/WDI_excel_2022_06_30.zip,2022-06-30,,False,2022-07-01T00:00:00Z,True,True,wb_wdi_archive_listing,100f3ad8efef9483206306115876f972e1a117b8af1863a0e5ae27ffe8defd8e,2026-08-03T10:35:03Z,
WDI_2022_07_20,2022,07,https://datatopics.worldbank.org/world-development-indicators/wdi-archives.html,https://databank.worldbank.org/data/download/archive/WDI_excel_2022_07_20.zip,2022-07-20,,False,2022-07-21T00:00:00Z,True,True,wb_wdi_archive_listing,100f3ad8efef9483206306115876f972e1a117b8af1863a0e5ae27ffe8defd8e,2026-08-03T10:35:03Z,
WDI_2022_09_16,2022,09,https://datatopics.worldbank.org/world-development-indicators/wdi-archives.html,https://databank.worldbank.org/data/download/archive/WDI_excel_2022_09_16.zip,2022-09-16,,False,2022-09-17T00:00:00Z,True,True,wb_wdi_archive_listing,100f3ad8efef9483206306115876f972e1a117b8af1863a0e5ae27ffe8defd8e,2026-08-03T10:35:03Z,
WDI_2022_12_22,2022,12,https://datatopics.worldbank.org/world-development-indicators/wdi-archives.html,https://databank.worldbank.org/data/download/archive/WDI_excel_2022_12_22.zip,2022-12-22,,False,2022-12-23T00:00:00Z,True,True,wb_wdi_archive_listing,100f3ad8efef9483206306115876f972e1a117b8af1863a0e5ae27ffe8defd8e,2026-08-03T10:35:03Z,
WDI_2023_03_03,2023,03,https://datatopics.worldbank.org/world-development-indicators/wdi-archives.html,https://databank.worldbank.org/data/download/archive/WDI_excel_2023_03_03.zip,2023-03-03,,False,2023-03-04T00:00:00Z,True,True,wb_wdi_archive_listing,100f3ad8efef9483206306115876f972e1a117b8af1863a0e5ae27ffe8defd8e,2026-08-03T10:35:03Z,
WDI_2023_05_11,2023,05,https://datatopics.worldbank.org/world-development-indicators/wdi-archives.html,https://databank.worldbank.org/data/download/archive/WDI_excel_2023_05_11.zip,2023-05-11,,False,2023-05-12T00:00:00Z,True,True,wb_wdi_archive_listing,100f3ad8efef9483206306115876f972e1a117b8af1863a0e5ae27ffe8defd8e,2026-08-03T10:35:03Z,
WDI_2023_06_29,2023,06,https://datatopics.worldbank.org/world-development-indicators/wdi-archives.html,https://databank.worldbank.org/data/download/archive/WDI_excel_2023_06_29.zip,2023-06-29,,False,2023-06-30T00:00:00Z,True,True,wb_wdi_archive_listing,100f3ad8efef9483206306115876f972e1a117b8af1863a0e5ae27ffe8defd8e,2026-08-03T10:35:03Z,
WDI_2023_07_25,2023,07,https://datatopics.worldbank.org/world-development-indicators/wdi-archives.html,https://databank.worldbank.org/data/download/archive/WDI_excel_2023_07_25.zip,2023-07-25,,False,2023-07-26T00:00:00Z,True,True,wb_wdi_archive_listing,100f3ad8efef9483206306115876f972e1a117b8af1863a0e5ae27ffe8defd8e,2026-08-03T10:35:03Z,
WDI_2023_09_27,2023,09,https://datatopics.worldbank.org/world-development-indicators/wdi-archives.html,https://databank.worldbank.org/data/download/archive/WDI_excel_2023_09_27.zip,2023-09-27,,False,2023-09-28T00:00:00Z,True,True,wb_wdi_archive_listing,100f3ad8efef9483206306115876f972e1a117b8af1863a0e5ae27ffe8defd8e,2026-08-03T10:35:03Z,
WDI_2023_10_26,2023,10,https://datatopics.worldbank.org/world-development-indicators/wdi-archives.html,https://databank.worldbank.org/data/download/archive/WDI_excel_2023_10_26.zip,2023-10-26,,False,2023-10-27T00:00:00Z,True,True,wb_wdi_archive_listing,100f3ad8efef9483206306115876f972e1a117b8af1863a0e5ae27ffe8defd8e,2026-08-03T10:35:03Z,
WDI_2023_12_18,2023,12,https://datatopics.worldbank.org/world-development-indicators/wdi-archives.html,https://databank.worldbank.org/data/download/Archive/WDI_excel_2023_12_18.zip,2023-12-18,,False,2023-12-19T00:00:00Z,True,True,wb_wdi_archive_listing,100f3ad8efef9483206306115876f972e1a117b8af1863a0e5ae27ffe8defd8e,2026-08-03T10:35:03Z,
WDI_2024_02_22,2024,02,https://datatopics.worldbank.org/world-development-indicators/wdi-archives.html,https://databank.worldbank.org/data/download/Archive/WDI_excel_2024_02_22.zip,2024-02-22,,False,2024-02-23T00:00:00Z,True,True,wb_wdi_archive_listing,100f3ad8efef9483206306115876f972e1a117b8af1863a0e5ae27ffe8defd8e,2026-08-03T10:35:03Z,
WDI_2024_05_30,2024,05,https://datatopics.worldbank.org/world-development-indicators/wdi-archives.html,https://databank.worldbank.org/data/download/Archive/WDI_excel_2024_05_30.zip,2024-05-30,,False,2024-05-31T00:00:00Z,True,True,wb_wdi_archive_listing,100f3ad8efef9483206306115876f972e1a117b8af1863a0e5ae27ffe8defd8e,2026-08-03T10:35:03Z,
WDI_2024_07_01,2024,07,https://datatopics.worldbank.org/world-development-indicators/wdi-archives.html,https://databank.worldbank.org/data/download/Archive/WDI_excel_2024_07_01.zip,2024-07-01,,False,2024-07-02T00:00:00Z,True,True,wb_wdi_archive_listing,100f3ad8efef9483206306115876f972e1a117b8af1863a0e5ae27ffe8defd8e,2026-08-03T10:35:03Z,
WDI_2024_09_25,2024,09,https://datatopics.worldbank.org/world-development-indicators/wdi-archives.html,https://databank.worldbank.org/data/download/Archive/WDI_excel_2024_09_25.zip,2024-09-25,,False,2024-09-26T00:00:00Z,True,True,wb_wdi_archive_listing,100f3ad8efef9483206306115876f972e1a117b8af1863a0e5ae27ffe8defd8e,2026-08-03T10:35:03Z,
WDI_2024_10_24,2024,10,https://datatopics.worldbank.org/world-development-indicators/wdi-archives.html,https://databank.worldbank.org/data/download/Archive/WDI_excel_2024_10_24.zip,2024-10-24,,False,2024-10-25T00:00:00Z,True,True,wb_wdi_archive_listing,100f3ad8efef9483206306115876f972e1a117b8af1863a0e5ae27ffe8defd8e,2026-08-03T10:35:03Z,
WDI_2024_11_13,2024,11,https://datatopics.worldbank.org/world-development-indicators/wdi-archives.html,https://databank.worldbank.org/data/download/Archive/WDI_excel_2024_11_13.zip,2024-11-13,,False,2024-11-14T00:00:00Z,True,True,wb_wdi_archive_listing,100f3ad8efef9483206306115876f972e1a117b8af1863a0e5ae27ffe8defd8e,2026-08-03T10:35:03Z,
WDI_2024_12_16,2024,12,https://datatopics.worldbank.org/world-development-indicators/wdi-archives.html,https://databank.worldbank.org/data/download/Archive/WDI_excel_2024_12_16.zip,2024-12-16,,False,2024-12-17T00:00:00Z,True,True,wb_wdi_archive_listing,100f3ad8efef9483206306115876f972e1a117b8af1863a0e5ae27ffe8defd8e,2026-08-03T10:35:03Z,
WDI_2025_01_28,2025,01,https://datatopics.worldbank.org/world-development-indicators/wdi-archives.html,https://databank.worldbank.org/data/download/Archive/WDI_excel_2025_01_28.zip,2025-01-28,,False,2025-01-29T00:00:00Z,True,True,wb_wdi_archive_listing,100f3ad8efef9483206306115876f972e1a117b8af1863a0e5ae27ffe8defd8e,2026-08-03T10:35:03Z,
WDI_2025_03_25,2025,03,https://datatopics.worldbank.org/world-development-indicators/wdi-archives.html,https://databank.worldbank.org/data/download/Archive/WDI_excel_2025_03_25.zip,2025-03-25,,False,2025-03-26T00:00:00Z,True,True,wb_wdi_archive_listing,100f3ad8efef9483206306115876f972e1a117b8af1863a0e5ae27ffe8defd8e,2026-08-03T10:35:03Z,
WDI_2025_04_17,2025,04,https://datatopics.worldbank.org/world-development-indicators/wdi-archives.html,https://databank.worldbank.org/data/download/Archive/WDI_excel_2025_04_17.zip,2025-04-17,,False,2025-04-18T00:00:00Z,True,True,wb_wdi_archive_listing,100f3ad8efef9483206306115876f972e1a117b8af1863a0e5ae27ffe8defd8e,2026-08-03T10:35:03Z,
WDI_2025_06_05,2025,06,https://datatopics.worldbank.org/world-development-indicators/wdi-archives.html,https://databank.worldbank.org/data/download/Archive/WDI_excel_2025_06_05.zip,2025-06-05,,False,2025-06-06T00:00:00Z,True,True,wb_wdi_archive_listing,100f3ad8efef9483206306115876f972e1a117b8af1863a0e5ae27ffe8defd8e,2026-08-03T10:35:03Z,
WDI_2025_07_02,2025,07,https://datatopics.worldbank.org/world-development-indicators/wdi-archives.html,https://databank.worldbank.org/data/download/Archive/WDI_excel_2025_07_02.zip,2025-07-02,,False,2025-07-03T00:00:00Z,True,True,wb_wdi_archive_listing,100f3ad8efef9483206306115876f972e1a117b8af1863a0e5ae27ffe8defd8e,2026-08-03T10:35:03Z,
WDI_2025_10_08,2025,10,https://datatopics.worldbank.org/world-development-indicators/wdi-archives.html,https://databank.worldbank.org/data/download/Archive/WDI_excel_2025_10_08.zip,2025-10-08,,False,2025-10-09T00:00:00Z,True,True,wb_wdi_archive_listing,100f3ad8efef9483206306115876f972e1a117b8af1863a0e5ae27ffe8defd8e,2026-08-03T10:35:03Z,
WDI_2025_12_19,2025,12,https://datatopics.worldbank.org/world-development-indicators/wdi-archives.html,https://databank.worldbank.org/data/download/Archive/WDI_excel_2025_12_19.zip,2025-12-19,,False,2025-12-20T00:00:00Z,True,True,wb_wdi_archive_listing,100f3ad8efef9483206306115876f972e1a117b8af1863a0e5ae27ffe8defd8e,2026-08-03T10:35:03Z,
WDI_2026_01_29,2026,01,https://datatopics.worldbank.org/world-development-indicators/wdi-archives.html,https://databank.worldbank.org/data/download/Archive/WDI_excel_2026_01_29.zip,2026-01-29,,False,2026-01-30T00:00:00Z,True,True,wb_wdi_archive_listing,100f3ad8efef9483206306115876f972e1a117b8af1863a0e5ae27ffe8defd8e,2026-08-03T10:35:03Z,
WDI_2026_02_25,2026,02,https://datatopics.worldbank.org/world-development-indicators/wdi-archives.html,https://databank.worldbank.org/data/download/Archive/WDI_excel_2026_02_25.zip,2026-02-25,,False,2026-02-26T00:00:00Z,True,True,wb_wdi_archive_listing,100f3ad8efef9483206306115876f972e1a117b8af1863a0e5ae27ffe8defd8e,2026-08-03T10:35:03Z,
