file,case,row_key,source_relative_path,source_sha256,opinion,report_date,fiscal_year_end
01_html_no_auditor_report_اپال__1396.txt,html_no_auditor_report,اپال|1396,اپال.zip!اپال_۱۳۹۶_۱۰_۳۰_separate_ن-۱۰_صورت‌های مالی سال مالی منتهی به ۱۳۹۶_۱۰_۳۰ (حسابرسی شده).xlsx,f17825e1ca6e68ab6ee205fbbc3b354bf8a3ac0c8abcaf711fc33bef7992204b,UNVERIFIED,NOT_FOUND,1396/10/30
02_html_no_auditor_report_اپال__1397.txt,html_no_auditor_report,اپال|1397,اپال.zip!اپال_۱۳۹۷_۱۰_۳۰_separate_ن-۱۰_صورت‌های مالی سال مالی منتهی به ۱۳۹۷_۱۰_۳۰ (حسابرسی شده).xlsx,a3a59081bf4a58b49c417f0044be61cd64660b1c82a99d629480edc171d83f1f,UNVERIFIED,NOT_FOUND,1397/10/30
03_html_no_auditor_report_اپال__1398.txt,html_no_auditor_report,اپال|1398,اپال.zip!اپال_۱۳۹۸_۱۰_۳۰_separate_ن-۱۰_صورت‌های مالی سال مالی منتهی به ۱۳۹۸_۱۰_۳۰ (حسابرسی شده).xlsx,07a3ed181786874a661080efdc82791f3f428990c614b394e0012c02ba88aa2f,UNVERIFIED,NOT_FOUND,1398/10/30
04_qualified_بالبر__1393.txt,qualified,بالبر|1393,بالبر.zip!بالبر_۱۳۹۳_۰۶_۳۱_separate_ن-۱۰_صورتهای مالی سال مالی منتهی به ۱۳۹۳_۰۶_۳۱ (حسابرسی شده).xlsx,5fbcdbe018aa97d95ded66ad184e6aac6f83fb9cbd4ab6803ac62d316ae0c9c8,مشروط,1393/10/17,1393/06/31
05_qualified_بالبر__1394.txt,qualified,بالبر|1394,بالبر.zip!بالبر_۱۳۹۴_۰۶_۳۱_separate_ن-۱۰_صورت‌های مالی سال مالی منتهی به ۱۳۹۴_۰۶_۳۱ (حسابرسی شده).xlsx,4f9c3d102a9943bc58514eda5329f18520f71746e625b10415a58aa1242991fb,مشروط,1394/09/10,1394/06/31
06_qualified_بالبر__1395.txt,qualified,بالبر|1395,بالبر.zip!بالبر_۱۳۹۵_۰۶_۳۱_separate_ن-۱۰_صورت‌های مالی سال مالی منتهی به ۱۳۹۵_۰۶_۳۱ (حسابرسی شده).xlsx,4d35cc5ececc968c889ac6122abdf593fc07d20fc5b99b21744f4f9843ec603c,مشروط,1395/09/21,1395/06/31
07_qualified_بالبر__1396.txt,qualified,بالبر|1396,بالبر.zip!بالبر_۱۳۹۶_۰۶_۳۱_separate_ن-۱۰_صورت‌های مالی سال مالی منتهی به ۱۳۹۶_۰۶_۳۱ (حسابرسی شده).xlsx,4706205c382cb88fb8b4e80459a352683561cb25d8202bc9865e74cba339d379,مشروط,1396/10/02,1396/06/31
08_correction_valid_بالبر__1399.txt,correction_valid,بالبر|1399,بالبر.zip!بالبر_۱۳۹۹_۰۶_۳۱_separate_ن-۱۰_صورت‌های مالی سال مالی منتهی به ۱۳۹۹_۰۶_۳۱ (حسابرسی شده)(اصلاحیه).xlsx,0d891ebda4bfca1b51ab8541fb04ed12bad842286b5b21c2cda7a5f5646e2edf,UNVERIFIED,NOT_FOUND,1399/06/31
09_unqualified_بترانس__1393.txt,unqualified,بترانس|1393,بترانس.zip!بترانس_۱۳۹۳_۱۲_۲۹_separate_ن-۱۰_صورتهای مالی سال مالی منتهی به ۱۳۹۳_۱۲_۲۹ (حسابرسی شده).xlsx,8518139b111dc5005ab347933a026fd3a3f4ca0062d4f9ab6488ff4e8d6dbdd0,مقبول,1394/03/24,1393/12/29
10_unqualified_برکت__1394.txt,unqualified,برکت|1394,بركت.zip!بركت_۱۳۹۴_۱۲_۲۹_separate_ن-۱۰_صورت‌های مالی سال مالی منتهی به ۱۳۹۴_۱۲_۲۹ (حسابرسی شده).xlsx,aca0cabfdc4b253e530746690fc0e16441b5bb9ab144879cc780d355b5bd5206,مقبول,1395/03/25,1394/12/29
11_unqualified_برکت__1395.txt,unqualified,برکت|1395,بركت.zip!بركت_۱۳۹۵_۱۲_۳۰_separate_ن-۱۰_صورت‌های مالی سال مالی منتهی به ۱۳۹۵_۱۲_۳۰ (حسابرسی شده).xlsx,ee9b46579e1a8da4259785671b6f5feb2d8379af56d0e83c3506f556b9e11b37,مقبول,1396/04/01,1395/12/30
12_unqualified_برکت__1396.txt,unqualified,برکت|1396,بركت.zip!بركت_۱۳۹۶_۱۲_۲۹_separate_ن-۱۰_صورت‌های مالی سال مالی منتهی به ۱۳۹۶_۱۲_۲۹ (حسابرسی شده).xlsx,944851f9bf477028d36d52ed333afdad6b70087634ae97b7de09eeefdf6fc6b7,مقبول,1397/04/09,1396/12/29
13_disclaimer_in_archive_outside_canonical_بکاب__1392.txt,disclaimer_in_archive_outside_canonical,بکاب|1392,بكاب.zip!بكاب_۱۳۹۲_۰۶_۳۱_separate_ن-۱۰_صورتهای مالی سال مالی منتهی به ۱۳۹۲_۰۶_۳۱ (حسابرسی شده).xlsx,559f43a1f292b05847b5f637a001a6aedc083eff5cb33a0f0e26bb2119d9adc9,عدم اظهارنظر,1392/11/18,1392/06/31
14_correction_valid_بکاب__1397.txt,correction_valid,بکاب|1397,بكاب.zip!بكاب_۱۳۹۷_۰۶_۳۱_separate_ن-۱۰_صورت‌های مالی سال مالی منتهی به ۱۳۹۷_۰۶_۳۱ (حسابرسی شده)(اصلاحیه).xlsx,e686beecc5ab31d9550cbd60762e9ca72950e24b00ed04775d26bc8f62922a7d,UNVERIFIED,NOT_FOUND,1397/06/31
15_named_case_original_خوساز__1396.txt,named_case_original,خوساز|1396,خوساز.zip!خوساز_۱۳۹۶_۱۲_۲۹_separate_ن-۱۰_صورت‌های مالی سال مالی منتهی به ۱۳۹۶_۱۲_۲۹ (حسابرسی شده).xlsx,f1b60b408bfd1b0d9d02d45bd8e6db49a917a120f79a38b34e80a81bea1fb8ea,مشروط,1397/03/01,1396/12/29
16_named_case_original_سآبیک__1392.txt,named_case_original,سآبیک|1392,سآبيك.zip!سآبيك_۱۳۹۲_۱۲_۲۹_separate_ن-۱۰_صورتهای مالی سال مالی منتهی به ۱۳۹۲_۱۲_۲۹ (حسابرسی شده).xlsx,d2985360e6577b8d0e77f8c4a7669852c93422164019897fa395d3e16caada9c,UNVERIFIED,1393/04/07,1392/12/29
17_named_case_original_سخوز__1392.txt,named_case_original,سخوز|1392,سخوز.zip!سخوز_۱۳۹۲_۱۲_۲۹_separate_ن-۱۰_صورتهای مالی سال مالی منتهی به ۱۳۹۲_۱۲_۲۹ (حسابرسی شده).xlsx,130b0763084bb4c99cf31fc17b86ccc5ca8178ff93520fa550592958aeb26b47,مشروط,1393/02/20,1392/12/29
18_named_case_correction_سخوز__1392.txt,named_case_correction,سخوز|1392,سخوز.zip!سخوز_۱۳۹۲_۱۲_۲۹_separate_ن-۱۰_صورتهای مالی سال مالی منتهی به ۱۳۹۲_۱۲_۲۹ (حسابرسی شده)(اصلاحیه).xlsx,b365567569209a5c278de1b1cd8932bc041261ec58ce36764e9e7c3807e7f579,UNVERIFIED,1393/02/20,1392/12/29
19_named_case_original_سقاین__1393.txt,named_case_original,سقاین|1393,سقاين.zip!سقاين_۱۳۹۳_۱۲_۲۹_separate_ن-۱۰_صورتهای مالی سال مالی منتهی به ۱۳۹۳_۱۲_۲۹ (حسابرسی شده).xlsx,a66c1d3459ee1b079fbb9a3c0fd20a7c1f0a056e69015b48c00872d9721e3ba8,UNVERIFIED,1394/02/14,1393/12/29
20_named_case_correction_سقاین__1393.txt,named_case_correction,سقاین|1393,سقاين.zip!سقاين_۱۳۹۳_۱۲_۲۹_separate_ن-۱۰_صورتهای مالی سال مالی منتهی به ۱۳۹۳_۱۲_۲۹ (حسابرسی شده)(اصلاحیه).xlsx,e7dc4ad4603511d948f893067ba55401a5898d0bb40ccf8c3b38d95788c7917e,مشروط,1394/02/22,1393/12/29
21_named_case_original_فنورد__1400.txt,named_case_original,فنورد|1400,فنورد.zip!فنورد_۱۴۰۰_۱۲_۲۹_separate_ن-۱۰_صورت‌های مالی سال مالی منتهی به ۱۴۰۰_۱۲_۲۹ (حسابرسی شده).xlsx,d2dd81c6ad20e61e489889efbda57507c72e02913905c0cc32087bd2f3703ce3,UNVERIFIED,NOT_FOUND,1400/12/29
22_named_case_correction_فنورد__1400.txt,named_case_correction,فنورد|1400,فنورد.zip!فنورد_۱۴۰۰_۱۲_۲۹_separate_ن-۱۰_صورت‌های مالی سال مالی منتهی به ۱۴۰۰_۱۲_۲۹ (حسابرسی شده)(اصلاحیه).xlsx,64c184b37ee4767f97ee207cd261c0c9d0dc17e2486ca4ef4c860c40e679b478,UNVERIFIED,NOT_FOUND,NOT_FOUND
